id,prompt,correct,trial1,trial2,trial3,raw_trial1,raw_trial2,raw_trial3
0,"Which of the following statements accurately describes the impact of Modified Newtonian Dynamics (MOND) on the observed ""missing baryonic mass"" discrepancy in galaxy clusters?",D,D,D,D,"{
  ""reasoning"": ""The background explicitly states that MOND reduces the discrepancy between velocity dispersions and the observed missing baryonic mass in galaxy clusters from a factor of around 10 to a factor of about 2, but does not fully eliminate it. This directly matches one of the provided options."",
  ""answer"": ""D""
}","{
  ""reasoning"": ""The background text explicitly states that MOND reduces the discrepancy between velocity dispersions and clusters' observed missing baryonic mass from a factor of around 10 to a factor of about 2, but does not fully eliminate it. This directly matches one of the provided options."",
  ""answer"": ""D""
}","{
  ""reasoning"": ""The question asks about MOND's impact on the 'missing baryonic mass' discrepancy in galaxy clusters. According to the background, MOND reduces the discrepancy from a factor of about 10 to about 2, but does not fully eliminate it, leaving a residual gap."",
  ""answer"": ""D""
}"
1,Which of the following is an accurate definition of dynamic scaling in self-similar systems?,A,A,A,A,"{
  ""reasoning"": ""Dynamic scaling in self-similar systems involves evolution over time, and the key property is that data at different times are similar when appropriately rescaled. The background explicitly states that dynamic scaling is a litmus test for self-similarity in evolving systems, with a functional form f(x,t) ∼ t^θ φ(x/t^z), implying similarity across times under scaling."",
  ""answer"": ""A""
}","{
  ""reasoning"": ""The background defines dynamic scaling as a test for self-similarity in evolving systems, expressed mathematically as f(x,t) ∼ t^θ φ(x/t^z). This implies the system evolves over time, but snapshots at different times are similar when rescaled appropriately."",
  ""answer"": ""A""
}","{
  ""reasoning"": ""The background explicitly defines dynamic scaling as a test for self-similarity in an evolving system, characterized by a scaling function f(x,t) ~ t^θ φ(x/t^z). This implies evolution over time and similarity of data across different times when appropriately scaled. Option A correctly captures evolution and similarity with a time-dependent stochastic variable."",
  ""answer"": ""A""
}"
2,Which of the following statements accurately describes the origin and significance of the triskeles symbol?,A,A,A,A,"{
  ""reasoning"": ""The question asks about the origin and significance of the triskeles symbol, specifically the version with three human legs. The background states that the triskeles was adopted as an emblem by the rulers of Syracuse, possibly related to Sicily's Greek name Trinacria ('having three headlands'), and the Sicilian version features Medusa's head at the center."",
  ""answer"": ""A""
}","{
  ""reasoning"": ""The question asks for an accurate description of the origin and significance of the triskeles symbol based on the background. The background states that the triskeles proper (three human legs) was adopted as an emblem by the rulers of Syracuse, its usage may be related to the Greek name for Sicily (Trinacria, meaning 'having three headlands'), and the Sicilian version features the head of Medusa at the center."",
  ""answer"": ""A""
}","{
  ""reasoning"": ""The question asks for an accurate description of the origin and significance of the triskeles symbol based on the background. The background states that the triskeles proper (three human legs) was adopted as an emblem by the rulers of Syracuse, possibly related to the Greek name for Sicily, Trinacria ('having three headlands'), and that the Sicilian version includes the head of Medusa at the center."",
  ""answer"": ""A""
}"
3,What is the significance of regularization in terms of renormalization problems in physics?,C,A,A,A,"{
  ""reasoning"": ""The background states that regularization addresses breakdowns at small scales by introducing new physical constraints, such as assuming a finite electron radius to avoid infinite mass-energy. This helps manage infinities or singularities in calculations, making explanations possible where the theory would otherwise fail."",
  ""answer"": ""A""
}","{
  ""reasoning"": ""The background explains that regularization addresses breakdowns at small scales by imposing physical constraints, like assuming a finite electron radius to avoid infinite mass-energy. This approach resolves singularities and can be applied to other renormalization problems."",
  ""answer"": ""A""
}","{
  ""reasoning"": ""The background explains that regularization addresses breakdowns of theories at small scales by imposing physical constraints, like assuming a finite electron radius to avoid infinite mass-energy. This approach resolves infinities or singularities that arise in calculations, making explanations possible where they would otherwise fail. It is also noted that similar regularization arguments work in other renormalization problems."",
  ""answer"": ""A""
}"
4,Which of the following statements accurately describes the relationship between the dimensions of a diffracting object and the angular spacing of features in the diffraction pattern?,D,D,D,D,"{
  ""reasoning"": ""The background explicitly states that the angular spacing of features in a diffraction pattern is inversely proportional to the dimensions of the diffracting object. This means a smaller object produces a wider pattern, and a larger object produces a narrower pattern."",
  ""answer"": ""D""
}","{
  ""reasoning"": ""The background explicitly states that the angular spacing of diffraction features is inversely proportional to the dimensions of the diffracting object, and that a smaller object produces a wider diffraction pattern. This matches the description in option D."",
  ""answer"": ""D""
}","{
  ""reasoning"": ""The background explicitly states: 'The angular spacing of the features in the diffraction pattern is inversely proportional to the dimensions of the object causing the diffraction. In other words: the smaller the diffracting object, the wider the resulting diffraction pattern, and vice versa.' This directly matches one of the options."",
  ""answer"": ""D""
}"
5,"Which of the following statements accurately depicts the relationship between Gauss's law, electric flux, electric field, and symmetry in electric fields?",B,B,B,B,"{
  ""reasoning"": ""The question asks about the relationship between Gauss's law, electric flux, electric field, and symmetry. From the background: Gauss's law holds for any closed surface (not only symmetric ones), but symmetry makes it useful for calculating E; flux depends only on enclosed charge, while E depends on all charges; and electric flux in SI base units is volt·meter = kg·m³·s⁻³·A⁻¹."",
  ""answer"": ""B""
}","{
  ""reasoning"": ""The question asks about the relationship between Gauss's law, electric flux, electric field, and symmetry. Gauss's law is universally valid, but symmetry simplifies its application for calculating fields. Electric flux depends only on enclosed charge, while the electric field at a point can be affected by all charges."",
  ""answer"": ""B""
}","{
  ""reasoning"": ""Gauss's law is universally valid for any closed surface, but its utility in calculating electric fields is greatest when symmetry allows the field to be taken outside the flux integral. The net electric flux depends only on enclosed charge, while the electric field at a point can be influenced by all charges. The SI base units of electric flux are volt·meters, which in base units are kg·m³·s⁻³·A⁻¹."",
  ""answer"": ""B""
}"
6,Which of the following statements accurately describes the dimension of an object in a CW complex?,A,A,A,A,"{
  ""reasoning"": ""The question asks about the standard definition of dimension in a CW complex. In CW complexes, the dimension is defined as the highest dimension of any cell, which corresponds to the largest n for which the n-skeleton is nontrivial. The empty set is conventionally assigned dimension -1 in topology, and the boundary of a 0-dimensional set (discrete points) is empty, hence dimension -1."",
  ""answer"": ""A""
}","{
  ""reasoning"": ""The question asks about the dimension of an object in a CW complex. In standard CW complex theory, the dimension is defined as the highest dimension of its cells, and the empty set is conventionally assigned dimension -1. The n-skeleton is the union of all cells of dimension ≤ n, so the dimension is the largest n such that the n-skeleton is nontrivial."",
  ""answer"": ""A""
}","{
  ""reasoning"": ""The background explains that a CW complex is built by attaching cells of increasing dimension, with the n-skeleton being the union of all cells of dimension ≤ n. The dimension of the CW complex is the largest n such that there is at least one n-cell, which aligns with option A's description. The empty set is conventionally assigned dimension -1 in topology, and the boundary of a 0-dimensional set (discrete points) is empty."",
  ""answer"": ""A""
}"
7,Which of the following statements accurately describes the blocking temperature of an antiferromagnetic layer in a spin valve?,D,D,D,D,"{
  ""reasoning"": ""The background defines blocking temperature as the temperature below which a system becomes 'blocked against thermal agitation,' preserving magnetic history. For a spin valve, the antiferromagnetic layer pins the magnetization of an adjacent ferromagnetic layer below this temperature, and this occurs below the Néel temperature (the ordering temperature of the antiferromagnet)."",
  ""answer"": ""D""
}","{
  ""reasoning"": ""The background explains blocking temperature as the temperature below which a system becomes 'blocked against thermal agitation,' allowing remnant magnetization. For an antiferromagnetic layer in a spin valve, the blocking temperature is where it can no longer pin the adjacent ferromagnetic layer due to thermal energy, and it must be below the Néel temperature (where antiferromagnetic order vanishes)."",
  ""answer"": ""D""
}","{
  ""reasoning"": ""The background describes blocking temperature as the temperature below which a system becomes 'blocked against thermal agitation,' preserving magnetic history. For an antiferromagnetic layer in a spin valve, this is the temperature below which it can effectively pin an adjacent ferromagnetic layer's magnetization, and it is typically lower than the Néel temperature (the ordering temperature of the antiferromagnet)."",
  ""answer"": ""D""
}"
8,What is the term used in astrophysics to describe light-matter interactions resulting in energy shifts in the radiation field?,C,C,C,C,"{
  ""reasoning"": ""The question asks for a term describing light-matter interactions that cause energy shifts in the radiation field. While Doppler shifts (redshift/blueshift) arise from motion, 'reddening' specifically refers to the wavelength-dependent scattering and absorption by interstellar dust, which shifts light toward longer wavelengths (lower energy) without changing its intrinsic spectral lines."",
  ""answer"": ""C""
}","{
  ""reasoning"": ""The question asks for the astrophysics term describing light-matter interactions that cause energy shifts in the radiation field. While Doppler shifts (redshift/blueshift) arise from motion, the background mentions interactions like Thomson scattering and extinction, where scattering by dust and gas preferentially removes shorter wavelengths, shifting the overall spectrum to longer wavelengths—termed 'reddening' in astrophysics."",
  ""answer"": ""C""
}","{
  ""reasoning"": ""The question asks for the term describing light-matter interactions that cause energy shifts in the radiation field. While 'blueshifting' and 'redshifting' refer to Doppler shifts from motion, 'reddening' specifically refers to the scattering and absorption of light by interstellar dust, which preferentially removes shorter wavelengths and shifts the overall spectrum to longer wavelengths without changing emission lines."",
  ""answer"": ""C""
}"
9,What is the role of axioms in a formal theory?,A,A,A,A,"{
  ""reasoning"": ""The background describes axioms as foundational statements from which theorems are derived using inference rules. They are not supplementary, redundant, experimental, or solely for proving truth irrespective of reality, but rather the core starting points of a formal theory."",
  ""answer"": ""A""
}","{
  ""reasoning"": ""The background defines axioms as foundational statements from which theorems are derived using inference rules. A formal theory consists of these axioms and their deductive consequences, forming a consistent body of knowledge."",
  ""answer"": ""A""
}","{
  ""reasoning"": ""The background emphasizes that axioms are the foundational statements from which all theorems of a theory are derived using inference rules. They are not supplementary, redundant, or meant for experimental validation, but serve as the starting basis for logical deduction within the formal system."",
  ""answer"": ""A""
}"
10,What did Fresnel predict and verify with regards to total internal reflections?,E,E,E,D,"{
  ""reasoning"": ""The question asks about a specific historical experiment by Fresnel on total internal reflection and circular polarization. Among the options, only E describes a known Fresnel experiment using four total internal reflections at 68°27' with alternating water/air interfaces to achieve circular polarization, which matches documented physics history."",
  ""answer"": ""E""
}","{
  ""reasoning"": ""The question asks about a specific historical optics experiment by Fresnel involving total internal reflections to produce circular polarization. The correct option must match known experimental details: Fresnel used two reflections with water and two with air at a specific angle to achieve circular polarization, which is a classic demonstration of phase shift differences between s- and p-polarizations."",
  ""answer"": ""E""
}","{
  ""reasoning"": ""The question asks about a specific historical experiment by Fresnel on total internal reflection producing circular polarization. The correct option must match known physics history: Fresnel used a rhomb with two internal reflections at a specific angle to produce circular polarization, but here the options describe combinations of water/air interfaces. The only option consistent with historical accounts is the one describing two total internal reflections at 68°27' with one water and one air interface to achieve circular polarization."",
  ""answer"": ""D""
}"
11,What is the relationship between the Wigner function and the density matrix operator?,A,A,A,A,"{
  ""reasoning"": ""The background states that the Wigner transformation is the Fourier transform of the antidiagonals of the density matrix in position basis, and that the Wigner function can be regarded as the density matrix re-expressed in phase-space terms. This directly matches option A, which describes the Wigner function as the Wigner transform of the density matrix operator and links operator traces to phase-space integrals."",
  ""answer"": ""A""
}","{
  ""reasoning"": ""The background states that the Wigner function is obtained via the Wigner–Weyl transform of the density matrix operator. It also mentions that the Wigner function is equivalent to the density matrix re-expressed in terms of mean position and momentum, and that the trace of an operator with the density matrix corresponds to a phase-space integral involving the Wigner function."",
  ""answer"": ""A""
}","{
  ""reasoning"": ""The background states that the Wigner transformation is the Fourier transform of the antidiagonals of the density matrix in position basis, and that it is an invertible mapping between phase-space functions and Hilbert space operators. This directly matches the description in option A, where the Wigner function is the Wigner transform of the density matrix operator, and traces correspond to phase-space integrals."",
  ""answer"": ""A""
}"
12,What is one of the examples of the models proposed by cosmologists and theoretical physicists without the cosmological or Copernican principles that can be used to address specific issues in the Lambda-CDM model and distinguish between current models and other possible models?,C,C,C,C,"{
  ""reasoning"": ""The question asks for a model that does not assume the cosmological or Copernican principles and can address issues in Lambda-CDM. Inhomogeneous cosmology, such as a large void model, explicitly violates the Copernican principle by placing the observer in a special location, and it is proposed as an alternative to dark energy for explaining cosmic acceleration."",
  ""answer"": ""C""
}","{
  ""reasoning"": ""The question asks for a model that does not assume the cosmological or Copernican principles, addresses issues in Lambda-CDM, and helps distinguish between models. Inhomogeneous cosmology, such as a large void model, fits this description because it replaces dark energy with a void (contradicting the Copernican principle) and matches observations like cosmic acceleration."",
  ""answer"": ""C""
}","{
  ""reasoning"": ""The question asks for a model that does not assume the cosmological or Copernican principle, addresses issues in Lambda-CDM, and helps distinguish between models. The background mentions alternatives like inhomogeneous cosmologies (e.g., a large void) that can explain cosmic acceleration without dark energy but contradict the Copernican principle."",
  ""answer"": ""C""
}"
13,What is the Roche limit?,D,E,E,E,"{
  ""reasoning"": ""The background states the Roche limit is the distance at which an object held together only by gravity begins to break up due to tidal forces. Among the options, only E correctly captures this definition, including the dependence on density, composition, and planetary mass/size."",
  ""answer"": ""E""
}","{
  ""reasoning"": ""The background defines the Roche limit as the distance at which an object held together only by gravity begins to break up due to tidal forces. Among the options, only E accurately captures this definition, including the dependence on density, composition, and planetary characteristics."",
  ""answer"": ""E""
}","{
  ""reasoning"": ""The question asks for the definition of the Roche limit, which is distinct from the Roche lobe or Roche sphere. The background explicitly states that the Roche limit is the distance at which an object held together only by gravity begins to break up due to tidal forces from a nearby massive body."",
  ""answer"": ""E""
}"
14,What is Martin Heidegger's view on the relationship between time and human existence?,B,B,B,B,"{
  ""reasoning"": ""The background states that Heidegger argues we do not exist inside time, we are time. It describes the past as a present awareness of having been, and the future as anticipating possibilities. This directly matches option B."",
  ""answer"": ""B""
}","{
  ""reasoning"": ""The background explicitly states that according to Heidegger, 'we do not exist inside time, we are time.' It also describes the past as a present awareness of having been, and the future as anticipation of possibilities, which aligns with Heidegger's existential analysis of temporality."",
  ""answer"": ""B""
}","{
  ""reasoning"": ""The background explicitly states Heidegger's view that 'we do not exist inside time, we are time,' and describes the past as a present awareness of having been and the future as anticipation of possibility. This directly matches option B's phrasing."",
  ""answer"": ""B""
}"
15,"What is the ""ultraviolet catastrophe""?",B,D,D,D,"{
  ""reasoning"": ""The ultraviolet catastrophe refers to a historical problem in classical physics where the Rayleigh-Jeans law predicted infinite energy radiation at high frequencies (short wavelengths), which contradicted experimental observations. This flaw was resolved by Planck's quantum theory, which correctly described blackbody radiation."",
  ""answer"": ""D""
}","{
  ""reasoning"": ""The 'ultraviolet catastrophe' refers to a historical problem in classical physics where the Rayleigh-Jeans law predicted infinite energy radiation at high frequencies (ultraviolet range), which contradicted experimental observations. This flaw was resolved by Planck's quantum theory, which correctly described blackbody radiation."",
  ""answer"": ""D""
}","{
  ""reasoning"": ""The ultraviolet catastrophe refers to the failure of classical physics to correctly predict the spectral energy distribution of blackbody radiation at high frequencies (short wavelengths). It was resolved by Planck's quantum theory, which introduced quantized energy levels."",
  ""answer"": ""D""
}"
16,What is the most popular explanation for the shower-curtain effect?,E,E,E,E,"{
  ""reasoning"": ""The background states that 'the most popular explanation given for the shower-curtain effect is Bernoulli's principle,' which describes how increased air velocity inside the shower lowers pressure, creating a pressure differential that pulls the curtain inward."",
  ""answer"": ""E""
}","{
  ""reasoning"": ""The background explicitly states that the most popular explanation for the shower-curtain effect is Bernoulli's principle, which involves air moving across the inside surface of the curtain, reducing pressure and creating a differential that pulls the curtain inward."",
  ""answer"": ""E""
}","{
  ""reasoning"": ""The background explicitly states that the most popular explanation is the Bernoulli effect hypothesis, which invokes Bernoulli's principle. This principle describes how increased air velocity leads to decreased pressure, causing a pressure differential that pulls the curtain inward."",
  ""answer"": ""E""
}"
17,What is the butterfly effect?,E,E,E,E,"{
  ""reasoning"": ""The question asks for the definition of the butterfly effect as understood in chaos theory. The background describes it as a phenomenon in nonlinear dynamical systems where small changes in initial conditions can lead to large differences in outcomes, which relates to distributed causality and challenges classical predictability."",
  ""answer"": ""E""
}","{
  ""reasoning"": ""The question asks for the definition of the butterfly effect as understood in chaos theory. The background emphasizes that it is about sensitive dependence on initial conditions in nonlinear systems, leading to large, unpredictable outcomes over time. Among the options, only one describes a distributed causality linked to nonlinear dynamics rather than classical physics."",
  ""answer"": ""E""
}","{
  ""reasoning"": ""The question asks for the definition of the butterfly effect as understood in chaos theory. The background emphasizes it as a concept of sensitive dependence on initial conditions in nonlinear systems, leading to large-scale unpredictable outcomes over time, and mentions its connection to distributed causality."",
  ""answer"": ""E""
}"
18,What is the 'reactive Leidenfrost effect' observed in non-volatile materials?,A,A,A,A,"{
  ""reasoning"": ""The Leidenfrost effect typically involves a vapor layer forming under a liquid droplet on a hot surface, causing levitation. The 'reactive Leidenfrost effect' extends this to solid particles, which would similarly float and move erratically due to outgassing or sublimation, but in non-volatile materials this behavior is unexpected and notable."",
  ""answer"": ""A""
}","{
  ""reasoning"": ""The question asks about the 'reactive Leidenfrost effect' in non-volatile materials. The Leidenfrost effect typically involves a vapor layer causing levitation above a hot surface, and the 'reactive' variant likely extends this to solid particles. Given the context, non-volatile materials would not evaporate readily, but the effect could still cause floating and erratic movement on a hot surface due to gas generation or other reactions."",
  ""answer"": ""A""
}","{
  ""reasoning"": ""The Leidenfrost effect typically involves a vapor layer forming beneath a liquid droplet on a hot surface, causing it to levitate. The 'reactive Leidenfrost effect' extends this concept to solid particles, where non-volatile materials can also levitate and move erratically on a hot surface due to outgassing or chemical reactions creating a cushioning gas layer."",
  ""answer"": ""A""
}"
19,What is reciprocal length or inverse length?,E,E,E,E,"{
  ""reasoning"": ""The question asks for the definition of reciprocal length or inverse length. The background explicitly states that reciprocal length is the reciprocal of length, not time, area, mass, or interest rate. It also lists the units as reciprocal metre (m⁻¹) and reciprocal centimetre (cm⁻¹)."",
  ""answer"": ""E""
}","{
  ""reasoning"": ""The question asks for the definition of reciprocal length or inverse length. The background context explicitly states that reciprocal length is the reciprocal of length, with units like m⁻¹ and cm⁻¹, and that it is used in several branches of science and mathematics. This directly matches option E."",
  ""answer"": ""E""
}","{
  ""reasoning"": ""The background explicitly defines reciprocal length as the reciprocal of length, used in various scientific and mathematical fields. The correct units mentioned are reciprocal metre (m⁻¹) and reciprocal centimetre (cm⁻¹), which directly matches option E."",
  ""answer"": ""E""
}"
20,Which of the following statements is true about the categorization of planetary systems according to their orbital dynamics?,D,D,D,D,"{
  ""reasoning"": ""The background discusses orbital dynamics in multi-planet systems, including resonant interactions and hierarchical arrangements (e.g., hot Jupiter migration via slingshot models). While the text does not explicitly list categories, it implies that planetary systems can exhibit different dynamical architectures, such as resonant, interacting, or hierarchical structures, which are common classifications in orbital dynamics literature."",
  ""answer"": ""D""
}","{
  ""reasoning"": ""The background discusses multiple-planet systems and orbital dynamics, including perturbations and stability analysis. While it does not explicitly list categories, it is a known fact in astronomy that planetary systems are classified by their orbital architectures, including resonant, non-resonant-interacting, and hierarchical configurations. The correct statement should reflect these established dynamical categories without unnecessary restrictions."",
  ""answer"": ""D""
}","{
  ""reasoning"": ""The background text discusses orbital dynamics in multiple-planet systems, including orbital stability analysis and gravitational perturbations, but does not explicitly list categories. However, general knowledge of planetary dynamics indicates that systems are often classified by their orbital architecture, such as resonant (planets in integer period ratios), non-resonant-interacting (planets gravitationally interacting but not in resonance), and hierarchical (widely separated orbits with minimal interaction). The number of planets is not the sole criterion, so the most comprehensive correct option is D."",
  ""answer"": ""D""
}"
21,What is the propagation constant in sinusoidal waves?,D,E,E,E,"{
  ""reasoning"": ""The background states that the propagation constant measures the change in amplitude and phase per unit length as a sinusoidal wave propagates. It is dimensionless and generally a complex number (with real part for attenuation, imaginary part for phase shift), and for a uniform medium it is constant with distance."",
  ""answer"": ""E""
}","{
  ""reasoning"": ""The background states that the propagation constant measures the change per unit length in amplitude and phase of a sinusoidal wave as it propagates. It is generally a complex number (with real part for attenuation and imaginary part for phase shift) and is a property of the medium, so it remains constant with distance for a given frequency and medium."",
  ""answer"": ""E""
}","{
  ""reasoning"": ""The background states that the propagation constant measures the change in amplitude and phase per unit length, is dimensionless, and can become imaginary in certain conditions (e.g., below cutoff frequency). In sinusoidal waves, it is generally a complex number (with real part for attenuation, imaginary part for phase shift) that is constant for a given frequency and medium, not varying with distance."",
  ""answer"": ""E""
}"
22,What is the gravitomagnetic interaction?,C,C,C,C,"{
  ""reasoning"": ""The background describes gravitomagnetism as an effect predicted by general relativity in the weak-field limit, analogous to magnetism in electromagnetism, arising from rotating mass-energy (e.g., spinning massive bodies). It is not a new fundamental force but a component of gravity from rotating matter, with strength proportional to angular momentum."",
  ""answer"": ""C""
}","{
  ""reasoning"": ""The background describes gravitomagnetic effects as arising from rotating mass-energy (mass currents) in the weak-field limit of general relativity, analogous to magnetism in electromagnetism. This matches an interaction generated by rotating matter with intensity proportional to spin, as predicted by general relativity."",
  ""answer"": ""C""
}","{
  ""reasoning"": ""The background describes gravitomagnetism as an effect predicted by general relativity in the weak-field limit, analogous to magnetism in electromagnetism, arising from rotating mass-energy (like spinning matter). It is not a new fundamental force but a component of gravity, and its strength depends on the angular momentum (spin rate) of the source."",
  ""answer"": ""C""
}"
23,What did Newton's manuscripts of the 1660s show?,C,C,C,C,"{
  ""reasoning"": ""The background states that Newton's manuscripts from the 1660s show he was combining tangential and radial displacements (i.e., tangential motion and radially directed force) in his computations, and that he clearly expressed the concept of linear inertia during that period, crediting Descartes' 1644 work."",
  ""answer"": ""C""
}","{
  ""reasoning"": ""The background states that Newton's 1660s manuscripts show he was combining tangential and radial displacements to analyze planetary motion and had deduced the inverse-square relation for centrifugal force by 1669. It also explicitly says Newton expressed the concept of linear inertia in the 1660s and was indebted to Descartes' 1644 work for it."",
  ""answer"": ""C""
}","{
  ""reasoning"": ""The background states that Newton's manuscripts from the 1660s show he combined tangential and radial displacements in his computations and proofs, and that he clearly expressed the concept of linear inertia, crediting Descartes' 1644 work."",
  ""answer"": ""C""
}"
24,What is the decay energy for the free neutron decay process?,E,E,E,E,"{
  ""reasoning"": ""The background states that for a neutron to decay into a proton, the energy must exceed the mass difference between neutron and proton, which is given as 0.782343 MeV. This value corresponds to the minimum decay energy for the free neutron decay process."",
  ""answer"": ""E""
}","{
  ""reasoning"": ""The background mentions that if a neutron turns into a proton and the energy of the decay is less than 0.782343 MeV, the binding energy per nucleon can decrease. This value corresponds to the mass difference between a neutron and a proton (plus electron) times c², which is the Q-value for free neutron decay. Among the options, 0.782343 MeV matches this precisely."",
  ""answer"": ""E""
}","{
  ""reasoning"": ""The background mentions that if a neutron turns into a proton and the decay energy is less than 0.782343 MeV, the binding energy per nucleon can decrease. This value corresponds to the mass difference between a neutron and a proton (plus electron) multiplied by c², which is the Q-value for free neutron decay. Among the options, 0.782343 MeV matches this exactly."",
  ""answer"": ""E""
}"
25,What is Hesse's principle of transfer in geometry?,E,E,E,E,"{
  ""reasoning"": ""The background mentions 'Hasse' (not Hesse) and discusses transfer in geometry, algebra, and differential geometry. Among the options, only E describes a geometric principle involving projective transformations and rational normal curves, which aligns with the mathematical context of transfer principles in geometry."",
  ""answer"": ""E""
}","{
  ""reasoning"": ""The background mentions the name 'transfer' translates the German 'Verlagerung' coined by Helmut Hasse, and discusses transfer in geometric contexts like projective geometry and group actions. Among the options, only E describes a geometric principle involving projective transformations and curves, aligning with the mathematical context provided."",
  ""answer"": ""E""
}","{
  ""reasoning"": ""The background mentions the name 'transfer' translating the German 'Verlagerung' coined by Helmut Hasse, and discusses geometric concepts like projective transformations and rational normal curves. Among the options, only E directly refers to a geometric principle involving projective geometry and transformations, aligning with the context."",
  ""answer"": ""E""
}"
26,What is the relationship between the Cauchy momentum equation and the Navier-Stokes equation?,A,A,A,A,"{
  ""reasoning"": ""The background states that all non-relativistic balance equations, including Navier–Stokes, can be derived from the Cauchy equations by specifying the stress tensor via a constitutive relation and assuming constant viscosity. This makes the Cauchy momentum equation a general momentum balance, while Navier–Stokes is a specific form for Newtonian fluids with given viscosity assumptions."",
  ""answer"": ""A""
}","{
  ""reasoning"": ""The background states that all non-relativistic balance equations, including Navier–Stokes, can be derived from the Cauchy equations by specifying a constitutive relation for the stress tensor, assuming constant viscosity and density. This makes the Cauchy momentum equation the general form, and Navier–Stokes a specific case for Newtonian fluids."",
  ""answer"": ""A""
}","{
  ""reasoning"": ""The background states that the Navier-Stokes equations can be derived from the Cauchy momentum equation by specifying the stress tensor via a constitutive relation (for a Newtonian fluid), expressing the deviatoric stress in terms of viscosity and velocity gradient, and assuming constant viscosity and density. This makes the Navier-Stokes equation a specific case of the more general Cauchy momentum equation, which itself expresses conservation of momentum for any continuum material without specifying a constitutive law."",
  ""answer"": ""A""
}"
27,What is X-ray pulsar-based navigation (XNAV)?,D,D,D,D,"{
  ""reasoning"": ""The background explicitly states that XNAV uses X-ray bursts from pulsars for navigation, and it is tested for deep-space navigation by agencies like NASA and ESA. Options mentioning radio signals or satellites as the source are incorrect based on the provided context."",
  ""answer"": ""D""
}","{
  ""reasoning"": ""The background explicitly describes XNAV as using X-ray bursts from pulsars for deep-space navigation, and mentions it is demonstrated by SEXTANT on the NICER mission. Options mentioning radio signals or satellites as the source are inconsistent with the provided context."",
  ""answer"": ""D""
}","{
  ""reasoning"": ""The background explicitly mentions X-ray pulsar-based navigation (XNAV) as a technique using X-ray bursts from pulsars for deep-space navigation, and it contrasts this with radio-based methods. The correct option must specify X-ray signals from pulsars, not radio signals or satellites, and must apply to deep space vehicles like spacecraft."",
  ""answer"": ""D""
}"
28,What is the evidence for the existence of a supermassive black hole at the center of the Milky Way galaxy?,E,E,E,E,"{
  ""reasoning"": ""The question asks for the specific evidence for the supermassive black hole at the Milky Way's center. The correct evidence involves tracking stellar orbits, particularly the star S2, to determine the mass and size of the central object. Option E accurately describes S2's orbit, period, pericenter distance, mass estimate, and size constraints, matching established astronomical findings."",
  ""answer"": ""E""
}","{
  ""reasoning"": ""The question asks for the specific evidence for the supermassive black hole at the Milky Way's center. The correct evidence involves precise orbital measurements of a star, notably S2, which has a well-known 15.2-year orbit with a close pericenter, allowing a mass estimate of about 4 million solar masses confined within an extremely small volume, which only a black hole can explain."",
  ""answer"": ""E""
}","{
  ""reasoning"": ""The evidence for the supermassive black hole at the Milky Way's center comes from precise orbital tracking of stars, especially S2, around Sagittarius A*. The mass derived from S2's orbit is about 4 million solar masses confined within a radius smaller than its pericenter, which only a black hole can explain."",
  ""answer"": ""E""
}"
29,What is the function of the fibrous cardiac skeleton?,C,C,C,C,"{
  ""reasoning"": ""The question asks about the function of the fibrous cardiac skeleton. The background describes it as dense connective tissue rings that provide structural support, anchor heart valves, and electrically isolate atria from ventricles."",
  ""answer"": ""C""
}","{
  ""reasoning"": ""The question asks for the function of the fibrous cardiac skeleton. The background describes it as a dense connective tissue structure that provides support, anchors heart valves, separates atria from ventricles, and electrically isolates chambers."",
  ""answer"": ""C""
}","{
  ""reasoning"": ""The question asks for the function of the fibrous cardiac skeleton. The background text clearly describes it as a dense connective tissue structure that provides support, anchors the heart valves, separates the atria from the ventricles, and electrically isolates the chambers."",
  ""answer"": ""C""
}"
30,What is the Carnot engine?,B,B,B,B,"{
  ""reasoning"": ""The background states that the Carnot cycle is an idealized thermodynamic cycle and that the Carnot efficiency represents a theoretical maximum efficiency limit set by thermodynamics, not achievable by real-world systems. The Carnot engine operates reversibly, which implies quasi-static (infinitely slow) processes to avoid losses."",
  ""answer"": ""B""
}","{
  ""reasoning"": ""The background states that the Carnot cycle is an idealized thermodynamic cycle and that Carnot efficiency is a theoretical maximum limit, not achieved by real engines. The Carnot engine operates reversibly, which requires quasi-static (infinitely slow) processes to avoid irreversibilities."",
  ""answer"": ""B""
}","{
  ""reasoning"": ""The Carnot engine is an idealized theoretical model, not a real engine. It operates in a reversible quasi-static manner, which implies extreme slowness, and it defines the maximum possible efficiency for any heat engine between two temperature reservoirs."",
  ""answer"": ""B""
}"
31,Which mathematical function is commonly used to characterize linear time-invariant systems?,E,E,E,E,"{
  ""reasoning"": ""The background discusses linear time-invariant (LTI) systems and highlights the use of frequency-domain linear transform methods like Laplace transforms. In LTI system analysis, the transfer function, derived from Laplace transforms, is a standard mathematical representation that characterizes the system's input-output relationship."",
  ""answer"": ""E""
}","{
  ""reasoning"": ""The background discusses linear time-invariant (LTI) systems and mentions that they are often analyzed using frequency-domain linear transform methods like Laplace transforms. In LTI system theory, the transfer function, derived from Laplace transforms, is the standard mathematical representation that characterizes the system's input-output relationship."",
  ""answer"": ""E""
}","{
  ""reasoning"": ""The background repeatedly mentions that linear time-invariant (LTI) systems are analyzed using frequency-domain methods like Laplace and Fourier transforms, which lead to transfer functions. Transfer functions are a standard mathematical representation for LTI systems, relating output to input in the frequency domain."",
  ""answer"": ""E""
}"
32,What is the second law of thermodynamics?,E,E,E,E,"{
  ""reasoning"": ""The question asks for the correct statement of the second law of thermodynamics. Options A, C, and D contain clear factual errors: heat flows from hotter to colder (not colder to hotter), not all heat can be converted to work in a cyclic process, and entropy of isolated systems cannot decrease. Option B incorrectly describes internal energy instead of entropy. Option E correctly identifies entropy as a key concept and its role in predicting process spontaneity, matching the background."",
  ""answer"": ""E""
}","{
  ""reasoning"": ""The background states that the second law introduces entropy as a physical property and determines the direction of spontaneous processes, contradicting options that misstate heat flow direction, claim all heat can be converted to work, or say entropy can decrease. Option E correctly captures these aspects."",
  ""answer"": ""E""
}","{
  ""reasoning"": ""The question asks for the correct statement of the second law of thermodynamics. Options A, C, and D contain clear errors: heat flows from hotter to colder (not colder to hotter), not all heat can be converted into work, and entropy of isolated systems cannot decrease. Option B incorrectly describes internal energy instead of entropy. Option E correctly identifies entropy as key and matches the background description."",
  ""answer"": ""E""
}"
33,"What are amorphous ferromagnetic metallic alloys, and what are their advantages?",D,D,D,D,"{
  ""reasoning"": ""The background states that amorphous (non-crystalline) ferromagnetic metallic alloys are made by very rapid quenching (cooling) of an alloy, and their nearly isotropic properties lead to low coercivity, low hysteresis loss, high permeability, and high electrical resistivity."",
  ""answer"": ""D""
}","{
  ""reasoning"": ""The background states that amorphous (non-crystalline) ferromagnetic metallic alloys are made by very rapid quenching (cooling) of an alloy, and their properties are nearly isotropic, leading to low coercivity, low hysteresis loss, high permeability, and high electrical resistivity."",
  ""answer"": ""D""
}","{
  ""reasoning"": ""The background states that amorphous (non-crystalline) ferromagnetic metallic alloys are made by very rapid quenching (cooling) of an alloy, and their nearly isotropic properties lead to low coercivity, low hysteresis loss, high permeability, and high electrical resistivity."",
  ""answer"": ""D""
}"
34,What is the Penrose process?,C,C,C,C,"{
  ""reasoning"": ""The Penrose process is a well-known concept in astrophysics related to rotating black holes. It involves extracting energy from a black hole's ergosphere, not the event horizon, resulting in the object gaining energy while the black hole's rotation slows down."",
  ""answer"": ""C""
}","{
  ""reasoning"": ""The Penrose process is a well-known concept in astrophysics related to rotating black holes. It involves energy extraction from the ergosphere (not the event horizon) by splitting an object so that one part escapes with more energy, slowing the black hole's rotation."",
  ""answer"": ""C""
}","{
  ""reasoning"": ""The question asks about the Penrose process, which is a known concept in theoretical physics related to rotating black holes and energy extraction. The correct description involves the ergosphere, not the event horizon, and the process extracts rotational energy from the black hole, resulting in the object gaining energy and the black hole slowing down."",
  ""answer"": ""C""
}"
35,What was the aim of the Gravity Probe B (GP-B) mission?,B,B,B,B,"{
  ""reasoning"": ""The background states that Gravity Probe B was designed to test two predictions of general relativity: the geodetic effect and frame-dragging (gravitomagnetism). The mission involved precisely measuring tiny changes in the spin of gyroscopes in Earth orbit to detect these effects."",
  ""answer"": ""B""
}","{
  ""reasoning"": ""The background states that Gravity Probe B was designed to test two unverified predictions of general relativity: the geodetic effect (curvature of spacetime around Earth) and frame-dragging (gravitomagnetism). Among the options, only B directly captures the mission's focus on measuring spacetime curvature near Earth with an emphasis on gravitomagnetism."",
  ""answer"": ""B""
}","{
  ""reasoning"": ""The background states that Gravity Probe B aimed to test two predictions of general relativity: the geodetic effect and frame-dragging (gravitomagnetism). It did so by precisely measuring tiny changes in the spin direction of gyroscopes in Earth orbit."",
  ""answer"": ""B""
}"
36,What was Pierre de Fermat's solution to the problem of refraction?,E,E,E,E,"{
  ""reasoning"": ""The question asks about Fermat's solution to refraction, which is based on his principle of least time. The background states that Fermat refined the principle to 'light travels between two given points along the path of shortest time,' and Snell's law can be derived from it. This implies that light takes the path of least time, and for ordinary refraction, light travels more slowly in a denser medium."",
  ""answer"": ""E""
}","{
  ""reasoning"": ""The background states that Fermat's principle is that light travels the path of least time, and Snell's law can be derived from it. For the ordinary law of refraction to hold, light must travel more slowly in the optically denser medium. Among the options, only one combines 'resistance' as inversely proportional to speed (so less resistance means higher speed) and slower speed in the denser medium."",
  ""answer"": ""E""
}","{
  ""reasoning"": ""Fermat's principle states that light travels the path of least time, not least distance. The background mentions that Fermat refined the principle to 'light travels between two given points along the path of shortest time.' For refraction, this leads to Snell's law only if light travels more slowly in the denser medium, which matches historical accounts of Fermat's derivation."",
  ""answer"": ""E""
}"
37,What is the reason behind the adoption of a logarithmic scale of 5√100 ≈ 2.512 between magnitudes in astronomy?,A,A,A,A,"{
  ""reasoning"": ""The background explicitly states that Norman Pogson proposed the logarithmic scale so that a difference of five magnitudes corresponds exactly to a brightness ratio of 100. This established a consistent, quantifiable relationship between magnitude steps and brightness ratios."",
  ""answer"": ""A""
}","{
  ""reasoning"": ""The background explicitly states that Norman Pogson proposed the logarithmic scale so that five magnitude steps correspond exactly to a factor of 100 in brightness. This matches option A, which directly captures the historical reason for adopting that specific logarithmic ratio."",
  ""answer"": ""A""
}","{
  ""reasoning"": ""The background explicitly states that Norman Pogson proposed a logarithmic scale so that five magnitude steps correspond exactly to a factor of 100 in brightness. This establishes a consistent mathematical relationship between magnitude differences and brightness ratios."",
  ""answer"": ""A""
}"
38,What is the spin quantum number?,E,E,E,E,"{
  ""reasoning"": ""The spin quantum number is an intrinsic property of particles that quantizes their spin angular momentum. It is defined such that the magnitude of the spin angular momentum is ħ√[s(s+1)], where s is the spin quantum number, making s a dimensionless number when spin angular momentum is expressed in units of ħ."",
  ""answer"": ""E""
}","{
  ""reasoning"": ""The background states that spin is an intrinsic angular momentum with quantized magnitude and components, and the spin quantum number s determines the possible values of the spin's magnitude via S² = s(s+1)ħ². It is a dimensionless number that quantifies the intrinsic angular momentum of a particle, not a measure of physical properties like distance, size, charge, or rotational speed."",
  ""answer"": ""E""
}","{
  ""reasoning"": ""The spin quantum number is an intrinsic property of particles related to their spin angular momentum, not to spatial position, size, charge, or classical rotation speed. It is defined as the quantum number s such that the magnitude of spin angular momentum is ħ√[s(s+1)], and it is dimensionless because spin angular momentum is quantized in units of ħ."",
  ""answer"": ""E""
}"
39,What is the synapstor or synapse transistor?,E,A,A,D,"{
  ""reasoning"": ""The background describes a synaptic transistor as an electrical device that mimics neural synaptic plasticity, specifically spike-timing-dependent plasticity (STDP), and optimizes its properties based on past activity. This implies it can exhibit short-term potentiation (STP) for learning and likely forgets through inactivity, aligning with biological synaptic behavior where lack of activity leads to decay of potentiation."",
  ""answer"": ""A""
}","{
  ""reasoning"": ""The background describes a synaptic transistor as mimicking spike-timing-dependent plasticity (STDP), which involves activity-dependent changes in synaptic strength. Short-term potentiation (STP) is a temporary increase in strength following activity, and inactivity-based forgetting aligns with synaptic decay when not stimulated."",
  ""answer"": ""A""
}","{
  ""reasoning"": ""The background describes a synaptic transistor as an electrical device that mimics spike-timing-dependent plasticity (STDP) and optimizes its properties based on past functions. STDP involves changes in synaptic strength that can be short-term or long-term, but the text emphasizes learning through activity-dependent plasticity and does not specify long-term retention. Given the focus on neuro-inspired circuits and adaptive behavior, short-term potentiation with activity-based forgetting aligns with typical STDP-like learning rules in neuromorphic devices."",
  ""answer"": ""D""
}"
40,What is spontaneous symmetry breaking?,E,E,E,E,"{
  ""reasoning"": ""The background defines spontaneous symmetry breaking (SSB) as a situation where the Hamiltonian or Lagrangian of a system has a certain symmetry, but the vacuum state does not. This is typically signaled by a non-invariant local operator acquiring a nonzero vacuum expectation value, which serves as an order parameter."",
  ""answer"": ""E""
}","{
  ""reasoning"": ""The background defines spontaneous symmetry breaking as a situation where the Lagrangian/Hamiltonian (action) has a symmetry, but the vacuum state does not exhibit that symmetry. This is typically signaled by a non-invariant local operator acquiring a nonzero vacuum expectation value."",
  ""answer"": ""E""
}","{
  ""reasoning"": ""The background defines spontaneous symmetry breaking (SSB) as a situation where the Hamiltonian or Lagrangian of a system has a certain symmetry, but the vacuum (ground) state does not. This is typically signaled by a nonzero vacuum expectation value of a non-invariant operator, which serves as an order parameter."",
  ""answer"": ""E""
}"
41,What is the proper distance for a redshift of 8.2?,C,D,C,C,"{
  ""reasoning"": ""The background does not provide a direct formula or cosmological parameters to compute the proper distance for a specific redshift. However, in standard cosmology, a redshift of ~8.2 corresponds to a proper distance of roughly 8–9 Gpc, consistent with option D."",
  ""answer"": ""D""
}","{
  ""reasoning"": ""The background does not provide a direct formula or cosmological parameters to compute the proper distance for a specific redshift like z=8.2. However, in standard cosmology, for a high redshift such as 8.2, the proper distance (comoving distance) is typically on the order of tens of billions of light-years, and known values from observational cosmology suggest a distance around 30 billion light-years (~9.2 Gpc) for z ~ 8–9."",
  ""answer"": ""C""
}","{
  ""reasoning"": ""The background mentions luminosity distance and redshift in cosmology, but does not give a specific formula or numbers for z=8.2. However, in standard cosmology, a redshift of 8.2 corresponds to a proper distance around 30 billion light-years (roughly 9–10 Gpc). Among the options, 9.2 Gpc / ~30 billion light-years matches typical cosmological calculator results for ΛCDM parameters."",
  ""answer"": ""C""
}"
42,Who was the first to determine the velocity of a star moving away from the Earth using the Doppler effect?,B,B,B,B,"{
  ""reasoning"": ""The question asks about the first determination of a star's radial velocity using the Doppler effect. Historical accounts credit William Huggins in 1868 with measuring the radial velocity of Sirius by observing the Doppler shift in its spectral lines, making him the first to apply the effect to stars."",
  ""answer"": ""B""
}","{
  ""reasoning"": ""The question asks about the first determination of a star's radial velocity using the Doppler effect. Historical records indicate that in 1868, William Huggins measured the radial velocity of Sirius by observing the Doppler shift of its spectral lines, making him the first to apply the method to a star."",
  ""answer"": ""B""
}","{
  ""reasoning"": ""The question asks about the first determination of a star's radial velocity using the Doppler effect. The background mentions that radial velocity is measured via Doppler shift in spectral lines, but it does not specify who first did this. Historical knowledge indicates that William Huggins was the first to measure the radial velocity of a star (Sirius) using the Doppler effect in 1868."",
  ""answer"": ""B""
}"
43,What is the information loss paradox in black holes?,C,C,C,C,"{
  ""reasoning"": ""The information loss paradox arises because black holes are described classically by only mass, charge, and angular momentum (no-hair theorem), so details of infalling matter seem lost. Hawking radiation appears thermal and random, suggesting information is not returned during evaporation, conflicting with quantum unitarity."",
  ""answer"": ""C""
}","{
  ""reasoning"": ""The paradox arises because classical black holes are described only by mass, charge, and angular momentum ('no-hair theorem'), so details of infalling matter seem lost. However, quantum mechanics requires unitary evolution and information conservation, yet Hawking radiation appears thermal and random, suggesting information is permanently lost when the black hole evaporates."",
  ""answer"": ""C""
}","{
  ""reasoning"": ""The paradox arises because classical black holes are described only by mass, charge, and angular momentum (no-hair theorem), so details of infalling matter seem lost. However, quantum mechanics requires unitary evolution and information conservation, yet Hawking radiation appears thermal and random, suggesting information is lost forever when the black hole evaporates."",
  ""answer"": ""C""
}"
44,What is the Kutta condition?,A,A,A,A,"{
  ""reasoning"": ""The Kutta condition is a principle in aerodynamics related to flow around an airfoil. It ensures that the flow from the upper and lower surfaces joins smoothly at the trailing edge, preventing infinite velocity there."",
  ""answer"": ""A""
}","{
  ""reasoning"": ""The Kutta condition is a principle in aerodynamics related to flow around an airfoil. It ensures that the flow leaves the trailing edge smoothly, avoiding infinite velocities, and selects a unique circulation value."",
  ""answer"": ""A""
}","{
  ""reasoning"": ""The Kutta condition is a key concept in aerodynamics, specifically for potential flow theory around airfoils. It ensures that the flow leaves the trailing edge smoothly, avoiding infinite velocities and selecting a physically realistic circulation value."",
  ""answer"": ""A""
}"
45,What is classical mechanics?,A,A,A,A,"{
  ""reasoning"": ""The background defines classical mechanics as the physics of macroscopic objects, motion, forces, and deterministic behavior, originating from Newton and others. Option A correctly captures this scope, mentioning macroscopic objects, concepts like mass and force, and a three-dimensional Euclidean framework. The other options incorrectly describe microscopic, quantum, or specialized domains like fluids or light."",
  ""answer"": ""A""
}","{
  ""reasoning"": ""The question asks for the definition of classical mechanics based on the provided background. The background consistently describes classical mechanics as dealing with macroscopic objects, forces, motion, and deterministic predictions, rooted in Newton's laws and later formulations like Lagrangian and Hamiltonian mechanics. Option A correctly captures this by mentioning macroscopic objects, concepts like mass, acceleration, and force, and a three-dimensional Euclidean framework."",
  ""answer"": ""A""
}","{
  ""reasoning"": ""The background consistently defines classical mechanics as the study of motion of macroscopic objects under forces, rooted in Newton's laws and extended by Lagrangian and Hamiltonian methods. Options B, C, D, and E incorrectly describe microscopic, subatomic, electromagnetic, or fluid-focused realms, which are separate physics branches."",
  ""answer"": ""A""
}"
46,Who shared the other half of the Nobel Prize with Yoichiro Nambu for discovering the origin of the explicit breaking of CP symmetry in the weak interactions?,B,B,B,B,"{
  ""reasoning"": ""The background explicitly states that Yoichiro Nambu won half of the 2008 Nobel Prize in Physics for spontaneous broken symmetry. The other half was shared by Makoto Kobayashi and Toshihide Maskawa for discovering the origin of the explicit breaking of CP symmetry in weak interactions."",
  ""answer"": ""B""
}","{
  ""reasoning"": ""The background explicitly states that the 2008 Nobel Prize in Physics was awarded to Yoichiro Nambu for half, and the other half was shared by Makoto Kobayashi and Toshihide Maskawa for discovering the origin of CP symmetry breaking in weak interactions."",
  ""answer"": ""B""
}","{
  ""reasoning"": ""The background explicitly states that the 2008 Nobel Prize in Physics was awarded to Yoichiro Nambu for half, and the other half was shared by Makoto Kobayashi and Toshihide Maskawa for discovering the origin of CP symmetry breaking in weak interactions."",
  ""answer"": ""B""
}"
47,What are some models that attempt to account for all observations without invoking supplemental non-baryonic matter?,C,C,C,C,"{
  ""reasoning"": ""The question asks for models that explain observations without needing non-baryonic (dark) matter. The background mentions non-standard cosmologies and alternatives to standard Big Bang models, but the specific models listed in the options that aim to replace dark matter are Modified Newtonian dynamics (MOND), tensor–vector–scalar gravity (TeVeS), and entropic gravity—all appearing in option C."",
  ""answer"": ""C""
}","{
  ""reasoning"": ""The question asks for models that attempt to explain all observations without invoking supplemental non-baryonic matter, which typically refers to alternatives to dark matter. The options include Modified Newtonian dynamics (MOND), tensor–vector–scalar gravity (TeVeS), and entropic gravity, which are proposed modifications to gravity to account for galactic rotation curves and other phenomena without dark matter."",
  ""answer"": ""C""
}","{
  ""reasoning"": ""The question asks for models that try to explain observations without needing non-baryonic (dark) matter. Modified Newtonian dynamics (MOND), tensor–vector–scalar gravity (TeVeS), and entropic gravity are all alternative gravitational theories proposed to account for galaxy rotation curves and other phenomena without dark matter."",
  ""answer"": ""C""
}"
48,What is the purpose of the proximity-focusing design in a RICH detector?,D,D,D,D,"{
  ""reasoning"": ""The question concerns the proximity-focusing design in a RICH (Ring Imaging Cherenkov) detector. RICH detectors use Cherenkov radiation emitted by charged particles moving faster than light in a medium, and the proximity-focusing design relies on a short drift gap between the radiator and photon detector to form a ring image without complex optics."",
  ""answer"": ""D""
}","{
  ""reasoning"": ""The question asks about the purpose of a proximity-focusing design in a RICH (Ring Imaging Cherenkov) detector. RICH detectors use Cherenkov radiation emitted when a charged particle passes through a radiator at a speed faster than light in that medium, producing a cone of light. In proximity-focusing designs, the cone travels only a short distance (the proximity gap) to the photon detector, forming a ring whose radius depends on the Cherenkov angle and the gap."",
  ""answer"": ""D""
}","{
  ""reasoning"": ""The question asks about the purpose of the proximity-focusing design in a RICH (Ring Imaging Cherenkov) detector. RICH detectors are used to measure particle velocities by detecting Cherenkov radiation, which is emitted as a cone of light when a charged particle travels faster than light in a medium. Proximity-focusing implies a short distance between the radiator and photon detector, allowing the Cherenkov cone to project directly onto the detector plane without complex optics."",
  ""answer"": ""D""
}"
49,What is a light-year?,B,B,B,B,"{
  ""reasoning"": ""The background mentions that a photon from a distant star travels for years at the speed of light, implying that astronomical distances are measured by how far light travels in a given time. A light-year is a measure of distance, not time, temperature, energy, or mass."",
  ""answer"": ""B""
}","{
  ""reasoning"": ""The background discusses spacetime, light cones, and astronomical distances in terms of light travel, but does not explicitly define a light-year. However, it repeatedly references distances measured by the travel of light (e.g., 'light years' in the shadow example). A light-year is a standard astronomical unit of distance, not time, temperature, energy, or mass."",
  ""answer"": ""B""
}","{
  ""reasoning"": ""The background mentions that a photon from a distant star does not age despite spending years in its passage from our perspective, implying that a light-year is a distance measure based on light travel time. Among the options, only B correctly defines it as a unit of length (distance) equivalent to how far light travels in one Julian year."",
  ""answer"": ""B""
}"
50,What is the main advantage of ferroelectric memristors?,B,B,B,B,"{
  ""reasoning"": ""The question asks about the main advantage of ferroelectric memristors, which are not explicitly detailed in the background, but the background covers ferroelectric materials' tunable polarization and electronic effects. Option B aligns with the described ferroelectric properties: tunable domain dynamics and electronic-based resistance changes, which relate to reliability and engineered response."",
  ""answer"": ""B""
}","{
  ""reasoning"": ""The background discusses ferroelectric materials and their applications, emphasizing tunable polarization and electronic properties. Ferroelectric memristors would leverage the ability to control domain dynamics and electronic resistance changes, which aligns with reliability and engineering of device response."",
  ""answer"": ""B""
}","{
  ""reasoning"": ""The question asks about the main advantage of ferroelectric memristors, which is not explicitly detailed in the background but can be inferred from general knowledge of ferroelectric memristor research. The key advantage often cited is the ability to engineer the device response through tunable ferroelectric domain dynamics and the fact that resistance changes are due to electronic phenomena rather than ionic motion, enhancing reliability."",
  ""answer"": ""B""
}"
51,What is the term used to describe the conduction that occurs in non-crystalline semiconductors by charges quantum tunnelling from one localised site to another?,E,E,E,E,"{
  ""reasoning"": ""The question asks for the term describing conduction in non-crystalline semiconductors via quantum tunneling between localized sites. The background mentions 'hopping conductivity' where electrons move by quantum mechanical tunneling between isolated conductive pockets in an insulator, which matches the description of variable range hopping in disordered systems."",
  ""answer"": ""E""
}","{
  ""reasoning"": ""The question asks about conduction in non-crystalline semiconductors via quantum tunneling between localized sites. This mechanism is specifically described in the background as 'hopping conductivity,' where electrons tunnel between isolated conductive pockets in an insulator, characteristic of disordered or amorphous materials."",
  ""answer"": ""E""
}","{
  ""reasoning"": ""The question asks about conduction in non-crystalline semiconductors via quantum tunneling between localized sites. This matches the description of 'hopping conductivity' mentioned in the background, specifically where electrons tunnel between isolated conductive pockets in an insulator. Among the options, 'Variable range hopping' is a known model for such conduction in disordered systems."",
  ""answer"": ""E""
}"
52,What is resistivity?,C,C,C,C,"{
  ""reasoning"": ""The question asks about the definition of electrical resistivity, which is a fundamental material property. Resistivity is an intrinsic property (independent of geometry) measured in ohm-meters, while resistance (in ohms) depends on shape and size."",
  ""answer"": ""C""
}","{
  ""reasoning"": ""Resistivity is a fundamental property of a material itself, not influenced by its dimensions, which distinguishes it from resistance. It quantifies how strongly a material opposes electric current, with the unit ohm-meter, and is independent of shape and size."",
  ""answer"": ""C""
}","{
  ""reasoning"": ""Resistivity is a fundamental material property that quantifies how strongly a material opposes electric current, independent of its dimensions. It is intrinsic (depends only on the material and temperature) and has units of ohm-meters, unlike resistance which depends on size and shape and is measured in ohms."",
  ""answer"": ""C""
}"
53,What did Newton adopt after his correspondence with Hooke in 1679-1680?,A,A,A,A,"{
  ""reasoning"": ""The background explicitly states that after the 1679–1680 correspondence with Hooke, Newton adopted the language of inward or centripetal force. This is a direct quote from the text, making it clear which option is correct."",
  ""answer"": ""A""
}","{
  ""reasoning"": ""The background states that after the 1679–1680 correspondence with Hooke, Newton adopted the language of inward or centripetal force, whereas previously he had used the concept of centrifugal force ('endeavour to recede'). The other options are not supported by the text."",
  ""answer"": ""A""
}","{
  ""reasoning"": ""The background states that after his 1679–1680 correspondence with Hooke, Newton adopted the language of inward or centripetal force. This change in terminology is explicitly mentioned, distinguishing it from his earlier use of centrifugal force."",
  ""answer"": ""A""
}"
54,What is the metallicity of Kapteyn's star estimated to be?,B,D,D,B,"{
  ""reasoning"": ""The background does not provide specific metallicity data for Kapteyn's star. Metallicity values are determined through spectroscopic analysis, and the question asks for an estimate not given in the text. Without any mention of Kapteyn's star in the context, its metallicity remains unspecified."",
  ""answer"": ""D""
}","{
  ""reasoning"": ""The background does not mention Kapteyn's star specifically, so its metallicity is not provided. Metallicity values are determined from spectroscopic observations, and without that data here, it cannot be inferred from the general background alone."",
  ""answer"": ""D""
}","{
  ""reasoning"": ""The background does not provide specific metallicity data for Kapteyn's star, but it explains that metallicity is measured relative to the Sun and that older stars tend to have lower metallicity. Kapteyn's star is an old, nearby red subdwarf known from astronomical studies to have low metallicity, specifically about 8 times less than solar metallicity."",
  ""answer"": ""B""
}"
55,What is the SI base unit of time and how is it defined?,B,B,B,B,"{
  ""reasoning"": ""The background explicitly states that the SI base unit of time is the second, and it is defined by measuring the electronic transition frequency of caesium atoms. None of the other units listed (week, hour, day, minute) are the SI base unit of time."",
  ""answer"": ""B""
}","{
  ""reasoning"": ""The background explicitly states that the SI base unit of time is the second, and it is defined by measuring the electronic transition frequency of caesium atoms. None of the other units listed (week, hour, day, minute) are the SI base unit of time."",
  ""answer"": ""B""
}","{
  ""reasoning"": ""The background explicitly states that 'The SI base unit of time is the second, which is defined by measuring the electronic transition frequency of caesium atoms.' This is a standard definition in metrology and is confirmed in the text."",
  ""answer"": ""B""
}"
56,What is a planetary system?,C,C,C,C,"{
  ""reasoning"": ""The background text explicitly defines a planetary system as 'any set of gravitationally bound non-stellar objects in or out of orbit around a star or star system.' This definition is not restricted to a specific solar system, size, composition, or galaxy."",
  ""answer"": ""C""
}","{
  ""reasoning"": ""The background explicitly defines a planetary system as any set of gravitationally bound non-stellar objects orbiting or associated with a star or star system, including planets, dwarf planets, asteroids, and other bodies. This definition is not restricted by location, size, composition, or galaxy."",
  ""answer"": ""C""
}","{
  ""reasoning"": ""The background explicitly defines a planetary system as any set of gravitationally bound non-stellar objects orbiting or associated with a star or star system, which can include planets, dwarf planets, asteroids, comets, and other bodies. This definition is not restricted to planets of the same size, composition, or location within a single solar system or galaxy."",
  ""answer"": ""C""
}"
57,What is the result of the collapse of a cavitation bubble?,C,C,C,C,"{
  ""reasoning"": ""The background describes that when a cavitation bubble collapses, the inward inertia of the surrounding liquid leads to a sharp rise in pressure and temperature inside the bubble, releasing significant energy as an acoustic shock wave and visible light. This matches inertial cavitation, where collapse is violent and energetic."",
  ""answer"": ""C""
}","{
  ""reasoning"": ""The question asks about the immediate result of a cavitation bubble collapse. The background text explicitly states that during collapse, the inward inertia of the surrounding liquid causes a sharp increase in pressure and temperature of the vapor inside, releasing significant energy as an acoustic shock wave and visible light."",
  ""answer"": ""C""
}","{
  ""reasoning"": ""The background text clearly states that when a cavitation bubble collapses, the inward inertia of the surrounding liquid causes a sharp increase in pressure and temperature of the vapor inside, releasing significant energy as an acoustic shock wave and visible light. This matches the description in option C, while the other options either contradict the described physics or are incomplete."",
  ""answer"": ""C""
}"
58,Who was Giordano Bruno?,D,D,D,D,"{
  ""reasoning"": ""The question asks about Giordano Bruno, a historical figure known for his cosmological views. The background does not mention Bruno, but general knowledge identifies him as an Italian philosopher who extended Copernican heliocentrism and proposed that stars are suns with their own planets."",
  ""answer"": ""D""
}","{
  ""reasoning"": ""The question asks about Giordano Bruno, a historical figure not directly mentioned in the provided background. However, based on general knowledge, Giordano Bruno was an Italian philosopher of the Renaissance known for his cosmological theories. He extended Copernican heliocentrism and proposed that stars are suns with their own planets, which matches option D."",
  ""answer"": ""D""
}","{
  ""reasoning"": ""The question asks about Giordano Bruno, a historical figure known for his cosmological views. The background does not mention Bruno, but general knowledge indicates he was an Italian philosopher who expanded on Copernican heliocentrism and proposed that stars are suns with their own planets."",
  ""answer"": ""D""
}"
59,What are the Navier-Stokes equations?,A,A,A,A,"{
  ""reasoning"": ""The background describes the Navier-Stokes equations as partial differential equations governing fluid motion, specifically mentioning momentum balance (force balance) and conservation of mass (continuity). They are derived for viscous Newtonian fluids, with viscosity ν or μ appearing explicitly, and reduce to the Euler equations only when viscosity is neglected."",
  ""answer"": ""A""
}","{
  ""reasoning"": ""The background consistently states that the Navier-Stokes equations are partial differential equations governing fluid motion, specifically including viscosity (ν or μ). They are derived from momentum balance and, for incompressible flow, include mass conservation (∇·u=0). The equations are typically applied to Newtonian fluids, where stress is linearly related to strain rate."",
  ""answer"": ""A""
}","{
  ""reasoning"": ""The background consistently describes the Navier-Stokes equations as partial differential equations governing viscous fluid flow, based on momentum balance and mass conservation, and typically applied to Newtonian fluids where viscosity is constant."",
  ""answer"": ""A""
}"
60,What is the revised view of the atmosphere's nature based on the time-varying multistability that is associated with the modulation of large-scale processes and aggregated feedback of small-scale processes?,B,B,B,B,"{
  ""reasoning"": ""The question asks for the revised view of the atmosphere's nature based on time-varying multistability, incorporating both large-scale modulation and small-scale feedback. The background explicitly states that this refined view is: 'The atmosphere possesses chaos and order; it includes, as examples, emerging organized systems (such as tornadoes) and time varying forcing from recurrent seasons.'"",
  ""answer"": ""B""
}","{
  ""reasoning"": ""The background explicitly states the revised view as: 'The atmosphere possesses chaos and order; it includes, as examples, emerging organized systems (such as tornadoes) and time varying forcing from recurrent seasons.' This directly matches option B."",
  ""answer"": ""B""
}","{
  ""reasoning"": ""The question asks for the revised view of the atmosphere's nature based on time-varying multistability, which integrates large-scale modulation and small-scale feedback. The background explicitly states that this refined view is: 'The atmosphere possesses chaos and order; it includes, as examples, emerging organized systems (such as tornadoes) and time varying forcing from recurrent seasons.'"",
  ""answer"": ""B""
}"
61,What is the reason that it is nearly impossible to see light emitted at the Lyman-alpha transition wavelength from a star farther than a few hundred light years from Earth?,B,B,B,B,"{
  ""reasoning"": ""The question asks why Lyman-alpha light from distant stars is nearly impossible to see. The background states that Lyman-alpha photons are readily absorbed by dust, and the Lyman-alpha line corresponds to atomic hydrogen. The ISM contains neutral hydrogen that strongly absorbs at 121.5 nm, the Lyman-alpha transition wavelength."",
  ""answer"": ""B""
}","{
  ""reasoning"": ""The question asks why Lyman-alpha light (121.6 nm) from distant stars is nearly impossible to see. The background mentions that Lyman-alpha photons are readily absorbed by dust and that neutral hydrogen in the interstellar medium (ISM) causes absorption features like the Gunn-Peterson trough, which is due to neutral hydrogen, not charged components."",
  ""answer"": ""B""
}","{
  ""reasoning"": ""The question asks why Lyman-alpha light (121.6 nm) from distant stars is nearly impossible to observe. The background explains that Lyman-alpha photons are readily absorbed by dust and that neutral hydrogen in the interstellar medium (ISM) causes absorption lines and Gunn-Peterson troughs for high-redshift sources, indicating neutral hydrogen is the key absorber."",
  ""answer"": ""B""
}"
62,What is a Schwarzschild black hole?,C,C,C,C,"{
  ""reasoning"": ""The background states that a Schwarzschild black hole is described by the Schwarzschild metric, which is the most general spherically symmetric vacuum solution, and that it has no charge or angular momentum. Birkhoff's theorem confirms the spherical symmetry of such a vacuum solution."",
  ""answer"": ""C""
}","{
  ""reasoning"": ""The background states that a Schwarzschild black hole is a non-rotating, uncharged black hole described by the Schwarzschild metric, which is spherically symmetric. Birkhoff's theorem indicates the Schwarzschild metric is the unique spherically symmetric vacuum solution, so it has mass but no charge or angular momentum."",
  ""answer"": ""C""
}","{
  ""reasoning"": ""The background explicitly states that a Schwarzschild black hole is a non-rotating, uncharged black hole described by the Schwarzschild metric, which is spherically symmetric. Birkhoff's theorem confirms that the Schwarzschild metric is the unique spherically symmetric vacuum solution."",
  ""answer"": ""C""
}"
63,What is the definition of Atomristor?,C,C,C,C,"{
  ""reasoning"": ""The question asks for the definition of 'Atomristor'. The background does not mention this term, so we must rely on general knowledge. Atomristor is a known term in nanoelectronics referring to memristive behavior in atomically thin materials, not a specific device structure or fabrication method."",
  ""answer"": ""C""
}","{
  ""reasoning"": ""The question asks for the definition of 'Atomristor,' which is not explicitly mentioned in the provided background. However, based on general knowledge in nanotechnology and memristor research, an Atomristor is specifically known as a memristive device that utilizes atomically thin materials. Among the options, only C directly refers to memristive behavior in atomically thin nanomaterials or atomic sheets, aligning with the established definition."",
  ""answer"": ""C""
}","{
  ""reasoning"": ""The background context does not directly define an atomristor, but it discusses atomically thin nanomaterials and atomic sheets. Among the options, only option C explicitly defines atomristor in terms of memristive behavior in atomically thin nanomaterials or atomic sheets, which aligns with the naming convention ('atom-' prefix) and the focus on nanoscale materials."",
  ""answer"": ""C""
}"
64,Who published the first theory that was able to encompass previously separate field theories to provide a unifying theory of electromagnetism?,A,A,A,A,"{
  ""reasoning"": ""The background repeatedly states that James Clerk Maxwell developed a unified theory of electromagnetism that combined electricity, magnetism, and light into a single framework. His work, culminating in Maxwell's equations, is explicitly called the 'second great unification in physics' after Newton."",
  ""answer"": ""A""
}","{
  ""reasoning"": ""The background repeatedly identifies James Clerk Maxwell as the one who unified electricity, magnetism, and light into a single theory of electromagnetism, culminating in his equations published between 1861 and 1865. While others like Faraday and Ørsted contributed key discoveries, Maxwell was the first to formulate the complete unifying theory."",
  ""answer"": ""A""
}","{
  ""reasoning"": ""The background repeatedly states that James Clerk Maxwell developed the unified theory of electromagnetism, combining electricity, magnetism, and light into a single framework. His equations, formulated between 1861 and 1865, are explicitly described as the first theory to unify these previously separate phenomena."",
  ""answer"": ""A""
}"
65,What is the relevant type of coherence for the Young's double-slit interferometer?,E,C,C,C,"{
  ""reasoning"": ""The background explicitly states that Young's double-slit experiment is concerned with spatial coherence, as it involves interference between waves from two separate spatial points (the slits). The contrast of the fringes depends on the correlation between the wavefronts at those two points, which is a measure of spatial coherence."",
  ""answer"": ""C""
}","{
  ""reasoning"": ""Young's double-slit interferometer divides a wavefront spatially through two separate slits. The interference pattern depends on the correlation between the wavefronts at the two slit positions, which is described by spatial coherence."",
  ""answer"": ""C""
}","{
  ""reasoning"": ""The question asks about the relevant type of coherence specifically for Young's double-slit interferometer. The background text explicitly states that Young's experiment is concerned with spatial coherence, as it involves interference between waves from two separate spatial points (the slits)."",
  ""answer"": ""C""
}"
66,What is the Peierls bracket in canonical quantization?,C,C,C,C,"{
  ""reasoning"": ""The Peierls bracket is a concept in theoretical physics related to canonical quantization, specifically used to define a Poisson bracket structure from the action functional for constrained systems. Among the options, the description that it derives from the action and converts the quotient algebra into a Poisson algebra aligns with its role in handling gauge theories and constrained dynamics."",
  ""answer"": ""C""
}","{
  ""reasoning"": ""The Peierls bracket is a concept in theoretical physics related to canonical quantization, where it serves as a Poisson bracket derived from the action functional. It is used to define a Poisson algebra on the space of observables, particularly in the context of quotient algebras from gauge symmetries."",
  ""answer"": ""C""
}","{
  ""reasoning"": ""The Peierls bracket is a concept in theoretical physics related to canonical quantization, specifically in the context of field theory. It is defined as a Poisson bracket derived from the action functional, which helps in constructing a Poisson algebra for the quotient space of gauge-invariant observables. This matches the description in option C."",
  ""answer"": ""C""
}"
67,What is the isophotal diameter used for in measuring a galaxy's size?,E,E,E,E,"{
  ""reasoning"": ""The background explicitly states that 'The isophotal diameter is introduced as a conventional way of measuring a galaxy's size based on its apparent surface brightness.' It further explains that isophotes connect points of equal brightness, defining the galaxy's extent, not its distance, age, mass, or temperature."",
  ""answer"": ""E""
}","{
  ""reasoning"": ""The background explicitly states that the isophotal diameter is introduced as a conventional way of measuring a galaxy's size based on its apparent surface brightness, using curves of equal brightness (isophotes) to define the galaxy's extent. It is not related to distance, age, mass, or temperature."",
  ""answer"": ""E""
}","{
  ""reasoning"": ""The background explicitly states that the isophotal diameter is introduced as a conventional way of measuring a galaxy's size based on its apparent surface brightness. It defines the extent of a galaxy using curves of equal brightness (isophotes), not distance, age, mass, or temperature."",
  ""answer"": ""E""
}"
68,What is the Maxwell's Demon thought experiment?,C,C,C,C,"{
  ""reasoning"": ""Maxwell's Demon is a classic thought experiment in thermodynamics. It involves a microscopic entity (the demon) that sorts molecules by speed through a trapdoor, creating a temperature difference without work, seemingly violating the second law of thermodynamics."",
  ""answer"": ""C""
}","{
  ""reasoning"": ""The question asks about Maxwell's Demon, a classic thought experiment in thermodynamics. The key elements are: a microscopic trapdoor, a container with the same gas at equal temperatures, and the demon sorting molecules by speed to create a temperature difference, which seemingly violates the second law of thermodynamics."",
  ""answer"": ""C""
}","{
  ""reasoning"": ""The question asks about Maxwell's Demon, a classic thought experiment in thermodynamics. The background does not mention it, but from general knowledge, Maxwell's Demon is a microscopic entity that sorts molecules by speed to create a temperature difference, seemingly violating the second law of thermodynamics."",
  ""answer"": ""C""
}"
69,What is the application of Memristor?,D,D,D,D,"{
  ""reasoning"": ""The background context discusses memristors in the context of memory technology, neural networks (ADALINE, MADALINE), artificial intelligence hardware, resistive RAM, and reconfigurable or in-memory computing. None of the other options (electric vehicles, basic necessities, renewable energy, or communications) are mentioned as applications."",
  ""answer"": ""D""
}","{
  ""reasoning"": ""The background context discusses memristors in relation to memory technology, neural networks (ADALINE, MADALINE), resistive RAM, and experimental uses in artificial neural networks. The options that align with these electronic and computing applications are found in D, which lists programmable logic, neural networks, reconfigurable computing, and similar fields."",
  ""answer"": ""D""
}","{
  ""reasoning"": ""The background context discusses memristors primarily in the context of memory technology, neural networks (ADALINE, MADALINE), artificial intelligence hardware, and non-volatile memory (ReRAM). It mentions their role in logic operations, storage, and neural network architectures, which aligns with computing and signal processing applications."",
  ""answer"": ""D""
}"
70,What is the effect generated by a spinning superconductor?,C,C,C,C,"{
  ""reasoning"": ""The question asks about the effect generated by a spinning superconductor. According to the principles of electromagnetic induction, a moving conductor in a magnetic field (or a conductor moving relative to a magnetic field) can generate an electromagnetic effect. A spinning superconductor, due to its perfect conductivity and the Meissner effect, can produce a magnetic field when rotated, and this field aligns with the spin axis due to symmetry and conservation of angular momentum, as seen in phenomena like the London moment."",
  ""answer"": ""C""
}","{
  ""reasoning"": ""The background discusses superconductors expelling magnetic fields (Meissner effect) and the generation of magnetic fields via electromagnetic induction when conductors move relative to magnetic fields. A spinning superconductor involves motion of a superconducting material, which can generate a magnetic field due to the London moment—a well-known effect in superconductivity where a rotating superconductor develops a magnetic field aligned precisely with its spin axis."",
  ""answer"": ""C""
}","{
  ""reasoning"": ""The background mentions that superconductors expel magnetic fields via the Meissner effect and that moving a conductor in a magnetic field induces an emf. A spinning superconductor, due to its perfect conductivity and the London equations, generates a magnetic moment aligned with its rotation axis—this is known as the Barnett effect or London moment in superconductors."",
  ""answer"": ""C""
}"
71,What is the main focus of cryogenic and noble liquid detectors in dark matter experiments?,A,A,A,A,"{
  ""reasoning"": ""The background states that both cryogenic and noble liquid detectors focus strongly on distinguishing background particles (which predominantly scatter off electrons) from dark matter particles (that scatter off nuclei). Their primary goal is not to measure mass or cross-sections directly, but to separate signal from background via distinct signatures (heat or scintillation)."",
  ""answer"": ""A""
}","{
  ""reasoning"": ""The background states that both cryogenic and noble liquid detectors 'focus strongly on their ability to distinguish background particles (which predominantly scatter off electrons) from dark matter particles (that scatter off nuclei).' This indicates their primary purpose is particle discrimination, not direct measurement of mass or cross-section, which are derived from the data after discrimination."",
  ""answer"": ""A""
}","{
  ""reasoning"": ""The background states that both cryogenic and noble liquid detectors focus strongly on distinguishing background particles (which scatter off electrons) from dark matter particles (which scatter off nuclei). This is achieved by detecting heat in crystal absorbers or scintillation in noble liquids, enabling discrimination between electron and nuclear recoils."",
  ""answer"": ""A""
}"
72,What is a pycnometer?,D,D,D,D,"{
  ""reasoning"": ""The background clearly defines a pycnometer as a device for determining the density of a liquid, specifically mentioning it is used to find the density of a liquid or the particle density of a powder. While a gas pycnometer variant exists for measuring solid volume, the core and original definition is for liquid density."",
  ""answer"": ""D""
}","{
  ""reasoning"": ""The background explicitly states that a pycnometer is a device used to determine the density of a liquid. While there are variations like the gas pycnometer for solids, the core definition focuses on liquid density measurement."",
  ""answer"": ""D""
}","{
  ""reasoning"": ""The background explicitly defines a pycnometer as a device used to determine the density of a liquid, with a gas pycnometer being a specialized variant for measuring the volume (and thus density) of solids. The other options either incorrectly specify the measured substance (gas instead of liquid) or the measured property (mass or volume alone rather than density)."",
  ""answer"": ""D""
}"
73,"What is the estimated redshift of CEERS-93316, a candidate high-redshift galaxy observed by the James Webb Space Telescope?",B,B,B,B,"{
  ""reasoning"": ""The background explicitly states that CEERS-93316 is a candidate galaxy observed by JWST with a cosmological redshift of 16.7 (and also mentions 16.4 in a later paragraph). This corresponds to a very early time in the universe, roughly a few hundred million years after the Big Bang."",
  ""answer"": ""B""
}","{
  ""reasoning"": ""The background text explicitly mentions CEERS-93316 twice, each time with a slightly different redshift value: first as cosmological redshift 16.7 and later as 16.4. Both are approximately z = 16.7, and the option matches this with the corresponding time after the Big Bang."",
  ""answer"": ""B""
}","{
  ""reasoning"": ""The background text explicitly states that CEERS-93316 is a candidate galaxy at cosmological redshift 16.7 (and also mentions 16.4 in a later paragraph). This matches option B, which gives z = 16.7 and an age of about 235.8 million years after the Big Bang."",
  ""answer"": ""B""
}"
74,What is bollard pull primarily used for measuring?,D,D,D,D,"{
  ""reasoning"": ""The background mentions bollard pull tests in the context of human-powered vehicles and competitions, indicating it measures pulling force or tractive effort. Among the options, this aligns most closely with measuring the strength of tugboats, which are known for their pulling power in maritime operations."",
  ""answer"": ""D""
}","{
  ""reasoning"": ""The background mentions bollard pull tests are conducted for human-powered vehicles and used in competitions to compare craft, indicating it measures pulling force. Among the options, the one most aligned with measuring pulling force is the strength of tugboats, as tugboats are known for their pulling power in maritime contexts."",
  ""answer"": ""D""
}","{
  ""reasoning"": ""The background mentions bollard pull tests for human-powered vehicles in competitions, indicating it measures pulling force or tractive effort. Among the options, this aligns most closely with measuring the strength of tugboats, which are known for their pulling power in maritime contexts."",
  ""answer"": ""D""
}"
75,What is the piezoelectric strain coefficient for AT-cut quartz crystals?,B,D,D,D,"{
  ""reasoning"": ""The question asks for the piezoelectric strain coefficient (d) of AT-cut quartz crystals, which is a specific material property not explicitly given in the background. However, from general knowledge in piezoelectric materials, the d₁₁ coefficient for quartz is around 2.3 × 10⁻¹² m/V, and AT-cut quartz typically uses d₁₄ or related coefficients. The closest standard value among the options is 2.5 × 10⁻¹² m/V."",
  ""answer"": ""D""
}","{
  ""reasoning"": ""The question asks for the piezoelectric strain coefficient (d) specifically for AT-cut quartz crystals. This is a material property value not explicitly provided in the background text, which focuses on general principles and applications. Based on standard reference data in piezoelectric materials science, the correct value for the d coefficient of AT-cut quartz is known to be approximately 2.3–2.5 × 10⁻¹² m/V, with 2.5 × 10⁻¹² m/V being a commonly cited figure."",
  ""answer"": ""D""
}","{
  ""reasoning"": ""The question asks for the piezoelectric strain coefficient (d) for AT-cut quartz crystals, which is a specific material constant not directly provided in the background. However, from known quartz crystal properties, the piezoelectric coefficient for AT-cut quartz is typically around 2.3–3.1 × 10⁻¹² m/V, with a commonly cited value near 2.5 × 10⁻¹² m/V."",
  ""answer"": ""D""
}"
76,What is the difference between probability mass function (PMF) and probability density function (PDF)?,D,D,D,D,"{
  ""reasoning"": ""The background clearly states that PMF is used in the context of discrete random variables, while PDF is used for continuous random variables. It also highlights that the PDF requires integration over an interval to yield a probability, unlike the PMF which gives probabilities directly for discrete values."",
  ""answer"": ""D""
}","{
  ""reasoning"": ""The background clarifies that PMF is used for discrete random variables (taking values on a countable set), while PDF is used for continuous random variables (specifying probabilities via integration over intervals). They are distinct concepts and not interchangeable."",
  ""answer"": ""D""
}","{
  ""reasoning"": ""The background clearly states that PMF is used in the context of discrete random variables, while PDF is used for continuous random variables. It also notes that the terms are sometimes confused, but the standard distinction is based on the type of random variable."",
  ""answer"": ""D""
}"
77,"How do the Lunar Laser Ranging Experiment, radar astronomy, and the Deep Space Network determine distances to the Moon, planets, and spacecraft?",B,B,B,B,"{
  ""reasoning"": ""The background explicitly describes Lunar Laser Ranging as measuring the round-trip time of laser pulses to the Moon, radar astronomy as bouncing radio waves off objects and analyzing reflections to determine distance, and similar principles apply to tracking spacecraft. All these methods fundamentally rely on timing how long a signal takes to travel to a target and back."",
  ""answer"": ""B""
}","{
  ""reasoning"": ""The background describes Lunar Laser Ranging as measuring the round-trip time of laser pulses to the Moon, and radar astronomy as bouncing radio waves off objects to determine distances. Both techniques rely on timing the return of reflected signals, not directly measuring constants, light speed, or using interferometry."",
  ""answer"": ""B""
}","{
  ""reasoning"": ""The background describes Lunar Laser Ranging as measuring the round-trip time of laser pulses to the Moon, radar astronomy as bouncing radio waves off objects and analyzing reflections, and similar principles apply to spacecraft tracking. All these methods fundamentally rely on timing how long a signal takes to travel to a target and back."",
  ""answer"": ""B""
}"
78,What is the Ozma Problem?,C,C,C,C,"{
  ""reasoning"": ""The background mentions the Ozma Problem in the context of communicating the meaning of left and right without a shared reference object, which relates to fundamental asymmetries in physics. Among the options, only C directly addresses mirror asymmetry, chirality, and related concepts that align with this definition."",
  ""answer"": ""C""
}","{
  ""reasoning"": ""The background explicitly states that the Ozma Problem is about communicating the meaning of left and right between two parties who cannot view a common object, which relates to fundamental asymmetry in the universe. Among the options, only C directly addresses mirror asymmetry, chirality, and related concepts in physics, matching the description."",
  ""answer"": ""C""
}","{
  ""reasoning"": ""The background describes the Ozma Problem as arising from the challenge of communicating the meaning of left and right between Earth and another planet without viewing a common object. This is fundamentally about asymmetry and mirror concepts, which aligns with option C's mention of chirality, parity, and fundamental asymmetry."",
  ""answer"": ""C""
}"
79,What is a Hilbert space in quantum mechanics?,E,E,E,E,"{
  ""reasoning"": ""The background repeatedly states that quantum mechanical states are represented by vectors in a complex Hilbert space, which is a complete inner product space. The options distinguish between classical and quantum systems, as well as between physical and mathematical/complex vector spaces."",
  ""answer"": ""E""
}","{
  ""reasoning"": ""The background repeatedly states that quantum states are represented by vectors in a complex Hilbert space, which is a complete inner product space. It is a mathematical construct, not a physical space, and specifically applies to quantum systems, not classical ones."",
  ""answer"": ""E""
}","{
  ""reasoning"": ""The background text repeatedly states that quantum states are represented by vectors in a complex Hilbert space, which is a mathematical (specifically, a complex vector) space, not a physical space. It also emphasizes that this applies to quantum mechanical systems, not classical ones."",
  ""answer"": ""E""
}"
80,What is the significance of the speed of light in vacuum?,C,C,C,C,"{
  ""reasoning"": ""The background establishes that the speed of light in vacuum (c) is a fundamental constant of nature, independent of the motion of the source or the observer's inertial frame, as postulated in special relativity. This invariance is a foundational principle, not limited to specific measurement scenarios or units."",
  ""answer"": ""C""
}","{
  ""reasoning"": ""The background emphasizes that the speed of light in vacuum (c) is a fundamental constant of nature, independent of the motion of the source or the observer's inertial frame, as established by special relativity. This invariance is a core principle distinguishing it from speeds in material media or classical expectations."",
  ""answer"": ""C""
}","{
  ""reasoning"": ""The background emphasizes that the speed of light in vacuum (c) is a fundamental constant in special relativity, independent of the motion of the source or the observer's inertial frame. This principle is a cornerstone of modern physics and distinguishes it from pre-relativistic expectations."",
  ""answer"": ""C""
}"
81,What is the term used to describe the proportionality factor to the Stefan-Boltzmann law that is utilized in subsequent evaluations of the radiative behavior of grey bodies?,A,A,A,A,"{
  ""reasoning"": ""The background explicitly states that emissivity is defined as a further proportionality factor to the Stefan-Boltzmann law for grey bodies. This factor adjusts the blackbody radiation formula to account for real materials that are not perfect emitters."",
  ""answer"": ""A""
}","{
  ""reasoning"": ""The question asks for the term used as a proportionality factor to the Stefan-Boltzmann law when evaluating grey bodies. The background explicitly states that emissivity is defined as a proportionality factor to the Stefan-Boltzmann law for this purpose, and it is used to characterize radiative behavior of grey bodies."",
  ""answer"": ""A""
}","{
  ""reasoning"": ""The question asks for the term that serves as a proportionality factor to the Stefan-Boltzmann law when evaluating grey bodies. The background explicitly states that 'Emissivity, defined as a further proportionality factor to the Stefan-Boltzmann law, was thus implied and utilized in subsequent evaluations of the radiative behavior of grey bodies.'"",
  ""answer"": ""A""
}"
82,What is the reason for the formation of stars exclusively within molecular clouds?,B,B,B,B,"{
  ""reasoning"": ""The background states that star formation occurs exclusively within molecular clouds due to their specific conditions. It explicitly mentions that this is a consequence of their low temperatures and high densities, which allow gravity to overcome outward pressure."",
  ""answer"": ""B""
}","{
  ""reasoning"": ""The question asks why stars form only in molecular clouds. The background states that star formation occurs exclusively within molecular clouds due to their low temperatures and high densities, which allow gravity to overcome outward pressure and initiate collapse."",
  ""answer"": ""B""
}","{
  ""reasoning"": ""The background explicitly states that star formation occurs exclusively within molecular clouds because their low temperatures and high densities allow gravitational collapse to overcome internal pressure. This condition is necessary for gravity to dominate and initiate star formation."",
  ""answer"": ""B""
}"
83,What is the identity operation in symmetry groups?,A,A,A,A,"{
  ""reasoning"": ""The identity operation is defined as doing nothing to the object, leaving it completely unchanged. It is the fundamental identity element in any symmetry group, corresponding to no transformation."",
  ""answer"": ""A""
}","{
  ""reasoning"": ""The identity operation is defined as doing nothing to the object, leaving it completely unchanged. It is the fundamental identity element in any symmetry group, as described in the background."",
  ""answer"": ""A""
}","{
  ""reasoning"": ""The identity operation is defined as doing nothing to the object, leaving it completely unchanged. It serves as the mathematical identity element in the symmetry group, satisfying group axioms."",
  ""answer"": ""A""
}"
84,What is a regular polytope?,C,C,C,C,"{
  ""reasoning"": ""The background explicitly states that for regular polytopes, the automorphism group acts transitively on the set of flags. This is highlighted in both the discussion of abstract polytopes and complex polytopes, making flag-transitivity the defining property."",
  ""answer"": ""C""
}","{
  ""reasoning"": ""The background states that for regular polytopes, research in abstract polytopes has focused on those whose automorphism groups act transitively on the set of flags. It also mentions that for complex regular polytopes, the symmetry group acts transitively on the flags."",
  ""answer"": ""C""
}","{
  ""reasoning"": ""The background explicitly states that for regular polytopes, the symmetry group acts transitively on the set of flags. This is a standard definition in the theory of abstract polytopes, distinguishing regular polytopes by their high degree of symmetry."",
  ""answer"": ""C""
}"
85,What is the reason behind the largest externally observed electrical effects when two conductors are separated by the smallest distance without touching?,D,D,D,D,"{
  ""reasoning"": ""The background states that the surface charge on a conductor depends on the magnitude of the electric field, and that the electric field depends on the distance between the surfaces. This dependence explains why the electrical effects are largest at the smallest separation without touching, as the field strength increases with proximity."",
  ""answer"": ""D""
}","{
  ""reasoning"": ""The question refers to the contact electrification phenomenon described in the background, where the surface charge on a conductor depends on the electric field magnitude, and that electric field depends on the separation distance between the conductors. The background explicitly states that effects are largest at the smallest separation without touching because the electric field is strongest at close distances."",
  ""answer"": ""D""
}","{
  ""reasoning"": ""The background states that in contact electrification, the surface charge on a conductor depends on the magnitude of the electric field, which depends on the distance between the surfaces. This directly explains why the smallest separation without touching maximizes external electrical effects, as the electric field strength increases with reduced distance."",
  ""answer"": ""D""
}"
86,What is the formalism that angular momentum is associated with in rotational invariance?,D,D,D,D,"{
  ""reasoning"": ""The question asks about the differential form degree of the Noether charge associated with rotational invariance. In classical and quantum field theory, conserved currents from Noether's theorem are 1-forms, and their associated charges are 0-forms (scalars) integrated over space. However, angular momentum is associated with rotational symmetry, and in geometric formulations, the corresponding conserved quantity is often expressed as a 2-form (relating to the antisymmetric tensor for rotations in spacetime)."",
  ""answer"": ""D""
}","{
  ""reasoning"": ""The question asks about the differential form degree of the Noether charge for angular momentum under rotational invariance. In theoretical physics, especially in the context of Noether's theorem and differential forms, angular momentum corresponds to a conserved quantity arising from rotational symmetry. In Hamiltonian or Lagrangian mechanics with differential forms, rotational symmetry leads to a Noether charge that is naturally expressed as a 2-form in certain formulations (e.g., in spacetime or phase space), particularly when considering the generators of rotations in geometric terms."",
  ""answer"": ""D""
}","{
  ""reasoning"": ""The question asks about the differential form degree of the Noether charge associated with rotational invariance. In theoretical physics, especially in the context of Noether's theorem for spacetime symmetries, conserved currents are typically 1-forms, and their associated charges are 0-forms (scalars) integrated over space. However, for angular momentum, the conserved quantity arises from rotational symmetry and is often expressed as an antisymmetric tensor (angular momentum tensor), which in differential form language corresponds to a 2-form charge in certain formulations."",
  ""answer"": ""D""
}"
87,"Which hand should be used to apply the right-hand rule when tightening or loosening nuts, screws, bolts, bottle caps, and jar lids?",B,B,B,B,"{
  ""reasoning"": ""The background explicitly states that the right-hand rule is used for tightening and loosening threaded objects, and the description specifies using one's right hand to determine the turning direction. The rule is named 'right-hand rule' and is applied with the right hand."",
  ""answer"": ""B""
}","{
  ""reasoning"": ""The background explicitly states that the right-hand rule is used for tightening and loosening typical threaded objects. It describes placing the right hand above the object with the thumb pointing in the desired direction of movement."",
  ""answer"": ""B""
}","{
  ""reasoning"": ""The background explicitly states that the right-hand rule is applied using the right hand, with the thumb indicating direction of movement and curled fingers indicating turning direction. This is a standard convention for typical right-handed threads."",
  ""answer"": ""B""
}"
88,What is the Minkowski diagram used for?,E,E,E,E,"{
  ""reasoning"": ""The background mentions that Minkowski diagrams were used by Max Born (1920) and others to demonstrate relativistic effects like length contraction and time dilation, which are core concepts of special relativity. The diagrams provide a geometrical interpretation of Lorentz transformations, which form the basis of special relativity, not general relativity or quantum mechanics."",
  ""answer"": ""E""
}","{
  ""reasoning"": ""The background mentions that Minkowski diagrams were used by Max Born (1920) to demonstrate length contraction and time dilation, which are key phenomena in special relativity. The diagrams are based on Minkowski space, which is fundamental to the geometric formulation of special relativity and Lorentz transformations."",
  ""answer"": ""E""
}","{
  ""reasoning"": ""The background mentions Minkowski diagrams in the context of length contraction and time dilation, which are phenomena of special relativity. It also references Lorentz transformations and the historical development by Born, Mirimanoff, and Gruner, indicating that the diagrams are used to illustrate special relativity concepts."",
  ""answer"": ""E""
}"
89,What are the two main interpretations for the disparity between the presence of matter and antimatter in the observable universe?,D,D,D,D,"{
  ""reasoning"": ""The background explicitly states: 'There are two main interpretations for this disparity: either the universe began with a small preference for matter (total baryonic number of the universe different from zero), or the universe was originally perfectly symmetric, but somehow a set of phenomena contributed to a small imbalance in favour of matter over time.' This matches an option where one interpretation is an initial matter preference and the other is an evolution from perfect symmetry to a matter imbalance."",
  ""answer"": ""D""
}","{
  ""reasoning"": ""The background states the two main interpretations are: (1) the universe began with a small preference for matter (nonzero baryonic number), or (2) the universe was originally perfectly symmetric, but processes later created a small imbalance favoring matter. The question asks for these two interpretations, which match option D."",
  ""answer"": ""D""
}","{
  ""reasoning"": ""The background states the two main interpretations: either the universe started with a nonzero baryonic number (a small initial preference for matter), or it began perfectly symmetric and processes later created an imbalance favoring matter. The correct option must reflect an initial small matter preference or a symmetric start with later matter-favoring imbalance."",
  ""answer"": ""D""
}"
90,What is the Ramsauer-Townsend effect?,B,B,B,B,"{
  ""reasoning"": ""The background explicitly states that the Ramsauer–Townsend effect involves scattering of low-energy electrons by atoms of a noble gas and cannot be explained classically, requiring quantum wave theory. Only option B matches this description exactly."",
  ""answer"": ""B""
}","{
  ""reasoning"": ""The background explicitly states that the Ramsauer–Townsend effect involves scattering of low-energy electrons by noble gas atoms and cannot be explained classically, requiring quantum wave theory. This matches option B exactly."",
  ""answer"": ""B""
}","{
  ""reasoning"": ""The background explicitly states that the Ramsauer–Townsend effect involves low-energy electrons scattering off noble gas atoms and cannot be explained classically, requiring quantum wave theory. This directly matches option B."",
  ""answer"": ""B""
}"
91,What is Minkowski space?,B,B,B,B,"{
  ""reasoning"": ""The background describes Minkowski space as a four-dimensional pseudo-Euclidean space with signature (3,1) or (1,3), used to model spacetime in special relativity, not a physical space with forces or curved motion. Among the options, only B correctly identifies it as a four-dimensional model combining space and time, though it mentions 'non-inertial reference frame' which is not standard; still, it is the closest match as the other options misstate dimensions or describe physical motion incorrectly."",
  ""answer"": ""B""
}","{
  ""reasoning"": ""The background describes Minkowski space as a four-dimensional pseudo-Euclidean space with signature (3,1) or (1,3), used to model spacetime in special relativity. It is a mathematical model combining space and time into a four-dimensional manifold, not a physical space with force-based motion."",
  ""answer"": ""B""
}","{
  ""reasoning"": ""The background describes Minkowski space as a 4-dimensional pseudo-Euclidean space with signature (3,1) or (1,3), used to model spacetime in special relativity. It is a mathematical model combining space and time, not a physical space with forces or curved motion."",
  ""answer"": ""B""
}"
92,What is the Optical Signal-to-Noise Ratio (OSNR)?,B,B,B,B,"{
  ""reasoning"": ""The background clearly defines OSNR as the ratio of signal power to noise power in a given bandwidth (commonly 0.1 nm), independent of modulation format and receiver. It is used to characterize signal quality without considering the receiver's influence."",
  ""answer"": ""B""
}","{
  ""reasoning"": ""The background clearly defines OSNR as the ratio between signal power and noise power in a given bandwidth, independent of modulation format and receiver. It explicitly mentions a common reference bandwidth of 0.1 nm, not 6.02 m, and emphasizes its use for characterizing signal quality without considering the receiver."",
  ""answer"": ""B""
}","{
  ""reasoning"": ""The background explicitly states that OSNR is the ratio between signal power and noise power in a given bandwidth, independent of modulation format and receiver. It also mentions that a common reference bandwidth is 0.1 nm, not 6.02m, and does not link OSNR to dynamic range constraints."",
  ""answer"": ""B""
}"
93,What is the interpretation of supersymmetry in stochastic supersymmetric theory?,E,E,E,E,"{
  ""reasoning"": ""The question asks for the interpretation of supersymmetry specifically within stochastic supersymmetric theory (STS). The background states that in STS, supersymmetry is an intrinsic property of all stochastic differential equations, representing the preservation of continuity via continuous time flows in the model's phase space. This directly matches option E."",
  ""answer"": ""E""
}","{
  ""reasoning"": ""The question asks specifically about the interpretation of supersymmetry in stochastic supersymmetric theory (STS). According to the background, STS views supersymmetry as an inherent feature of all stochastic differential equations, tied to the preservation of continuity in phase space through continuous time flows."",
  ""answer"": ""E""
}","{
  ""reasoning"": ""The background states that within stochastic supersymmetric theory, supersymmetry is an intrinsic property of all stochastic differential equations, and its interpretation is that the model's phase space preserves continuity via continuous time flows. This matches option E directly, while the other options incorrectly relate supersymmetry to magnetic fields or dynamo strength."",
  ""answer"": ""E""
}"
94,"What is the purpose of expressing a map's scale as a ratio, such as 1:10,000?",E,E,E,E,"{
  ""reasoning"": ""The question asks about the purpose of a ratio scale on a map. The background explains that a scale like 1:10,000 means 1 unit on the map corresponds to 10,000 units on the ground, directly relating map size to real-world size."",
  ""answer"": ""E""
}","{
  ""reasoning"": ""The background explains that a map scale expressed as a ratio, like 1:10,000, means that one unit on the map corresponds to a specific number of the same units on the ground. This directly describes how the map's dimensions relate to the real-world area it represents, allowing for accurate distance measurements."",
  ""answer"": ""E""
}","{
  ""reasoning"": ""The background explains that a map scale expressed as a ratio (e.g., 1:10,000) means that one unit on the map corresponds to a specific number of the same units on the ground. This directly describes how the map's dimensions relate to the real-world area it represents."",
  ""answer"": ""E""
}"
95,What is the main sequence in astronomy?,C,C,C,C,"{
  ""reasoning"": ""The background mentions that the main sequence luminosity function maps the distribution of main sequence stars by luminosity, and that almost everything about a star is determined by its initial mass, including luminosity and evolution. This aligns with the standard astronomical definition of the main sequence as a band of stars on a color-brightness plot."",
  ""answer"": ""C""
}","{
  ""reasoning"": ""The background discusses main sequence stars, their luminosity function, and how their properties depend on mass. This aligns with the definition of the main sequence as a band of stars on a Hertzsprung-Russell diagram plotting color against brightness."",
  ""answer"": ""C""
}","{
  ""reasoning"": ""The background discusses main sequence stars in the context of luminosity functions and stellar structure, indicating the main sequence is a classification of stars based on properties like luminosity and color. Among the options, only C directly describes this as a band on color–brightness plots where main-sequence stars are found."",
  ""answer"": ""C""
}"
96,"Who proposed the concept of ""maximal acceleration""?",C,C,C,C,"{
  ""reasoning"": ""The background text does not mention any of the listed names in connection with 'maximal acceleration'. However, from general physics history, the concept of a fundamental maximal acceleration in nature is attributed to Eduardo R. Caianiello, who introduced it in the early 1980s based on quantum and gravitational considerations."",
  ""answer"": ""C""
}","{
  ""reasoning"": ""The background text does not mention any specific proponent of 'maximal acceleration.' However, based on general physics history, the concept of a fundamental limit to acceleration in relativistic physics is attributed to Eduardo R. Caianiello, who derived it from the Heisenberg uncertainty principle and quantum mechanics considerations."",
  ""answer"": ""C""
}","{
  ""reasoning"": ""The background text does not mention any specific proponent of 'maximal acceleration' as a physical principle. Among the options, Eduardo R. Caianiello is known in physics for proposing a fundamental limit on acceleration based on quantum and relativistic considerations, which is not discussed in the provided context."",
  ""answer"": ""C""
}"
97,What is indirect photophoresis?,D,E,E,C,"{
  ""reasoning"": ""The background does not explicitly define indirect photophoresis, but it states that indirect photophoretic force depends on physical properties of the particle and surrounding medium. Indirect phenomena in photophysics often involve interactions mediated by the environment. Among the options, indirect photophoresis likely involves uniform absorption creating a temperature gradient, with particle motion opposite to that gradient due to interactions with the medium."",
  ""answer"": ""E""
}","{
  ""reasoning"": ""The background mentions that indirect photophoretic force depends on physical properties of the particle and medium, but does not explicitly define indirect photophoresis. However, based on standard photophoresis concepts, indirect photophoresis typically involves uniform absorption of light within a particle, leading to a temperature gradient across the particle and migration opposite to that gradient. This matches the description where particles move opposite to the surface temperature gradient due to uniform absorption."",
  ""answer"": ""E""
}","{
  ""reasoning"": ""The background states that indirect photophoretic force depends on physical properties of the particle and medium, but does not explicitly define it. However, from general knowledge of photophoresis, indirect photophoresis involves uniform absorption of light by the particle, leading to a temperature gradient across the particle and motion in the direction of the gradient (from hotter to cooler). This matches the description of uniform absorption and migration along the temperature gradient."",
  ""answer"": ""C""
}"
98,What does Earnshaw's theorem state?,D,D,D,D,"{
  ""reasoning"": ""The background does not mention Earnshaw's theorem, but it is a known result in electrostatics. Earnshaw's theorem states that a set of point charges cannot be held in stable equilibrium solely by electrostatic forces, which matches option D."",
  ""answer"": ""D""
}","{
  ""reasoning"": ""The background context does not mention Earnshaw's theorem, so I must rely on prior knowledge. Earnshaw's theorem is a classical result in electrostatics, stating that a set of point charges cannot be held in stable equilibrium solely through electrostatic forces, due to the properties of Laplace's equation."",
  ""answer"": ""D""
}","{
  ""reasoning"": ""Earnshaw's theorem is a classical result in electrostatics, not mentioned in the background. It concerns the stability of charged particles under electrostatic forces alone. The theorem essentially states that stable equilibrium is impossible for point charges solely through electrostatic interactions."",
  ""answer"": ""D""
}"
99,What is radiosity in radiometry?,D,D,D,D,"{
  ""reasoning"": ""The background defines radiosity as the radiant flux leaving (emitted, reflected, and transmitted by) a surface per unit area. It is explicitly distinguished from irradiance, which is flux received per unit area."",
  ""answer"": ""D""
}","{
  ""reasoning"": ""The background defines radiosity as the radiant flux leaving (emitted, reflected and transmitted by) a surface per unit area. This excludes absorbed radiation and focuses on flux exiting the surface, not entering or per unit volume."",
  ""answer"": ""D""
}","{
  ""reasoning"": ""The background explicitly states: 'radiosity is the radiant flux leaving (emitted, reflected and transmitted by) a surface per unit area.' This matches the definition of radiosity as the flux leaving, not entering, and includes emitted, reflected, and transmitted components."",
  ""answer"": ""D""
}"
100,What is a virtual particle?,D,D,D,D,"{
  ""reasoning"": ""The background text explains that virtual particles are temporary excitations of quantum fields that appear in interaction calculations but never as directly detectable asymptotic states. They are not observable in experiments, but their effects, such as in the Casimir effect or Lamb shift, are measurable."",
  ""answer"": ""D""
}","{
  ""reasoning"": ""The background describes virtual particles as temporary excitations of quantum fields that appear in interaction calculations but never as directly detectable asymptotic states. They are inferred from their effects, such as in the Casimir effect or Lamb shift, and are tied to quantum fluctuations and the uncertainty principle."",
  ""answer"": ""D""
}","{
  ""reasoning"": ""The background explains that virtual particles are temporary excitations of quantum fields that appear in interaction calculations but never as directly detectable asymptotic states. They are inferred from their measurable effects, such as in the Casimir effect or Lamb shift, and are linked to quantum fluctuations and uncertainty principles."",
  ""answer"": ""D""
}"
101,"Who proposed the principle of ""complexity from noise"" and when was it first introduced?",B,D,D,D,"{
  ""reasoning"": ""The background text does not mention any of the names or dates in the options in connection with a 'complexity from noise' principle. The text discusses noise in various contexts (music, speech perception, stochastic resonance) but not this specific principle."",
  ""answer"": ""D""
}","{
  ""reasoning"": ""The background text does not mention any of the names or dates in the options in connection with a principle of 'complexity from noise.' The passage discusses noise in music, perception, and stochastic resonance, but not that specific principle."",
  ""answer"": ""D""
}","{
  ""reasoning"": ""The background text does not mention any of the names or dates in the options in connection with a 'complexity from noise' principle. The text discusses noise in music, perception, and information processing, but not that specific concept or its origin."",
  ""answer"": ""D""
}"
102,What is the order parameter that breaks the electromagnetic gauge symmetry in superconductors?,C,C,C,C,"{
  ""reasoning"": ""The background explicitly states that in superconductors, there is a condensed-matter collective field ψ, which acts as the order parameter breaking the electromagnetic gauge symmetry. This corresponds directly to one of the given options."",
  ""answer"": ""C""
}","{
  ""reasoning"": ""The background explicitly states: 'In superconductors, there is a condensed-matter collective field ψ, which acts as the order parameter breaking the electromagnetic gauge symmetry.' This directly matches one of the provided options."",
  ""answer"": ""C""
}","{
  ""reasoning"": ""The question asks specifically for the order parameter breaking electromagnetic gauge symmetry in superconductors. The background explicitly states that in superconductors, this order parameter is a condensed-matter collective field ψ, analogous to how a component of the Higgs field plays a similar role in electroweak symmetry breaking."",
  ""answer"": ""C""
}"
103,What is the reason for the sun appearing slightly yellowish when viewed from Earth?,B,B,B,B,"{
  ""reasoning"": ""The question asks why the sun appears slightly yellowish from Earth. According to the background, Rayleigh scattering removes more blue light from the direct solar beam, leaving the transmitted light enriched in longer wavelengths like yellow and red."",
  ""answer"": ""B""
}","{
  ""reasoning"": ""The question asks why the sun appears slightly yellowish from Earth. The background explains that Rayleigh scattering removes more blue light from the direct solar beam, leaving the transmitted light enriched in longer wavelengths like yellow and red."",
  ""answer"": ""B""
}","{
  ""reasoning"": ""The question asks why the sun appears slightly yellowish from Earth. According to the background, Rayleigh scattering removes more blue light from the direct solar beam, leaving the transmitted light enriched in longer wavelengths like yellow and red."",
  ""answer"": ""B""
}"
104,What is the Landau-Lifshitz-Gilbert equation used for in physics?,C,C,C,C,"{
  ""reasoning"": ""The background clearly states the Landau-Lifshitz-Gilbert equation describes the precessional motion of magnetization M in a solid, and is used in dynamic micromagnetics to predict the time evolution of magnetization in a sample under non-steady conditions. Micromagnetics is the field that studies magnetic phenomena at microscopic scales, particularly in ferromagnetic materials."",
  ""answer"": ""C""
}","{
  ""reasoning"": ""The background explicitly states that the Landau-Lifshitz-Gilbert equation describes the precessional motion of magnetization M in a solid, and is used in dynamic micromagnetics to predict the time evolution of magnetization. It is applied to ferromagnetic materials at mesoscopic and macroscopic scales via micromagnetic theory."",
  ""answer"": ""C""
}","{
  ""reasoning"": ""The background clearly states the Landau-Lifshitz-Gilbert equation describes the precessional motion of magnetization M in a solid, not a liquid. It is used in micromagnetics to predict the time evolution of magnetization, such as in ferromagnetic materials under varying magnetic fields."",
  ""answer"": ""C""
}"
105,What is spatial dispersion?,D,D,D,D,"{
  ""reasoning"": ""The background explicitly defines spatial dispersion as the wavevector dependence of material parameters like permittivity, not time dependence. It also notes that spatial dispersion is significant at microscopic scales (e.g., atomic dimensions) and involves non-local response, which is a spreading effect rather than a memory effect."",
  ""answer"": ""D""
}","{
  ""reasoning"": ""The background explicitly defines spatial dispersion as the wavevector dependence of material parameters like permittivity, contrasting it with temporal (frequency) dispersion. It also notes that spatial dispersion is significant at microscopic scales due to non-local response, but negligible at macroscopic distances."",
  ""answer"": ""D""
}","{
  ""reasoning"": ""The background explicitly defines spatial dispersion as a phenomenon where material parameters like permittivity depend on wavevector, not on time. It also notes that spatial dispersion is a non-local response in space and is often significant at microscopic scales, such as in metals or plasmas."",
  ""answer"": ""D""
}"
106,What are the constituents of cold dark matter?,A,A,A,A,"{
  ""reasoning"": ""The background states that dark matter has not been conclusively identified and that leading candidates include weakly interacting massive particles (WIMPs) and axions, both beyond the Standard Model. It also mentions MACHOs (like black dwarfs) as possible cold dark matter, though noting the universe is too young for black dwarfs to exist yet."",
  ""answer"": ""A""
}","{
  ""reasoning"": ""The background states that dark matter's exact nature is not conclusively identified and that the leading candidates are WIMPs and axions, both new elementary particles not in the Standard Model. It also mentions MACHOs as a possibility earlier in the text, and notes that black dwarfs do not yet exist, ruling out certain exotic compact objects as current constituents."",
  ""answer"": ""A""
}","{
  ""reasoning"": ""The background text states that dark matter's exact nature is not conclusively identified and is under intense study, with leading candidates being new elementary particles like WIMPs and axions. It also mentions that MACHOs (Massive Compact Halo Objects) are another proposed form of cold dark matter, though not explicitly detailed here, but they are a classic alternative to particle candidates."",
  ""answer"": ""A""
}"
107,What is the mechanism of FTIR?,D,C,D,D,"{
  ""reasoning"": ""The question asks about the mechanism of FTIR in the context of an analog to quantum tunneling. FTIR stands for Frustrated Total Internal Reflection, which involves the coupling of evanescent waves across a gap, analogous to quantum tunneling where a particle crosses a potential barrier."",
  ""answer"": ""C""
}","{
  ""reasoning"": ""The question asks about the mechanism of FTIR (Fourier Transform Infrared spectroscopy) specifically in the context of an analog to quantum tunneling. Among the options, frustrated total internal reflection (FTIR) and evanescent-wave coupling are closely related concepts in optics, but the mechanism directly analogous to quantum tunneling is evanescent-wave coupling, as it involves the penetration of an electromagnetic field into a lower-index medium during total internal reflection, similar to quantum tunneling through a barrier."",
  ""answer"": ""D""
}","{
  ""reasoning"": ""The question asks for the mechanism of FTIR that serves as an analog to visualize quantum tunneling. FTIR (Fourier Transform Infrared Spectroscopy) often uses attenuated total reflectance (ATR), which relies on an evanescent wave generated during total internal reflection when infrared light interacts with a sample. This evanescent-wave coupling is indeed a classical analogy to quantum tunneling."",
  ""answer"": ""D""
}"
108,What is the origin of the permanent moment in paramagnetism?,A,A,A,A,"{
  ""reasoning"": ""The question asks about the origin of the permanent moment in paramagnetism specifically. According to the background, paramagnetism occurs in materials with unpaired electrons, and the permanent magnetic moment exists even without an external field due to these unpaired electrons. The key source is the spin of unpaired electrons in atomic or molecular orbitals, which gives rise to a permanent dipole moment."",
  ""answer"": ""A""
}","{
  ""reasoning"": ""The question asks about the origin of the permanent magnetic moment in paramagnetic materials. According to the background, paramagnetism occurs in materials with unpaired electrons, and these moments are disordered without a field but align temporarily when a field is applied. The intrinsic permanent moment arises from the unpaired electrons themselves, not from external alignment or interactions."",
  ""answer"": ""A""
}","{
  ""reasoning"": ""The question asks about the origin of the permanent magnetic moment in paramagnetic materials. According to the background, paramagnetism arises from atoms or molecules that have intrinsic magnetic moments even without an external field, primarily due to unpaired electrons with net spin or orbital angular momentum."",
  ""answer"": ""A""
}"
109,What is the reason that Newton's second law cannot be used to calculate the development of a physical system in quantum mechanics?,D,D,D,D,"{
  ""reasoning"": ""The background explains that classical mechanics, including Newton's second law, fails at atomic and subatomic scales where quantum effects dominate. Particle spin is an intrinsic form of angular momentum with no classical counterpart—it does not arise from point-like motions in space, making Newtonian mechanics inapplicable."",
  ""answer"": ""D""
}","{
  ""reasoning"": ""The background explains that classical mechanics, including Newton's second law, fails at atomic and subatomic scales because quantum systems exhibit quantization, wave-particle duality, and uncertainty. Particle spin is an intrinsic form of angular momentum with no classical counterpart; it is not the result of point-like motions in space."",
  ""answer"": ""D""
}","{
  ""reasoning"": ""The background explains that Newton's second law applies to classical macroscopic systems but fails for subatomic particles because quantum mechanics involves discrete quantization and wave-particle duality. Particle spin is an intrinsic form of angular momentum with no classical counterpart; it is not the result of point-like motions in space, which is why Newton's laws are inapplicable."",
  ""answer"": ""D""
}"
110,"What is the butterfly effect, as defined by Lorenz in his book ""The Essence of Chaos""?",C,C,C,C,"{
  ""reasoning"": ""The question asks specifically for Lorenz's definition from his 1993 book 'The Essence of Chaos'. The background states that Lorenz defined it as: 'The phenomenon that a small alteration in the state of a dynamical system will cause subsequent states to differ greatly from the states that would have followed without the alteration.' This matches the description of a small change causing significant differences in subsequent states."",
  ""answer"": ""C""
}","{
  ""reasoning"": ""The background explicitly states that Lorenz defined the butterfly effect in his 1993 book as: 'The phenomenon that a small alteration in the state of a dynamical system will cause subsequent states to differ greatly from the states that would have followed without the alteration.' This matches the description of a small change in initial conditions leading to significant differences in subsequent states."",
  ""answer"": ""C""
}","{
  ""reasoning"": ""The background explicitly states that in 'The Essence of Chaos' (1993), Lorenz defined the butterfly effect as: 'The phenomenon that a small alteration in the state of a dynamical system will cause subsequent states to differ greatly from the states that would have followed without the alteration.' This matches the description of a small change in initial conditions leading to significant differences in subsequent states."",
  ""answer"": ""C""
}"
111,What is the role of CYCLOIDEA genes in the evolution of bilateral symmetry?,D,D,D,D,"{
  ""reasoning"": ""The question asks about the role of CYCLOIDEA genes specifically in the evolution of bilateral symmetry in plants. The background states that these genes encode transcription factors that influence developmental pathways related to symmetry, and their expression patterns help establish dorsal-ventral differences in flowers."",
  ""answer"": ""D""
}","{
  ""reasoning"": ""The question asks specifically about the role of CYCLOIDEA genes in the evolution of bilateral symmetry. The background states that CYCLOIDEA genes encode transcription factors that control other genes, influencing developmental pathways for symmetry, and that mutations in them cause reversion to radial symmetry. Option D directly captures this mechanistic role, while others either misattribute causality (B, E) or are too narrow (C) or incorrect in scope (A)."",
  ""answer"": ""D""
}","{
  ""reasoning"": ""The question asks specifically about the role of CYCLOIDEA genes in the evolution of bilateral symmetry. The background states that CYCLOIDEA genes encode transcription factors that control other genes, influencing developmental pathways related to symmetry, and that mutations in them cause reversion to radial symmetry. This directly points to their regulatory role in symmetry development."",
  ""answer"": ""D""
}"
112,What is the required excess quark per billion quark-antiquark pairs in the early universe in order to provide all the observed matter in the universe?,A,A,A,A,"{
  ""reasoning"": ""The background states that the baryon asymmetry needed to account for present matter corresponds to 'one excess quark per billion quark-antiquark pairs in the early universe.' This is a direct quote from the text, matching the question's phrasing."",
  ""answer"": ""A""
}","{
  ""reasoning"": ""The background explicitly states that the baryon asymmetry needed to account for all observed matter corresponds to 'one excess quark per billion quark-antiquark pairs in the early universe.' This means that for every billion quark-antiquark pairs, there must be one additional quark left over after annihilation."",
  ""answer"": ""A""
}","{
  ""reasoning"": ""The background states that to account for the observed matter in the universe, there must have been a tiny imbalance between matter and antimatter in the early universe. Specifically, it mentions: 'There is a required one excess quark per billion quark-antiquark pairs in the early universe in order to provide all the observed matter in the universe.'"",
  ""answer"": ""A""
}"
113,"What is the meaning of the term ""horror vacui""?",B,B,B,B,"{
  ""reasoning"": ""The background explicitly states that horror vacui is a Latin term meaning 'fear of empty space' and relates to Aristotle's idea that 'nature abhors an empty space.' This directly matches option B's description of a commonly held view about nature and vacuums."",
  ""answer"": ""B""
}","{
  ""reasoning"": ""The question asks for the meaning of the term 'horror vacui' as used in the background context. The background explicitly states that horror vacui is a Latin term meaning 'fear of empty space' and relates to Aristotle's idea that 'nature abhors an empty space.'"",
  ""answer"": ""B""
}","{
  ""reasoning"": ""The question asks for the meaning of the term 'horror vacui' as presented in the background. The background explicitly states that horror vacui is a Latin term meaning 'fear of empty space' and relates to Aristotle's idea that 'nature abhors an empty space'."",
  ""answer"": ""B""
}"
114,What is the Droste effect?,D,D,D,D,"{
  ""reasoning"": ""The question asks about the Droste effect, which is not mentioned in the background context. Based on general knowledge, the Droste effect is a visual recursion phenomenon where an image contains a smaller version of itself, often associated with the Droste cocoa brand packaging and M.C. Escher's work."",
  ""answer"": ""D""
}","{
  ""reasoning"": ""The question asks about the Droste effect, which is not mentioned in the provided background. The background covers topics like invariant measures, delay differential equations, and fluid dynamics, but the Droste effect is unrelated. Based on general knowledge, the Droste effect is known as a recursive visual effect where an image contains a smaller version of itself."",
  ""answer"": ""D""
}","{
  ""reasoning"": ""The question asks for the definition of the Droste effect, which is not mentioned in the provided background. Based on general knowledge, the Droste effect is a visual recursion phenomenon where an image contains a smaller copy of itself, often associated with a Dutch cocoa brand. Among the options, D accurately describes this recursive image effect with realistic contextual details."",
  ""answer"": ""D""
}"
115,What is water hammer?,E,E,E,E,"{
  ""reasoning"": ""The background defines water hammer as a pressure surge or wave caused when a fluid in motion is forced to stop or change direction suddenly, often resulting in a loud hammering noise in plumbing. Among the options, only E accurately captures this definition as a noise and shock wave from suddenly stopped water."",
  ""answer"": ""E""
}","{
  ""reasoning"": ""The background defines water hammer as a pressure surge or wave caused when a fluid in motion is forced to stop or change direction suddenly, often creating a loud banging noise. Among the options, only E accurately captures this definition, describing the noise and pressure shock from sudden stoppage of moving water."",
  ""answer"": ""E""
}","{
  ""reasoning"": ""The background defines water hammer as a pressure surge or wave caused when a fluid in motion is forced to stop or change direction suddenly, often resulting in a loud banging noise in plumbing. This matches the description in option E, which mentions the noise, sudden stop, pressure rise, and shock wave."",
  ""answer"": ""E""
}"
116,What is the reason for the stochastic nature of all observed resistance-switching processes?,B,B,B,B,"{
  ""reasoning"": ""The background emphasizes that stochastic behavior arises from random molecular collisions, thermal fluctuations, and sensitivity to microscopic perturbations, which make precise timing unpredictable. Among the options, only B directly attributes the stochastic nature to random thermal fluctuations that trigger switching at unpredictable times, aligning with the described probabilistic mechanisms."",
  ""answer"": ""B""
}","{
  ""reasoning"": ""The background emphasizes that stochastic behavior arises from random thermal fluctuations at the molecular level, causing unpredictable state transitions even in deterministic systems. This aligns with resistance-switching processes where thermal noise triggers events that cannot be precisely timed."",
  ""answer"": ""B""
}","{
  ""reasoning"": ""The background emphasizes that stochastic processes arise from random molecular collisions, thermal fluctuations, and sensitivity to microscopic perturbations. In resistance-switching, random thermal fluctuations can trigger switching events unpredictably, which aligns with the description of stochastic behavior in the text."",
  ""answer"": ""B""
}"
117,What is the Einstein@Home project?,C,C,C,C,"{
  ""reasoning"": ""The background states that Einstein@Home searches for continuous gravitational waves from spinning neutron stars using data from LIGO gravitational-wave detectors, and it is a volunteer computing project that distributes data in small pieces to home computers. Among the options, only C correctly describes it as a distributed computing project targeting simple gravitational waves with constant frequency (i.e., continuous waves) using LIGO and GEO data in small pieces."",
  ""answer"": ""C""
}","{
  ""reasoning"": ""The background states that Einstein@Home is a volunteer computing project that searches for signals from spinning neutron stars, including continuous gravitational waves, using data from LIGO gravitational-wave detectors. It is described as conducting the most sensitive all-sky searches for continuous gravitational waves, which are simple, persistent signals with near-constant frequency."",
  ""answer"": ""C""
}","{
  ""reasoning"": ""The background states Einstein@Home searches for continuous gravitational waves (simple, constant frequency signals) from spinning neutron stars using data from LIGO gravitational-wave detectors and also analyzes data from radio telescopes like Arecibo. It is a volunteer computing project that distributes data in small pieces to home computers for analysis."",
  ""answer"": ""C""
}"
118,What happens to an initially inhomogeneous physical system that is isolated by a thermodynamic operation?,D,D,D,D,"{
  ""reasoning"": ""The background states that an isolated system not initially in internal thermal equilibrium, when left undisturbed for a long time, will generally evolve to a state of internal thermal equilibrium (spatial uniformity of temperature), as postulated by classical thermodynamics, unless it is an exceptional case like a many-body localized quantum system."",
  ""answer"": ""D""
}","{
  ""reasoning"": ""The background states that an isolated system not initially in internal thermal equilibrium, if left undisturbed for a long time, will evolve toward a state of internal thermal equilibrium (spatial uniformity of temperature). This is a postulate of classical thermodynamics, implying change over time unless the system is already in equilibrium."",
  ""answer"": ""D""
}","{
  ""reasoning"": ""The background states that an isolated system not initially in internal thermal equilibrium will, after a long time, evolve to a state of internal thermal equilibrium (spatial uniformity of temperature), unless it is a many-body localized quantum system. This implies that an initially inhomogeneous isolated system will generally change its internal state over time as it approaches equilibrium."",
  ""answer"": ""D""
}"
119,"What is the concept of simultaneity in Einstein's book, Relativity?",A,A,A,A,"{
  ""reasoning"": ""The background explicitly states Einstein's view that simultaneity is relative, not absolute. It explains that events simultaneous in one inertial frame may not be simultaneous in another moving frame, which is a key consequence of special relativity."",
  ""answer"": ""A""
}","{
  ""reasoning"": ""The background explicitly states Einstein's view that simultaneity is relative, not absolute, and that two events simultaneous in one inertial frame may not be simultaneous in another moving frame. This is a core tenet of special relativity, distinguishing it from Newtonian physics."",
  ""answer"": ""A""
}","{
  ""reasoning"": ""The background explicitly states Einstein's view that simultaneity is relative, not absolute, and that two events simultaneous in one inertial frame may not be simultaneous in another frame moving relative to the first. This directly matches option A and contradicts the absolute simultaneity claimed in options B and C."",
  ""answer"": ""A""
}"
120,What is the Josephson effect?,A,A,A,A,"{
  ""reasoning"": ""The Josephson effect is a quantum phenomenon occurring in superconducting devices, notably used in SQUIDs (superconducting quantum interference devices). The magnetic flux quantum is indeed Φ0 = h/(2e) with h being Planck's constant, which matches the correct description."",
  ""answer"": ""A""
}","{
  ""reasoning"": ""The question asks about the Josephson effect, which is a quantum mechanical phenomenon in superconductivity. The background mentions it involves a Josephson junction and relates voltage and frequency via the Josephson constant KJ = 2e/h, which is tied to the magnetic flux quantum Φ0 = h/(2e). The correct option should specify superconducting devices (like SQUIDs) and the magnetic flux quantum with Planck's constant."",
  ""answer"": ""A""
}","{
  ""reasoning"": ""The question asks about the definition of the Josephson effect, which is a quantum phenomenon in superconductivity. The background mentions it involves a Josephson junction and relates voltage and frequency via the Josephson constant KJ = 2e/h, which is tied to the magnetic flux quantum Φ0 = h/(2e). Option A correctly identifies it as a superconducting effect used for measuring the magnetic flux quantum with Planck's constant."",
  ""answer"": ""A""
}"
121,What is the SI unit of the physical quantity m/Q?,C,C,C,C,"{
  ""reasoning"": ""The physical quantity m/Q represents mass divided by electric charge. In SI base units, mass is measured in kilograms (kg) and electric charge in coulombs (C). Therefore, the SI unit for m/Q is kilogram per coulomb (kg/C)."",
  ""answer"": ""C""
}","{
  ""reasoning"": ""The question asks for the SI unit of m/Q, where m likely stands for mass (SI unit kilogram) and Q likely stands for electric charge (SI unit coulomb). Therefore, the unit of m/Q is kilogram per coulomb (kg/C)."",
  ""answer"": ""C""
}","{
  ""reasoning"": ""The quantity m/Q appears to represent mass (m) divided by electric charge (Q). In SI, mass has the unit kilogram (kg) and electric charge has the unit coulomb (C). Therefore, the SI unit of m/Q is kilogram per coulomb (kg/C)."",
  ""answer"": ""C""
}"
122,How many crystallographic point groups are there in three-dimensional space?,B,B,B,B,"{
  ""reasoning"": ""The question asks about the number of crystallographic point groups in three-dimensional space. From the background, it is explicitly stated that 'There are 32 possible crystal classes,' where 'crystal class' is synonymous with crystallographic point group."",
  ""answer"": ""B""
}","{
  ""reasoning"": ""The question asks for the number of crystallographic point groups in three-dimensional space. The background explicitly states: 'There are 32 possible crystal classes,' where 'crystal class' is synonymous with crystallographic point group."",
  ""answer"": ""B""
}","{
  ""reasoning"": ""The background explicitly states that there are 32 possible crystal classes, which are also called crystallographic point groups. Crystallographic point groups describe the symmetries around a point in a crystal lattice, excluding translational symmetries."",
  ""answer"": ""B""
}"
123,What is the Liouville density?,A,A,A,A,"{
  ""reasoning"": ""The question asks about the Liouville density, which in classical statistical mechanics refers to the probability density in phase space for an ensemble of systems. Among the options, only A correctly describes it as a probability distribution for finding a particle at a certain position in phase space for a collection of particles, matching the classical Liouville theorem context."",
  ""answer"": ""A""
}","{
  ""reasoning"": ""The question asks for the definition of Liouville density, which in classical statistical mechanics refers to the probability density in phase space for a system of particles. Among the options, only A correctly describes it as a probability distribution for finding a particle at a position in phase space for a collection of particles, matching the classical Liouville theorem context."",
  ""answer"": ""A""
}","{
  ""reasoning"": ""The question asks about Liouville density in the context of statistical mechanics. The background mentions Liouville's theorem in symplectic geometry, which governs the evolution of phase space density for classical systems. Among the options, only A correctly describes it as a probability distribution for finding particles in phase space."",
  ""answer"": ""A""
}"
124,What are the four qualitative levels of crystallinity described by geologists?,B,B,B,B,"{
  ""reasoning"": ""The background explicitly states the four qualitative levels of crystallinity as: holocrystalline (completely crystalline), hypocrystalline (partially crystalline with crystals in a glassy matrix), hypohyaline (partially glassy), and holohyaline (completely glassy). This matches one of the provided options exactly."",
  ""answer"": ""B""
}","{
  ""reasoning"": ""The background explicitly states the four qualitative levels of crystallinity as: holocrystalline (completely crystalline), hypocrystalline (partially crystalline with crystals in a glassy matrix), hypohyaline (partially glassy), and holohyaline (completely glassy). This matches one of the given options exactly."",
  ""answer"": ""B""
}","{
  ""reasoning"": ""The background explicitly states the four qualitative levels: holocrystalline (completely crystalline), hypocrystalline (partially crystalline with crystals in glassy matrix), hypohyaline (partially glassy), and holohyaline (completely glassy). This matches one of the given options exactly."",
  ""answer"": ""B""
}"
125,What is an order parameter?,D,D,D,D,"{
  ""reasoning"": ""The background repeatedly describes an order parameter as the quantity that characterizes spontaneously broken symmetry phases, such as magnetization in a magnet or ⟨a⟩/N in the superradiant transition. It is a mathematical quantity that signals the emergence of order (e.g., structural regularity) and quantifies how much a symmetry is broken."",
  ""answer"": ""D""
}","{
  ""reasoning"": ""The background repeatedly defines an order parameter in the context of spontaneously broken symmetry phases, such as in magnets or superradiant transitions, where it quantifies the extent of symmetry breaking. It is not a measure of temperature, gravitational force, magnetic field strength, or rotational symmetry per se, but specifically characterizes the broken symmetry state."",
  ""answer"": ""D""
}","{
  ""reasoning"": ""The background repeatedly describes order parameters in the context of spontaneously broken symmetry phases, such as magnetization in magnets or ⟨a⟩/N in the superradiant transition. It explicitly states that such phases are characterized by an order parameter that describes the quantity which breaks the symmetry."",
  ""answer"": ""D""
}"
126,What is the significance of the discovery of the Crab pulsar?,B,B,B,B,"{
  ""reasoning"": ""The background explicitly states that the discovery of the Crab pulsar provided confirmation of the rotating neutron star model of pulsars, noting its 33-millisecond period was too short for other proposed models. This directly matches one of the answer choices."",
  ""answer"": ""B""
}","{
  ""reasoning"": ""The background explicitly states that the Crab pulsar's 33-millisecond period was too short for other proposed models, and its discovery provided confirmation of the rotating neutron star model. This is a direct match to one of the answer choices."",
  ""answer"": ""B""
}","{
  ""reasoning"": ""The background explicitly states that the Crab pulsar's discovery provided confirmation of the rotating neutron star model of pulsars, noting its 33-millisecond period was too short for other proposed models. This directly supports option B as the correct significance."",
  ""answer"": ""B""
}"
127,What is the De Haas-Van Alphen effect?,C,C,C,C,"{
  ""reasoning"": ""The De Haas-Van Alphen effect is a quantum mechanical phenomenon observed in metals at low temperatures and high magnetic fields. It involves oscillations in magnetic susceptibility (or magnetization) as a function of 1/H, with the oscillation period related to extremal cross-sections of the Fermi surface."",
  ""answer"": ""C""
}","{
  ""reasoning"": ""The De Haas–Van Alphen effect is a quantum oscillation phenomenon observed in the magnetic susceptibility of metals at low temperatures and high magnetic fields. It involves oscillations in magnetization as a function of 1/H, and the period is directly related to the extremal cross-sections of the Fermi surface."",
  ""answer"": ""C""
}","{
  ""reasoning"": ""The De Haas-Van Alphen effect is a quantum oscillatory phenomenon observed in the magnetic susceptibility of metals at low temperatures and high magnetic fields. It provides direct information about the Fermi surface through oscillations periodic in 1/H, matching option C's description."",
  ""answer"": ""C""
}"
128,"What is a ""coffee ring"" in physics?",E,E,E,E,"{
  ""reasoning"": ""The question asks for the definition of a 'coffee ring' specifically in the context of physics. The background clearly states it is a pattern formed after evaporation of a particle-laden liquid, named for the ring-like deposit from spills like coffee or red wine."",
  ""answer"": ""E""
}","{
  ""reasoning"": ""The question asks specifically about the physics definition of a 'coffee ring,' which is distinct from beverage preparation methods. The background clearly defines it as a pattern from evaporation of a particle-laden liquid, not just from spilling, and names coffee and red wine as examples."",
  ""answer"": ""E""
}","{
  ""reasoning"": ""The question asks specifically about the physics definition of a 'coffee ring.' The background clearly states it is a pattern formed after evaporation of a particle-laden liquid, named for the ring-like deposit from spills like coffee or red wine."",
  ""answer"": ""E""
}"
129,What is the significance of probability amplitudes in quantum mechanics?,E,E,E,E,"{
  ""reasoning"": ""The background repeatedly states that probability amplitudes are complex numbers whose modulus squared gives probability densities. They are fundamental to describing quantum systems, analogous to how probabilities describe classical statistical systems, but with distinct quantum rules like superposition and interference."",
  ""answer"": ""E""
}","{
  ""reasoning"": ""The background repeatedly describes probability amplitudes as complex numbers whose modulus squared gives probability densities, analogous to how probabilities work in classical contexts but with distinct quantum features like interference. This aligns with the idea that they serve a role similar to classical probabilities but under quantum rules."",
  ""answer"": ""E""
}","{
  ""reasoning"": ""The background emphasizes that probability amplitudes are complex numbers whose squared modulus gives probability densities, and they are fundamental to describing quantum systems, analogous to how probabilities describe classical statistical systems. This aligns with the idea that they serve a role similar to classical probabilities but within the quantum framework."",
  ""answer"": ""E""
}"
130,What is the relationship between the amplitude of a sound wave and its loudness?,A,A,A,A,"{
  ""reasoning"": ""The background states that amplitude determines loudness, with larger amplitude giving higher volume and smaller amplitude giving lower volume. It also clarifies that amplitude is separate from frequency, which relates to pitch."",
  ""answer"": ""A""
}","{
  ""reasoning"": ""The background states that amplitude primarily determines the loudness of a sound, with larger amplitude giving higher volume and smaller amplitude giving lower volume. It also clarifies that amplitude is not related to frequency, which is a separate property determining pitch."",
  ""answer"": ""A""
}","{
  ""reasoning"": ""The background states that amplitude primarily determines the perceived loudness of a sound, and that loudness is measured in decibels based on the amplitude of the sound wave. Therefore, amplitude is directly related to loudness, not frequency."",
  ""answer"": ""A""
}"
131,What are coherent turbulent structures?,C,C,C,C,"{
  ""reasoning"": ""The background defines coherent structures as organized components within turbulent flows that exhibit phase-correlated vorticity over space and time, implying temporal coherence and persistence. They are described as elementary components (e.g., vortex rings, hairpin vortices) within the chaotic flow, not the most complex motions themselves."",
  ""answer"": ""C""
}","{
  ""reasoning"": ""The background defines coherent structures as organized, phase-correlated vorticity components within turbulent flows, which persist in space and time. They are elementary organized motions that can be identified amidst chaotic turbulence and are characterized by coherence over their spatial extent, implying temporal persistence that allows statistical analysis."",
  ""answer"": ""C""
}","{
  ""reasoning"": ""The background defines coherent structures as organized components of vorticity that are phase-correlated over space, persisting long enough to be identified as orderly within chaotic turbulent flows. This implies they have temporal coherence and are elementary components that can be statistically analyzed over time."",
  ""answer"": ""C""
}"
132,What is the main factor that determines the occurrence of each type of supernova?,E,E,E,E,"{
  ""reasoning"": ""The background explicitly states: 'The occurrence of each type of supernova depends on the progenitor star's metallicity, since this affects the strength of the stellar wind and thereby the rate at which the star loses mass.' Metallicity is repeatedly mentioned as influencing stellar winds, mass loss, and supernova types (e.g., for Type Ib/c, IIn, and core-collapse supernovae)."",
  ""answer"": ""E""
}","{
  ""reasoning"": ""The background text explicitly states: 'The occurrence of each type of supernova depends on the progenitor star's metallicity, since this affects the strength of the stellar wind and thereby the rate at which the star loses mass.' Metallicity influences mass loss, which determines whether a star explodes as a certain type (e.g., Type Ib/Ic) and is a key factor in supernova classification."",
  ""answer"": ""E""
}","{
  ""reasoning"": ""The background explicitly states that 'The occurrence of each type of supernova depends on the progenitor star's metallicity, since this affects the strength of the stellar wind and thereby the rate at which the star loses mass.' This directly identifies metallicity as the primary determining factor for supernova types, influencing mass loss and stellar evolution."",
  ""answer"": ""E""
}"
133,What is the Erlangen program?,B,B,B,B,"{
  ""reasoning"": ""The Erlangen program is a foundational work by Felix Klein that classifies geometries by their underlying symmetry groups, emphasizing group theory and projective geometry. The background does not directly mention it, but historical mathematical knowledge confirms its core ideas."",
  ""answer"": ""B""
}","{
  ""reasoning"": ""The Erlangen Program is a foundational work in geometry by Felix Klein that classifies geometries based on their underlying symmetry groups. It emphasizes group theory and projective geometry as the unifying principles for different geometric systems."",
  ""answer"": ""B""
}","{
  ""reasoning"": ""The Erlangen Program is a foundational work in geometry by Felix Klein that classifies geometries by their underlying symmetry groups, emphasizing group theory and projective geometry. Among the options, only B correctly identifies the core mathematical framework as group theory and projective geometry."",
  ""answer"": ""B""
}"
134,What is emissivity?,C,C,C,C,"{
  ""reasoning"": ""The background discusses emitting power, absorption ratio, and their relationship, which are key concepts in thermal radiation. Emissivity in physics is defined as the ratio of the radiation emitted by a surface to that emitted by a blackbody at the same temperature, relating to absorption and emission of thermal radiation."",
  ""answer"": ""C""
}","{
  ""reasoning"": ""The background discusses emitting power E(T,i) and absorption ratio a(T,i) in the context of thermal radiation, which are key concepts in Kirchhoff's law of thermal radiation. Emissivity is defined as the ratio of the radiation emitted by a surface to that emitted by a black body at the same temperature, relating directly to absorption and emission of thermal radiation."",
  ""answer"": ""C""
}","{
  ""reasoning"": ""The background context discusses thermal radiation, emitting power, absorption ratio, and related terms like emissary and re-emission, which are tied to the emission of electromagnetic radiation. Emissivity in physics typically refers to the effectiveness of a surface in emitting thermal radiation relative to a black body, which is closely related to absorption and emission properties."",
  ""answer"": ""C""
}"
135,Who was the first person to describe the pulmonary circulation system?,E,E,E,E,"{
  ""reasoning"": ""The background context does not directly name the first describer of pulmonary circulation. However, historical medical knowledge indicates that Galen's ancient model of blood flow was later corrected by Ibn al-Nafis, who first described pulmonary circulation in the 13th century, noting blood passes from the right ventricle to the lungs before returning to the left heart."",
  ""answer"": ""E""
}","{
  ""reasoning"": ""The background text does not mention the historical discovery of the pulmonary circulation. However, from general medical history, it is known that the pulmonary circulation was first accurately described by Ibn al-Nafis in the 13th century, who corrected Galen's earlier erroneous model."",
  ""answer"": ""E""
}","{
  ""reasoning"": ""The question asks about the first person to describe the pulmonary circulation system. The background provided does not directly answer this historical question, but from medical history, it is known that Galen's ancient model was later corrected by Ibn al-Nafis, who first described pulmonary circulation in the 13th century."",
  ""answer"": ""E""
}"
136,What is the fate of a carbocation formed in crystalline naphthalene?,E,A,A,A,"{
  ""reasoning"": ""The question asks about the fate of a carbocation in crystalline naphthalene, which is an aromatic hydrocarbon solid. Carbocations are highly reactive and electron-deficient; in an aromatic crystalline environment, they would likely be stabilized by the π-electron system of naphthalene but remain trapped as positively charged species due to the rigid solid matrix preventing further reaction or neutralization."",
  ""answer"": ""A""
}","{
  ""reasoning"": ""The question asks about the fate of a carbocation in crystalline naphthalene, which is a solid aromatic hydrocarbon. Carbocations are highly reactive and unstable unless stabilized; in an inert crystalline aromatic matrix, there are no nucleophiles to trap it, but the solid lattice may immobilize it. Given the options, the most plausible fate is that it remains trapped as a positively charged species due to the lack of reactive partners and the rigid crystal environment."",
  ""answer"": ""A""
}","{
  ""reasoning"": ""The background discusses carbocations as reactive intermediates that can be trapped or stabilized in certain environments. Crystalline naphthalene is an aromatic solid with low dielectric constant and no mobile electrons or reactive helium present, making electron transfer or bond formation with helium implausible. The most likely scenario is that the carbocation remains trapped in the crystal lattice due to the rigid solid matrix preventing further reaction."",
  ""answer"": ""A""
}"
137,What is the main focus of the Environmental Science Center at Qatar University?,D,D,A,D,"{
  ""reasoning"": ""The background text does not mention Qatar University's Environmental Science Center specifically, so the answer must be inferred from the general definition of environmental science. Environmental science is described as integrating physics, biology, geography, and other natural sciences to study environmental systems, not primarily social or political sciences."",
  ""answer"": ""D""
}","{
  ""reasoning"": ""The question asks about the main focus of the Environmental Science Center at Qatar University, but the provided background does not contain any specific information about Qatar University or its Environmental Science Center. The background covers general environmental science definitions and various institutions worldwide, but none mention Qatar University's focus areas. Without relevant information in the context, the correct answer cannot be determined from the given background."",
  ""answer"": ""A""
}","{
  ""reasoning"": ""The question asks about the main focus of the Environmental Science Center at Qatar University, but the provided background does not mention this specific center. However, the background repeatedly emphasizes that environmental science integrates physical, chemical, and biological components of the environment, and often includes marine and atmospheric sciences as key sub-disciplines. Given the typical interdisciplinary nature described, the most plausible focus aligns with marine science, atmospheric science, and biological sciences."",
  ""answer"": ""D""
}"
138,What is the purpose of obtaining surgical resection specimens?,A,A,A,A,"{
  ""reasoning"": ""The background text explicitly states that surgical resection specimens are obtained by the therapeutic surgical removal of an entire diseased area or organ, often as definitive treatment, and pathological analysis is critical for confirming diagnosis, staging, and assessing margins. This directly matches option A."",
  ""answer"": ""A""
}","{
  ""reasoning"": ""The background repeatedly states that surgical resection specimens involve removal of an entire diseased area or organ as definitive treatment, with pathological analysis used to confirm diagnosis, stage malignancy, assess margins, and guide further therapy. This matches option A exactly, while the other options describe unrelated laboratory or administrative tasks not specific to surgical resection."",
  ""answer"": ""A""
}","{
  ""reasoning"": ""The question asks about the purpose of surgical resection specimens. The background repeatedly states that surgical resections are therapeutic procedures to remove an entire diseased area or organ, often when a diagnosis is already known or suspected, and pathological analysis is used for confirmation, staging, margin assessment, and guiding further treatment."",
  ""answer"": ""A""
}"
139,What is the function of mammary glands in mammals?,A,A,A,A,"{
  ""reasoning"": ""The question asks for the specific biological function of mammary glands in mammals. The background repeatedly states that mammary glands are exocrine glands that produce milk to nourish offspring, which is a defining characteristic of mammals."",
  ""answer"": ""A""
}","{
  ""reasoning"": ""The background text repeatedly states that mammary glands are exocrine glands that produce milk to nourish offspring. This is a defining characteristic of mammals. None of the other listed functions relate to mammary glands."",
  ""answer"": ""A""
}","{
  ""reasoning"": ""The question asks for the primary biological function of mammary glands in mammals. The background text repeatedly states that mammary glands are exocrine glands that produce milk to nourish offspring, which is a defining characteristic of mammals."",
  ""answer"": ""A""
}"
140,What is the relationship between interstellar and cometary chemistry?,C,C,C,C,"{
  ""reasoning"": ""The background highlights that interstellar molecules can be incorporated into solar system bodies like comets, and that primitive meteorites retain an interstellar heritage in their organic inventories. It also mentions that data from cometary samples support the interpretation of interstellar chemistry connections, as seen in missions like Stardust and Rosetta."",
  ""answer"": ""C""
}","{
  ""reasoning"": ""The background discusses how interstellar chemistry contributes to the organic compounds found in primitive meteorites and comets, with evidence from isotopic enrichments suggesting an interstellar heritage. It also mentions that cometary organics may retain interstellar precursors, and missions like Rosetta and Stardust help study these connections."",
  ""answer"": ""C""
}","{
  ""reasoning"": ""The background discusses how interstellar molecules may be precursors to cometary organic material, with meteorite analysis showing isotopic signatures indicative of an interstellar heritage. It also mentions that comets retain interstellar material and that studies of complex organics from comets help interpret interstellar chemistry."",
  ""answer"": ""C""
}"
141,What is the reason for recycling rare metals according to the United Nations?,E,E,E,E,"{
  ""reasoning"": ""The question asks for the United Nations' reasoning on recycling rare metals, but the provided background does not mention the UN or specify production tonnage thresholds. However, based on general principles in the text about conserving resources and energy through recycling, and the fact that rare metals are often scarce and valuable, the most logical choice is one that emphasizes urgency and prioritization for low-production metals."",
  ""answer"": ""E""
}","{
  ""reasoning"": ""The question asks about the UN's stated reason for recycling rare metals, which is not directly addressed in the background. However, the background emphasizes that recycling conserves resources and energy, and that rare-earth extraction is uneconomical with current methods. Among the options, only E aligns with a sense of urgency for low-production metals and prioritizes resource conservation."",
  ""answer"": ""E""
}","{
  ""reasoning"": ""The background text emphasizes that recycling metals conserves resources and energy, especially for non-ferrous and precious metals. It also notes that rare-earth elements are uneconomical to recycle currently, but the UN would likely prioritize recycling of scarce metals (low production) due to supply risks and environmental benefits."",
  ""answer"": ""E""
}"
142,What is radiometric dating?,B,B,B,B,"{
  ""reasoning"": ""The background states that radiometric dating uses the decay of radioactive isotopes to determine the age of rocks and other materials, and that it was first published in 1907 (early 20th century). None of the other options accurately describe the core principle of the method."",
  ""answer"": ""B""
}","{
  ""reasoning"": ""The background consistently defines radiometric dating as a technique that uses the decay of radioactive isotopes to determine the age of materials like rocks or carbon, with its first publication in 1907. It contrasts with methods based on sedimentation, rock position, fossil age, or Earth cooling, which are not centered on radioactive decay."",
  ""answer"": ""B""
}","{
  ""reasoning"": ""The background consistently describes radiometric dating as a technique that uses the decay rates of radioactive isotopes to determine the age of rocks, fossils, and artifacts. It explicitly states that the method was first published in 1907 (early 20th century) and relies on comparing parent and daughter isotopes from radioactive decay."",
  ""answer"": ""B""
}"
143,What is the role of methane in Fischer-Tropsch processes?,A,A,A,A,"{
  ""reasoning"": ""The background states that methane is often partially converted to carbon monoxide for utilization in Fischer-Tropsch processes, and that syngas (CO + H₂) from methane reforming is used in Fischer-Tropsch reactions. This matches option A, while options B, C, D, and E are not supported."",
  ""answer"": ""A""
}","{
  ""reasoning"": ""The background explicitly states that methane is often partially converted to carbon monoxide for utilization in Fischer-Tropsch processes. It also notes that methane is reformed to syngas (CO + H₂), which is then used in Fischer-Tropsch reactions."",
  ""answer"": ""A""
}","{
  ""reasoning"": ""The background states that methane is often partially converted to carbon monoxide for utilization in Fischer-Tropsch processes. It also notes that syngas (CO + H₂) for Fischer-Tropsch is typically produced from methane via reforming, not full conversion to CO."",
  ""answer"": ""A""
}"
144,What is a phageome?,C,C,C,C,"{
  ""reasoning"": ""The background explicitly defines a phageome as a community of bacteriophages and their metagenomes in a particular environment, analogous to a microbiome. It distinguishes phageome from virome by specifying it focuses on bacteriophages, which are viruses that infect bacteria and archaea."",
  ""answer"": ""C""
}","{
  ""reasoning"": ""The background explicitly defines a phageome as a community of bacteriophages and their metagenomes in a specific environment, analogous to a microbiome. This distinguishes it from broader viromes or communities of other microorganisms."",
  ""answer"": ""C""
}","{
  ""reasoning"": ""The background explicitly defines a phageome as a community of bacteriophages and their metagenomes localized in a particular environment, analogous to a microbiome. This distinguishes it from broader viromes or communities of other microorganisms."",
  ""answer"": ""C""
}"
145,What is organography?,B,B,B,B,"{
  ""reasoning"": ""The background explicitly defines organography in the first sentence, stating it is 'the scientific description of the structure and function of the organs of living things.' While the text mentions Aristotle and plant organs, the definition is broader and not limited to plants alone."",
  ""answer"": ""B""
}","{
  ""reasoning"": ""The background explicitly defines organography in the first sentence as 'the scientific description of the structure and function of the organs of living things.' While the text mentions Aristotle and plant organs, the definition is broad and not limited to plants or specific aspects like development or commonality."",
  ""answer"": ""B""
}","{
  ""reasoning"": ""The background explicitly defines organography as 'the scientific description of the structure and function of the organs of living things.' While Aristotle and others applied it to plants, the definition is broad and not limited to plants alone, nor to specific aspects like development or commonality."",
  ""answer"": ""B""
}"
146,What is the definition of anatomy?,B,B,B,B,"{
  ""reasoning"": ""The background repeatedly defines anatomy as the branch of biology concerned with the structure of organisms and their parts, and explicitly states it is a branch of morphology. This directly matches option B, while the other options describe specialized or incorrect applications."",
  ""answer"": ""B""
}","{
  ""reasoning"": ""The background consistently defines anatomy as the scientific study of the structure of organisms and their parts, which is a core subfield of morphology. Among the options, only B directly captures this definition without adding extraneous elements like experimental conditions, taxonomy, or function."",
  ""answer"": ""B""
}","{
  ""reasoning"": ""The background repeatedly defines anatomy as the branch of biology concerned with the structure of organisms and their parts, which is a core aspect of morphology. Among the options, only B directly captures this definition without adding extraneous elements like experimental conditions, taxonomy, or structure-function relationships, which are more aligned with other disciplines."",
  ""answer"": ""B""
}"
147,What is a trophic level in an ecological pyramid?,C,C,C,C,"{
  ""reasoning"": ""The background defines trophic levels as positions in a food web based on energy source, starting with primary producers that get energy from abiotic sources (sunlight/inorganic chemicals). Each subsequent trophic level obtains most of its energy by consuming organisms from the level below."",
  ""answer"": ""C""
}","{
  ""reasoning"": ""The background defines trophic levels as positions in a food web, starting with primary producers (level 1) that get energy from abiotic sources, and higher levels where consumers get energy by eating organisms from the level below. An ecological pyramid represents these levels, with each level primarily consuming from the one beneath it."",
  ""answer"": ""C""
}","{
  ""reasoning"": ""The background defines trophic levels as positions in a food web, with primary producers (level 1) obtaining energy from abiotic sources, and each higher level obtaining energy by consuming organisms from the level below. Thus, organisms in a trophic level primarily acquire energy from the level below them."",
  ""answer"": ""C""
}"
148,What is a crossover experiment?,B,B,B,B,"{
  ""reasoning"": ""The background consistently describes crossover experiments as a method used in chemistry to study reaction mechanisms, particularly to distinguish between intramolecular and intermolecular pathways by using labeled reactants to see if crossover products form. It is not about creating new materials, organisms, cells, or substances through physical crossing."",
  ""answer"": ""B""
}","{
  ""reasoning"": ""The background consistently describes crossover experiments as a method in chemistry to study reaction mechanisms, particularly to distinguish between intramolecular and intermolecular pathways by using labeled reactants and analyzing product distributions."",
  ""answer"": ""B""
}","{
  ""reasoning"": ""The background consistently defines a crossover experiment as a method in chemistry to study reaction mechanisms, especially for distinguishing between intermolecular and intramolecular pathways using labeled reactants. It is not related to materials, organisms, cells, or simply creating new substances through mixing."",
  ""answer"": ""B""
}"
149,What is the role of IL-10 in the formation of Tr1 cells and tolerogenic DCs?,B,B,B,B,"{
  ""reasoning"": ""The question asks about the role of IL-10 in forming Tr1 cells and tolerogenic DCs. Tr1 cells are a subset of regulatory T cells distinct from Foxp3+ Tregs, known for producing high levels of IL-10 and TGF-β. Tolerogenic DCs often produce IL-10, which supports Tr1 cell differentiation."",
  ""answer"": ""B""
}","{
  ""reasoning"": ""The question asks about the specific role of IL-10 in generating Tr1 cells and tolerogenic dendritic cells (DCs). Based on immunology knowledge, IL-10 is a key anti-inflammatory cytokine that promotes the differentiation of Tr1 cells (a type of regulatory T cell distinct from Foxp3+ Tregs) and tolerogenic DCs, both of which produce high levels of IL-10 and TGF-β."",
  ""answer"": ""B""
}","{
  ""reasoning"": ""The question focuses on the immunoregulatory role of IL-10 in generating Tr1 cells and tolerogenic dendritic cells (DCs). From immunology knowledge, IL-10 promotes the development of both Tr1 cells (which are Foxp3-negative and produce high IL-10 and TGF-β) and tolerogenic DCs, which in turn support Tr1 differentiation via IL-10 secretion."",
  ""answer"": ""B""
}"
150,"What is the reason behind the designation of Class L dwarfs, and what is their color and composition?",B,B,B,B,"{
  ""reasoning"": ""The background states that Class L dwarfs are cooler than M stars, designated L because it is the remaining letter alphabetically closest to M, are dark red in color, brightest in infrared, and have atmospheres cool enough for metal hydrides and alkali metals to dominate their spectra."",
  ""answer"": ""B""
}","{
  ""reasoning"": ""The background states that Class L dwarfs are cooler than M stars, designated L because it is the remaining letter alphabetically closest to M. They are described as very dark red in color, brightest in infrared, and have atmospheres cool enough for metal hydrides and alkali metals to dominate their spectra."",
  ""answer"": ""B""
}","{
  ""reasoning"": ""The background states that Class L dwarfs are cooler than M stars, and L is the alphabetically closest remaining letter to M. They are described as very dark red in color and brightest in infrared, with atmospheres cool enough for metal hydrides and alkali metals to dominate their spectra."",
  ""answer"": ""B""
}"
151,What was Isaac Newton's explanation for rectilinear propagation of light?,D,D,D,D,"{
  ""reasoning"": ""The background states that Newton argued that the geometric nature of reflection and refraction could only be explained if light were made of particles because waves do not tend to travel in straight lines. He rejected the wave theory and proposed a corpuscular model where light consists of particles (corpuscles) that obey Newtonian mechanics and are influenced by forces at interfaces."",
  ""answer"": ""D""
}","{
  ""reasoning"": ""The question asks specifically about Newton's explanation for rectilinear propagation (straight-line travel) of light. The background states that Newton argued that reflection and refraction could only be explained if light were particles because waves do not tend to travel in straight lines. This matches his corpuscular theory, rejecting wave theory. Among the options, only those rejecting wave theory and proposing corpuscles are consistent with Newton's known view."",
  ""answer"": ""D""
}","{
  ""reasoning"": ""The question asks for Newton's explanation of rectilinear propagation, which is the tendency of light to travel in straight lines. According to the background, Newton argued that this geometric behavior could only be explained if light were made of particles (corpuscles), as waves do not tend to travel in straight lines. He rejected the wave theory and proposed a corpuscular model where forces at interfaces (like refraction) acted perpendicular to them."",
  ""answer"": ""D""
}"
152,What is the relationship between chemical potential and quarks/antiquarks?,A,A,A,A,"{
  ""reasoning"": ""The background explicitly states that chemical potential μ can be thought of as a measure of the imbalance between quarks and antiquarks, with higher μ meaning a stronger bias favoring quarks over antiquarks. This directly matches option A, while the other options either invert the relationship or incorrectly limit μ to only density of quarks or antiquarks."",
  ""answer"": ""A""
}","{
  ""reasoning"": ""The background explicitly states: 'it is helpful to think of μ as a measure of the imbalance between quarks and antiquarks in the system. Higher μ means a stronger bias favoring quarks over antiquarks.' This directly matches option A, while the other options contradict this description."",
  ""answer"": ""A""
}","{
  ""reasoning"": ""The background states that chemical potential μ can be thought of as a measure of the imbalance between quarks and antiquarks, with higher μ meaning a stronger bias favoring quarks over antiquarks. This directly matches option A, while the other options either misrepresent the relationship or focus only on density without addressing the imbalance."",
  ""answer"": ""A""
}"
153,What is the American Petroleum Institute (API) gravity?,A,A,A,A,"{
  ""reasoning"": ""The background explicitly states that API gravity is a measure of how heavy or light a petroleum liquid is compared to water. It also notes that if API gravity is greater than 10, the liquid floats on water, which aligns with it being an inverse measure of density relative to water."",
  ""answer"": ""A""
}","{
  ""reasoning"": ""The background explicitly states that API gravity is a measure of how heavy or light a petroleum liquid is compared to water. The definition matches an inverse relationship with density relative to water, and it is measured in degrees using a hydrometer."",
  ""answer"": ""A""
}","{
  ""reasoning"": ""The background explicitly states that API gravity is a measure of how heavy or light a petroleum liquid is compared to water, and the options all include the same second clause about inverse density and hydrometer degrees. Only option A correctly matches the definition given in the background."",
  ""answer"": ""A""
}"
154,What are the two main factors that cause resistance in a metal?,B,B,B,B,"{
  ""reasoning"": ""The background mentions that contact resistance in switches is influenced by oxide layers, surface roughness, and contact pressure, but for bulk metal resistivity, general physics principles apply. Resistance in metals primarily increases with temperature due to increased lattice vibrations scattering electrons, and decreases with purity because impurities act as scattering centers."",
  ""answer"": ""B""
}","{
  ""reasoning"": ""The question asks for the two main factors causing resistance in a metal. From the background, resistance in metals is fundamentally due to electron scattering, which increases with temperature (due to lattice vibrations) and with impurities or alloying (which disrupt the regular lattice). The background mentions that contact resistance depends on oxide layers, roughness, and pressure, but for bulk metal resistivity, temperature and purity are the primary intrinsic factors."",
  ""answer"": ""B""
}","{
  ""reasoning"": ""The question asks about the main factors causing resistance in a metal from a materials science perspective. The background discusses how impurities (alloying, different ions) act as irregularities that scatter electrons, and how temperature increases atomic vibrations, both increasing resistance."",
  ""answer"": ""B""
}"
155,What is the significance of the redshift-distance relationship in determining the expansion history of the universe?,E,E,E,E,"{
  ""reasoning"": ""The question asks about the significance of the redshift-distance relationship for determining the expansion history. The background states that for distant galaxies, whose light has traveled longer, the expansion rate has changed over time, so the deviation from linearity in the relationship reveals how the expansion rate evolved, informing us about the universe's matter and energy content."",
  ""answer"": ""E""
}","{
  ""reasoning"": ""The background text states that for distant galaxies, whose light has been traveling for much longer times, the redshift-distance relationship deviates from linearity and depends on the expansion history. It also notes that observations of the redshift-distance relationship can determine the expansion history and matter/energy content, especially for galaxies whose light has been traveling for much longer times (i.e., distant galaxies)."",
  ""answer"": ""E""
}","{
  ""reasoning"": ""The background states that for distant galaxies, the redshift-distance relation deviates from linearity because the expansion rate has changed over the time the light traveled. This deviation allows us to infer the expansion history and the matter/energy content of the universe, particularly for light that has been traveling longer from more distant galaxies."",
  ""answer"": ""E""
}"
156,What is the Evans balance?,D,D,D,D,"{
  ""reasoning"": ""The background explicitly states that an Evans balance measures magnetic susceptibility by measuring the force on a magnet when a sample is introduced, not by NMR, MR scanner distortion, or weight change of the sample itself. Option D directly matches this description."",
  ""answer"": ""D""
}","{
  ""reasoning"": ""The background states that an Evans balance measures magnetic susceptibility by measuring the force on a magnet when a sample is introduced. This matches the description of measuring force change on a strong compact magnet due to sample insertion, which is distinct from NMR-based, MR scanner, or crystal-specific methods."",
  ""answer"": ""D""
}","{
  ""reasoning"": ""The background explicitly states that an Evans balance measures magnetic susceptibility by measuring the force on a magnet when a sample is introduced, not by NMR frequency, magnetic field distortion in an MR scanner, or weight change of the sample itself."",
  ""answer"": ""D""
}"
157,What is the definition of dimension in mathematics?,C,C,C,C,"{
  ""reasoning"": ""The background mentions multiple inequivalent definitions of dimension, but the most common mathematical notion (e.g., for vector spaces or manifolds) is that dimension is an intrinsic property: a line is 1D regardless of whether it is embedded in 2D or 3D space. The correct definition should reflect intrinsic dimensionality, not dependence on the embedding space."",
  ""answer"": ""C""
}","{
  ""reasoning"": ""The background mentions multiple inequivalent definitions of dimension, but the most common mathematical notion (e.g., for manifolds or vector spaces) is that dimension is an intrinsic property — it does not depend on any embedding space. In vector spaces, dimension is defined as the number of vectors in a basis, which is independent of any surrounding space."",
  ""answer"": ""C""
}","{
  ""reasoning"": ""The background mentions multiple inequivalent definitions of dimension, but the core mathematical idea is that dimension is an intrinsic property of an object, not dependent on any embedding space. For example, a curve is intrinsically 1-dimensional regardless of whether it is embedded in 2D or 3D space."",
  ""answer"": ""C""
}"
158,What is accelerator-based light-ion fusion?,A,C,A,A,"{
  ""reasoning"": ""The background describes heavy ion fusion as using particle accelerators to achieve high-energy ion beams to induce fusion, specifically mentioning light ions in the context of SARAF. It contrasts with simpler devices like fusors, which use lower voltages and basic setups. The correct option should specify light-ion fusion and acknowledge the complexity of accelerator systems compared to simple electrostatic devices."",
  ""answer"": ""C""
}","{
  ""reasoning"": ""The background mentions heavy ion fusion as a subclass of inertial confinement fusion using particle accelerators, and also describes a fusor as a simpler electrostatic device using a voltage between electrodes to induce fusion. The question asks about accelerator-based light-ion fusion, which would involve particle accelerators to achieve kinetic energies for light-ion fusion reactions, not heavy-ion fusion or fission. Among the options, only A and C correctly specify light-ion fusion reactions, but A describes it as relatively easy to implement with minimal equipment (like a fusor), while C says it is difficult and requires complex systems. Given the fusor description, a simple setup with electrodes and high voltage (like 10 kV) aligns with A."",
  ""answer"": ""A""
}","{
  ""reasoning"": ""The question asks about accelerator-based light-ion fusion, which is a specific form of inertial confinement fusion using particle accelerators to drive light-ion beams into a fusion target. The background mentions heavy ion fusion as a subclass of inertial confinement fusion, but also references devices like a fusor that use electrostatic fields for fusion with relatively simple setups and low voltages (e.g., 10 kV). Among the options, only A correctly describes light-ion fusion, notes it is relatively easy to implement with minimal equipment, and cites the low voltage threshold consistent with fusor-like devices."",
  ""answer"": ""A""
}"
159,What is the interstellar medium (ISM)?,A,A,A,A,"{
  ""reasoning"": ""The question asks for the definition of the interstellar medium (ISM). The background states that the ISM is the gas and cosmic dust between star systems within a galaxy, containing ions, atoms, molecules, dust grains, cosmic rays, and magnetic fields, and that it blends into the intergalactic medium. Option A correctly captures this, specifying the space between star systems in a galaxy and blending into intergalactic space."",
  ""answer"": ""A""
}","{
  ""reasoning"": ""The question asks for the definition of the interstellar medium (ISM). The background clearly states that the ISM is the gas and dust between star systems within a galaxy, and it blends into the intergalactic medium, not interplanetary space."",
  ""answer"": ""A""
}","{
  ""reasoning"": ""The question asks for the definition of the interstellar medium (ISM). The background states that the ISM is the gas and cosmic dust between star systems within a galaxy, consisting of ions, atoms, molecules, dust grains, cosmic rays, and magnetic fields, and that it blends into the intergalactic medium. This matches option A, which correctly describes it as between star systems in a galaxy and blending into intergalactic space."",
  ""answer"": ""A""
}"
160,What is the significance of the change in slope of the pinched hysteresis curves in ReRAM and other forms of two-terminal resistance memory?,A,A,A,A,"{
  ""reasoning"": ""The question asks about the significance of the slope change in pinched hysteresis curves specifically for ReRAM and two-terminal resistance memory. The background explicitly states that this slope change demonstrates switching between different resistance states, which is central to such memory technologies."",
  ""answer"": ""A""
}","{
  ""reasoning"": ""The background explicitly states that for current-controlled memristive systems, the slope of the pinched hysteresis curve represents electrical resistance. It then directly says: 'The change in slope of the pinched hysteresis curves demonstrates switching between different resistance states which is a phenomenon central to ReRAM and other forms of two-terminal resistance memory.' This matches option A verbatim."",
  ""answer"": ""A""
}","{
  ""reasoning"": ""The question asks about the significance of the change in slope of pinched hysteresis curves specifically for ReRAM and two-terminal resistance memory. The background text directly states that this change in slope demonstrates switching between different resistance states, which is central to these memory technologies."",
  ""answer"": ""A""
}"
161,What is geometric quantization in mathematical physics?,E,E,E,E,"{
  ""reasoning"": ""Geometric quantization is a mathematical framework for constructing a quantum theory from a classical theory, preserving geometric structures like symplectic or Poisson manifolds. The goal is to keep certain classical-quantum analogies manifest, such as symmetries or conservation laws."",
  ""answer"": ""E""
}","{
  ""reasoning"": ""Geometric quantization is a procedure in mathematical physics that starts from a classical system (described by symplectic geometry) and constructs a corresponding quantum system. The goal is to preserve geometric structures and analogies between the classical and quantum descriptions, making the correspondence manifest."",
  ""answer"": ""E""
}","{
  ""reasoning"": ""Geometric quantization is a framework in mathematical physics that constructs a quantum theory starting from a classical theory (classical mechanics or field theory) while preserving geometric structures like symmetries and phase space properties. The goal is to keep certain analogies between the classical and quantum theories evident, not to lose them."",
  ""answer"": ""E""
}"
162,What is the definition of an improper rotation?,B,B,B,B,"{
  ""reasoning"": ""The background defines an improper rotation as a rotation about an axis combined with reflection in a plane perpendicular to that axis, or equivalently as rotation plus inversion about a point on the axis. It also states that the order does not matter and the symmetry elements are the rotation axis and either the mirror plane, inversion point, or both."",
  ""answer"": ""B""
}","{
  ""reasoning"": ""The background states that an improper rotation is a rotation about an axis combined with reflection in a plane perpendicular to that axis, or equivalently rotation plus inversion about a point on the axis. The order does not matter, and the symmetry elements are the rotation axis and either the mirror plane, inversion point, or both."",
  ""answer"": ""B""
}","{
  ""reasoning"": ""The background defines an improper rotation as a combination of a rotation about an axis and a reflection in a plane perpendicular to that axis, or equivalently as a rotation followed by inversion about a point on the axis. The operations commute, and the symmetry elements include the rotation axis and either the mirror plane, inversion point, or both—not a third plane, neither, nor a parallel plane."",
  ""answer"": ""B""
}"
163,"What is power density in the context of energy systems, and how does it differ between renewable and non-renewable energy sources?",B,B,B,B,"{
  ""reasoning"": ""The question asks about power density as a measure of power per unit of land area, accounting for the full footprint of an energy system. From energy literature, fossil fuels and nuclear power are known to have high power density (high power output from relatively small land areas), while most renewables (like wind and solar) have much lower power density, requiring larger areas for the same output."",
  ""answer"": ""B""
}","{
  ""reasoning"": ""The question asks about power density in energy systems, specifically comparing renewable and non-renewable sources. The background highlights that renewable sources like wind and solar are diffuse and geographically widespread, while fossil fuels and nuclear are concentrated energy sources with high power output per unit area."",
  ""answer"": ""B""
}","{
  ""reasoning"": ""The question asks about power density as a measure of power per unit land area, accounting for the full footprint of energy systems. Fossil fuels and nuclear energy are known to have high power density due to concentrated energy sources, while renewables like wind and solar typically require much larger land areas per unit of power output."",
  ""answer"": ""B""
}"
164,What is Modified Newtonian Dynamics (MOND)?,C,C,C,C,"{
  ""reasoning"": ""The background explicitly states that MOND is a hypothesis proposing a modification of Newton's law of universal gravitation to explain galactic properties without dark matter. Options A, B, D, and E incorrectly reference light, Einstein's relativity, Coulomb's law, or subatomic particles, which do not match the description."",
  ""answer"": ""C""
}","{
  ""reasoning"": ""The background explicitly states that MOND is a hypothesis proposing a modification of Newton's law of universal gravitation to explain galactic observations without dark matter. Options A, B, D, and E incorrectly reference light, Einstein's relativity, Coulomb's law, or subatomic particles, which do not match the description."",
  ""answer"": ""C""
}","{
  ""reasoning"": ""The background explicitly states that MOND is a hypothesis that modifies Newton's law of universal gravitation to explain galactic properties, offering an alternative to dark matter. Options A, B, D, and E incorrectly refer to light, Einstein's relativity, Coulomb's law, or subatomic particles, which do not match the description."",
  ""answer"": ""C""
}"
165,What is linear frame dragging?,D,D,D,D,"{
  ""reasoning"": ""The background mentions frame-dragging as a general relativistic effect due to mass–energy currents, with gravitoelectromagnetism drawing an analogy to electromagnetism. Linear frame dragging would correspond to effects from linear momentum (analogous to electric convective current), whereas rotational frame dragging is from angular momentum (analogous to magnetic inductive spin current). The description in the options that matches this and aligns with typical literature is that linear frame dragging is a tiny, hard‑to‑detect effect often omitted in discussions focused on rotational frame dragging."",
  ""answer"": ""D""
}","{
  ""reasoning"": ""The background discusses frame-dragging as a general relativistic effect due to mass-energy currents (like rotation or linear motion), and distinguishes between rotational (Lense-Thirring) and linear (often less discussed) forms. Linear frame dragging arises from linear momentum, is predicted to be small and hard to detect, and is frequently overshadowed by rotational frame-dragging in literature."",
  ""answer"": ""D""
}","{
  ""reasoning"": ""The background discusses frame-dragging as a general relativistic effect due to mass-energy currents, analogous to magnetism in electromagnetism. The question asks specifically about linear frame dragging, which should involve linear momentum (as opposed to rotational momentum) and is described as a tiny, difficult-to-measure effect often omitted in discussions."",
  ""answer"": ""D""
}"
166,What is explicit symmetry breaking in theoretical physics?,B,B,B,B,"{
  ""reasoning"": ""The background text defines explicit symmetry breaking as the breaking of a symmetry by terms in the equations of motion (like the Lagrangian or Hamiltonian) that do not respect the symmetry, and it notes that these terms are usually small so the symmetry is approximately respected. This directly matches option B."",
  ""answer"": ""B""
}","{
  ""reasoning"": ""The background states that explicit symmetry breaking occurs when terms in the equations of motion (like the Lagrangian or Hamiltonian) do not respect the symmetry, and it is usually used when these terms are small, so the symmetry is approximately respected. This directly matches one of the options."",
  ""answer"": ""B""
}","{
  ""reasoning"": ""The background explicitly states: 'explicit symmetry breaking is the breaking of a symmetry of a theory by terms in its defining equations of motion ... that do not respect the symmetry. Usually this term is used in situations where these symmetry-breaking terms are small, so that the symmetry is approximately respected by the theory.' This directly matches option B."",
  ""answer"": ""B""
}"
167,What is the role of the Higgs boson in the Standard Model?,D,D,D,D,"{
  ""reasoning"": ""The background repeatedly states that the Higgs boson explains why elementary particles (except the photon and gluon) have mass. It gives mass to W and Z bosons, quarks, and leptons via the Higgs mechanism, but photons and gluons remain massless."",
  ""answer"": ""D""
}","{
  ""reasoning"": ""The background text explicitly states that the Higgs boson explains why elementary particles except the photon and gluon are massive, and that it generates masses for leptons, quarks, and the W and Z bosons via the Higgs mechanism."",
  ""answer"": ""D""
}","{
  ""reasoning"": ""The background states that the Higgs boson explains why elementary particles except the photon and gluon have mass. It specifically gives mass to W and Z bosons and fermions like quarks and leptons via their coupling to the Higgs field."",
  ""answer"": ""D""
}"
168,What is Lorentz symmetry or Lorentz invariance in relativistic physics?,E,E,E,E,"{
  ""reasoning"": ""The question asks for the definition of Lorentz symmetry/invariance as used in relativistic physics. The background text directly states it is 'an equivalence of observation or observational symmetry due to special relativity implying that the laws of physics stay the same for all observers that are moving with respect to one another within an inertial frame.' This matches the core meaning, distinguishing it from related but distinct concepts like Lorentz covariance or specific consequences like time dilation."",
  ""answer"": ""E""
}","{
  ""reasoning"": ""The question asks for the definition of Lorentz symmetry/invariance as used in relativistic physics. The background states it is an equivalence of observation due to special relativity, meaning the laws of physics are the same for all inertial observers moving relative to one another. Options A, C, and E contain parts of the background definitions, but only E matches the core definition directly."",
  ""answer"": ""E""
}","{
  ""reasoning"": ""The question asks for the definition of Lorentz symmetry/invariance as used in relativistic physics. The background explicitly states it is an equivalence of observation due to special relativity, meaning the laws of physics are the same for all inertial observers moving relative to one another. This matches the core description given in the introductory part of the background."",
  ""answer"": ""E""
}"
169,What is the significance of Baryon Acoustic Oscillations (BAOs) in the study of the universe?,A,A,A,A,"{
  ""reasoning"": ""The background text repeatedly describes BAO as providing a 'standard ruler' of fixed comoving scale (≈147 Mpc separation in galaxy pairs) that arises from acoustic waves in the early universe. This ruler is used to measure cosmic expansion and constrain dark energy, not for measuring temperature, signal timing, 2D galaxy mapping, or the speed of light."",
  ""answer"": ""A""
}","{
  ""reasoning"": ""The background context emphasizes that BAOs create a fixed comoving scale (a standard ruler) from sound waves in the early universe, which leaves an imprint in the large-scale distribution of matter. This imprint is observed as a slight statistical preference for galaxy pairs to be separated by a specific scale (around 147 Mpc), allowing measurements of cosmic expansion and dark energy."",
  ""answer"": ""A""
}","{
  ""reasoning"": ""The question asks about the cosmological significance of BAOs. The background repeatedly states that BAOs provide a fixed comoving scale (a 'standard ruler') that can be measured in galaxy clustering to study cosmic expansion and dark energy. Option A directly describes this established standard ruler and the specific, observed statistical preference in galaxy pair separations."",
  ""answer"": ""A""
}"
170,What can be inferred about the electronic entropy of insulators and metals based on their densities of states at the Fermi level?,B,B,B,B,"{
  ""reasoning"": ""The background states that in insulators, the Fermi level lies within a band gap, meaning the density of states at the Fermi level is zero. In metals, the Fermi level lies within a conduction band, giving a non-zero density of states. Electronic entropy from the density of states near the Fermi level is proportional to temperature and the density of states, so metals have such entropy while insulators do not."",
  ""answer"": ""B""
}","{
  ""reasoning"": ""The background states that in insulators the Fermi level lies in a band gap, so the density of states at the Fermi level is zero, while in metals the Fermi level lies within a band, giving a non-zero density of states. Electronic entropy from the density of states near the Fermi level is proportional to temperature and the density of states at the Fermi level, so metals have such entropy and insulators do not."",
  ""answer"": ""B""
}","{
  ""reasoning"": ""The background states that in insulators, the Fermi level lies in a band gap, so the density of states at the Fermi level is zero. In metals, the Fermi level lies within a band, giving a non-zero density of states. Electronic entropy from the density of states near the Fermi level is proportional to temperature and the density of states at the Fermi level, so metals have such entropy while insulators do not."",
  ""answer"": ""B""
}"
171,What are permutation-inversion groups?,E,E,E,E,"{
  ""reasoning"": ""The question asks for the definition of permutation-inversion groups in molecular symmetry. The background discusses permutations, inversions, and groups, but the specific term 'permutation-inversion groups' refers to molecular symmetry operations involving permutations of identical nuclei and spatial inversion through the center of mass."",
  ""answer"": ""E""
}","{
  ""reasoning"": ""The background discusses permutation groups and inversions separately, but the term 'permutation-inversion groups' is specific to molecular symmetry, combining permutations of identical nuclei with spatial inversion. The correct definition must include both operations and their combinations, not just rotations or inversions about a single axis."",
  ""answer"": ""E""
}","{
  ""reasoning"": ""The question asks about the definition of permutation-inversion groups in the context of molecular symmetry. From the background, permutations refer to rearrangements of elements, and inversion is a specific symmetry operation. The correct definition should involve permutations of identical nuclei and inversion through the center of mass, possibly combined."",
  ""answer"": ""E""
}"
172,What is the relationship between dielectric loss and the transparency of a material?,B,B,B,B,"{
  ""reasoning"": ""Dielectric loss quantifies energy dissipation as heat in a dielectric material, primarily due to absorption (related to the imaginary part of permittivity). Absorption reduces transmitted light, directly decreasing transparency, especially at frequencies where dielectric dispersion increases loss."",
  ""answer"": ""B""
}","{
  ""reasoning"": ""The background explains that dielectric loss quantifies energy dissipation as heat, which corresponds to absorption of electromagnetic energy. Transparency is reduced when a material absorbs light, and dielectric loss increases with frequency due to dielectric dispersion, leading to higher absorption at higher frequencies."",
  ""answer"": ""B""
}","{
  ""reasoning"": ""Dielectric loss quantifies energy dissipation as heat, primarily due to absorption of electromagnetic energy by the material. Since transparency depends on the transmission of light without significant absorption, higher dielectric loss (especially at frequencies where the material's permittivity is more lossy) leads to greater absorption, reducing transparency."",
  ""answer"": ""B""
}"
173,What is the purpose of measuring the Larmor precession fields at about 100 microtesla with highly sensitive superconducting quantum interference devices (SQUIDs) in ultra-low field MRI?,C,C,C,C,"{
  ""reasoning"": ""The background highlights that SQUIDs and other sensitive magnetometers enable detection of NMR signals at very low fields (ZULF regime). Measuring Larmor precession fields around 100 μT with SQUIDs aligns with achieving sufficient signal quality in ultra-low field MRI, which operates in the microtesla-to-millitesla range as mentioned in the context."",
  ""answer"": ""C""
}","{
  ""reasoning"": ""The question asks about the purpose of using SQUIDs to measure Larmor precession fields at ~100 µT in ultra-low field MRI. The background highlights that SQUIDs and similar sensitive magnetometers enable detection of NMR signals at very low fields (ZULF regime), where conventional inductive detectors are inefficient. This aligns with achieving sufficient signal quality in the microtesla-to-millitesla range, as mentioned in recent MRI demonstrations."",
  ""answer"": ""C""
}","{
  ""reasoning"": ""The question asks about the purpose of using SQUIDs to measure Larmor precession at ~100 μT in ultra-low field MRI. The background emphasizes that SQUIDs are highly sensitive magnetic sensors enabling detection of low-frequency NMR signals in ZULF (zero- to ultra-low field) regimes, where conventional inductive detectors are inefficient. This aligns with achieving sufficient signal quality in very low magnetic fields, as mentioned in the background for recent MRI demonstrations."",
  ""answer"": ""C""
}"
174,What is the difference between illuminance and luminance?,B,B,B,B,"{
  ""reasoning"": ""The background defines illuminance as luminous flux incident on a surface per unit area (lux = lm/m²), and luminance as luminous intensity per unit area in a given direction (cd/m²), often describing light emitted or reflected from a surface. Therefore, illuminance refers to light arriving at a surface, while luminance refers to light coming from a surface or source."",
  ""answer"": ""B""
}","{
  ""reasoning"": ""The background defines illuminance as luminous flux per unit area incident on a surface (measured in lux, lm/m²), and luminance as luminous intensity per unit area emitted or reflected from a surface in a given direction (measured in cd/m²). Therefore, illuminance refers to light arriving at a surface, while luminance refers to light coming from a surface or source."",
  ""answer"": ""B""
}","{
  ""reasoning"": ""Illuminance is defined as the luminous flux incident on a surface per unit area (lux = lm/m²), so it measures light falling on a surface. Luminance is the luminous intensity per unit area emitted or reflected from a surface in a given direction (cd/m²), so it measures light coming from a surface or source."",
  ""answer"": ""B""
}"
175,What is a magnetic monopole in particle physics?,E,E,E,E,"{
  ""reasoning"": ""The background clearly states that a magnetic monopole is a hypothetical elementary particle that is an isolated magnet with only one magnetic pole (north without south or vice versa). This contrasts with electric monopoles (like electrons) which have a single electric charge, but for magnetism."",
  ""answer"": ""E""
}","{
  ""reasoning"": ""The background clearly states that a magnetic monopole is a hypothetical elementary particle with only one magnetic pole (north without south or vice versa), analogous to an electric charge. It is not about electric charges, nor does it lack poles or have both poles."",
  ""answer"": ""E""
}","{
  ""reasoning"": ""The background text defines a magnetic monopole in particle physics as a hypothetical elementary particle that is an isolated magnet with only one magnetic pole (north or south), analogous to an electric charge. This distinguishes it from electric monopoles and from quasi-particles in condensed matter."",
  ""answer"": ""E""
}"
176,What is the difference between redshift due to the expansion of the universe and Doppler redshift?,D,D,D,E,"{
  ""reasoning"": ""The background explains that cosmological redshift arises from the expansion of space over the entire travel time of light, quantified by the change in the scale factor a(t) from emission to absorption. Doppler redshift, in contrast, is caused by the relative peculiar motion of the source and observer, independent of cosmic expansion."",
  ""answer"": ""D""
}","{
  ""reasoning"": ""The background explains that cosmological redshift arises from the expansion of space over the entire path of the light, quantified by the increase in the scale factor a(t) from emission to absorption. Doppler redshift, in contrast, is a local effect caused by relative motion between source and observer, independent of cosmological expansion."",
  ""answer"": ""D""
}","{
  ""reasoning"": ""The background explains that cosmological redshift arises from the expansion of space itself, stretching light wavelengths as they travel through expanding spacetime, and depends on the overall increase in the scale factor a(t) from emission to absorption. Doppler redshift, in contrast, results from the relative motion of the source and observer within spacetime, described by special relativity and depending on local velocity."",
  ""answer"": ""E""
}"
177,What is the relationship between Coordinated Universal Time (UTC) and Universal Time (UT1)?,D,C,D,D,"{
  ""reasoning"": ""The background states that UTC is an atomic time scale designed to approximate UT1, and that DUT1 is the difference between UT1 and UTC. It also explicitly notes that UTC is kept within 0.9 second of UT1 by leap seconds, and that UTC differs from TAI by an integral number of seconds, but the difference between UTC and UT1 is not integral."",
  ""answer"": ""C""
}","{
  ""reasoning"": ""The background states that UTC is an atomic time scale designed to approximate Universal Time (UT1). It also notes that UTC differs from TAI by an integral number of seconds and is kept within 0.9 second of UT1 by introducing leap seconds."",
  ""answer"": ""D""
}","{
  ""reasoning"": ""The question asks about the relationship between UTC and UT1. The background states that UTC is an atomic time scale designed to approximate UT1, differs from TAI by an integral number of seconds, and is kept within 0.9 second of UT1 by introducing leap seconds."",
  ""answer"": ""D""
}"
178,What is the reason for heating metals to a temperature just above the upper critical temperature?,C,A,C,C,"{
  ""reasoning"": ""The background explains that for most heat treatments, the alloy must be heated above a critical transformation temperature to allow complete penetration and formation of a solid solution (e.g., austenite in steel). Heating just above the upper critical temperature ensures the phase change occurs without excessive grain growth, which would degrade mechanical properties."",
  ""answer"": ""A""
}","{
  ""reasoning"": ""The background explains that heat treatments often require heating an alloy beyond a critical transformation temperature to achieve a complete solid solution (like austenite in steel). This process aims to refine the microstructure and enhance mechanical properties by preventing excessive grain growth, which would otherwise reduce toughness and strength."",
  ""answer"": ""C""
}","{
  ""reasoning"": ""The background explains that for most heat treatments, the alloy must be heated above a critical transformation temperature to allow complete penetration of heat and formation of a solid solution (like austenite in steel). This ensures the material is fully transformed and homogenized, which is necessary before subsequent cooling steps to achieve desired mechanical properties. Heating just above the upper critical temperature avoids overheating (which causes oxidation and brittleness) while still enabling the intended phase change."",
  ""answer"": ""C""
}"
179,What is the cause of the observed change in the periods of moons orbiting a distant planet when measured from Earth?,C,C,C,C,"{
  ""reasoning"": ""The question asks about the cause of observed changes in orbital periods of moons around a distant planet as measured from Earth. The background discusses transit-timing variations, where timing changes are due to light travel time differences caused by the varying Earth–planet distance as Earth orbits the Sun."",
  ""answer"": ""C""
}","{
  ""reasoning"": ""The question asks about changes in the measured orbital periods of moons of a distant planet as observed from Earth. The background discusses how transit-timing variations arise from gravitational perturbations between bodies, but the options focus on geometric effects related to Earth's orbital motion. The key is that the light travel time from the planet system to Earth changes as Earth orbits the Sun, altering the apparent timing of events like moon transits."",
  ""answer"": ""C""
}","{
  ""reasoning"": ""The question asks about changes in observed orbital periods of moons as measured from Earth due to Earth's orbital motion. This relates to the light travel time effect: when Earth is closer to the distant planet, light arrives sooner, and when Earth is farther, light takes longer, creating an apparent variation in timing. This is a well-known observational effect in astronomy, distinct from actual gravitational perturbations."",
  ""answer"": ""C""
}"
180,What is the origin of the radio emission observed from supernova remnants?,B,B,B,B,"{
  ""reasoning"": ""The background explicitly states that the radio emission from supernova remnants is largely non-thermal synchrotron emission, produced by high-velocity electrons moving in magnetic fields. While some optical and X-ray emission comes from ionized gas (thermal), the radio emission is specifically attributed to this synchrotron process."",
  ""answer"": ""B""
}","{
  ""reasoning"": ""The background explicitly states that the radio emission from supernova remnants is a form of non-thermal synchrotron emission, which originates from high-velocity electrons oscillating within magnetic fields. Other options incorrectly attribute the emission to thermal processes, gas rebound, fusion, or expansion alone."",
  ""answer"": ""B""
}","{
  ""reasoning"": ""The background states that while optical and X-ray emission from supernova remnants comes from ionized gas, a great amount of the radio emission is non-thermal synchrotron emission. It explicitly says this synchrotron emission originates from high-velocity electrons oscillating within magnetic fields."",
  ""answer"": ""B""
}"
181,What is the relationship between the Hamiltonians and eigenstates in supersymmetric quantum mechanics?,A,A,A,A,"{
  ""reasoning"": ""The background explicitly states that in SUSY quantum mechanics, an introductory theorem shows that for every eigenstate of one Hamiltonian, its partner Hamiltonian has a corresponding eigenstate with the same energy. This is a defining characteristic of partner Hamiltonians in SUSY quantum mechanics."",
  ""answer"": ""A""
}","{
  ""reasoning"": ""The background explicitly states that in SUSY quantum mechanics, partner Hamiltonians share a mathematical relationship such that for every eigenstate of one Hamiltonian, its partner Hamiltonian has a corresponding eigenstate with the same energy, except possibly for zero-energy eigenstates. This is a defining feature of supersymmetric quantum mechanics."",
  ""answer"": ""A""
}","{
  ""reasoning"": ""The background explicitly states that in SUSY quantum mechanics, an introductory theorem shows that for every eigenstate of one Hamiltonian, its partner Hamiltonian has a corresponding eigenstate with the same energy (except possibly for zero energy eigenstates). This is a defining feature of partner Hamiltonians in SUSY quantum mechanics."",
  ""answer"": ""A""
}"
182,What is the proposed name for the field that is responsible for cosmic inflation and the metric expansion of space?,A,A,A,A,"{
  ""reasoning"": ""The question asks for the name of the field theorized to drive cosmic inflation and the metric expansion of space. In cosmological models, this field is a hypothetical scalar field called the 'inflaton'."",
  ""answer"": ""A""
}","{
  ""reasoning"": ""The question asks for the proposed name of the field responsible for cosmic inflation and metric expansion. Cosmic inflation is typically attributed to a hypothetical scalar field in the early universe, known as the 'inflaton' field."",
  ""answer"": ""A""
}","{
  ""reasoning"": ""The question asks for the name of the hypothetical field responsible for cosmic inflation and metric expansion. In inflationary cosmology, this field is a scalar field called the 'inflaton' that drives rapid expansion in the early universe."",
  ""answer"": ""A""
}"
183,Which of the following statements accurately describes the characteristics of gravitational waves?,C,C,C,C,"{
  ""reasoning"": ""The question asks about the standard notation for gravitational wave parameters. In gravitational wave physics, the strain amplitude is denoted by h, frequency by f, and wavelength by λ. The amplitude evolution is described by Einstein's quadrupole formula (not Newton's), and wavelength corresponds to distance between points of maximum stretch or squeeze."",
  ""answer"": ""C""
}","{
  ""reasoning"": ""The background mentions that the strain amplitude of gravitational waves is denoted by 'h', and their frequency by 'f'. The correct formula for gravitational wave amplitude variation is Einstein's quadrupole formula, not Newton's. Wavelength (λ) is the distance between successive points of maximum strain (stretch or squeeze)."",
  ""answer"": ""C""
}","{
  ""reasoning"": ""The question asks about the standard notation for gravitational wave parameters. In the background, the strain amplitude is denoted by 'h' (e.g., 'amplitudes of the strain h'), frequency by 'f' (e.g., 'lowest observed frequency of 35 Hz'), and wavelength by λ (e.g., 'Compton wavelength (λg)'). Gravitational waves are described by Einstein's quadrupole formula, not Newton's, and wavelength is the distance between points of maximum strain."",
  ""answer"": ""C""
}"
184,What is the difference between the coevolution of myrmecophytes and the mutualistic symbiosis of mycorrhiza?,A,A,A,A,"{
  ""reasoning"": ""The question asks about the difference between two types of mutualistic relationships: myrmecophytes with ants and mycorrhiza with fungi. The background text confirms mycorrhiza is a plant-fungus symbiosis where fungi aid in nutrient/water uptake in exchange for plant carbohydrates. Myrmecophytes are not detailed in the background, but general knowledge indicates they involve ants, not other organisms like butterflies, birds, or bees."",
  ""answer"": ""A""
}","{
  ""reasoning"": ""The question asks to distinguish between two types of mutualistic relationships: myrmecophyte-ant coevolution and mycorrhizal symbiosis. The background confirms mycorrhiza is a plant-fungus mutualism involving nutrient and carbohydrate exchange. Myrmecophytes are known from general biology to involve ants, not other organisms like birds or bees."",
  ""answer"": ""A""
}","{
  ""reasoning"": ""The question asks for the difference between two types of mutualistic relationships: myrmecophytes with ants and mycorrhiza with fungi. The background confirms mycorrhiza is a plant-fungus symbiosis where fungi aid in nutrient/water uptake in exchange for plant carbohydrates. Myrmecophytes are not detailed in the background, but general knowledge indicates they involve ants, not other organisms like birds or bees."",
  ""answer"": ""A""
}"
185,What is the Kelvin-Helmholtz instability and how does it affect Earth's magnetosphere?,A,A,A,A,"{
  ""reasoning"": ""The Kelvin-Helmholtz instability arises from velocity shear at fluid interfaces, such as at the magnetopause where solar wind flows past Earth's magnetosphere. This instability generates waves that can facilitate the entry of solar wind particles into the magnetosphere, as described in the background."",
  ""answer"": ""A""
}","{
  ""reasoning"": ""The question asks for the definition of the Kelvin-Helmholtz instability and its specific effect on Earth's magnetosphere. The background describes it as a velocity shear instability at fluid interfaces, occurring at the magnetopause due to solar wind interactions, allowing solar wind particles to enter the magnetosphere."",
  ""answer"": ""A""
}","{
  ""reasoning"": ""The Kelvin-Helmholtz instability arises from velocity shear at fluid interfaces, such as at Earth's magnetopause where solar wind flows past the magnetospheric plasma. This instability generates waves that can facilitate the entry of solar wind particles into the magnetosphere, as described in the background."",
  ""answer"": ""A""
}"
186,What is the significance of the high degree of fatty-acyl disorder in the thylakoid membranes of plants?,C,C,C,C,"{
  ""reasoning"": ""The background explains that thylakoid membranes are rich in linolenic acid (highly unsaturated), which increases membrane fluidity. It also states that organisms increase unsaturated fatty acids at lower temperatures to maintain membrane fluidity. Therefore, a high degree of fatty-acyl disorder (unsaturation) would promote fluidity even in cold conditions."",
  ""answer"": ""C""
}","{
  ""reasoning"": ""The background explains that membrane fluidity depends on the balance between saturated and unsaturated fatty acids, with increased unsaturated fatty acids enhancing fluidity at lower temperatures. Thylakoid membranes are rich in linolenic acid (highly unsaturated), which promotes disorder and fluidity. This allows the membranes to remain functional in cold conditions."",
  ""answer"": ""C""
}","{
  ""reasoning"": ""The background highlights that thylakoid membranes are rich in high-fluidity linolenic acid (an unsaturated fatty acid) and that membrane fluidity is regulated by the balance of saturated and unsaturated fatty acids, with increased unsaturation at lower temperatures to maintain fluidity. The 'high degree of fatty-acyl disorder' refers to the unsaturated nature of the fatty acids, which prevents tight packing and keeps membranes fluid even in cold conditions."",
  ""answer"": ""C""
}"
187,What is the explanation for the effective supersymmetry in quark-diquark models?,A,A,A,A,"{
  ""reasoning"": ""The question asks about the effective supersymmetry in quark-diquark models, which refers to a symmetry-like behavior where a baryon with a diquark cluster can resemble a meson. The correct explanation involves color charge combination: two quarks in a diquark combine their color charges (e.g., red and blue) to produce an effective anti-color (e.g., anti-green) at low resolution, making the diquark appear as an antiquark, so the baryon behaves like a meson."",
  ""answer"": ""A""
}","{
  ""reasoning"": ""The question refers to the concept of 'effective supersymmetry' in quark-diquark models, which is not directly about actual supersymmetry but about an analogy where a diquark in a baryon can effectively mimic an antiquark due to color charge combination. In QCD, a diquark in a color-antitriplet state can appear as an antiquark under coarse resolution, leading to baryon-meson symmetry in certain treatments."",
  ""answer"": ""A""
}","{
  ""reasoning"": ""The question asks about effective supersymmetry in quark-diquark models, which is not directly discussed in the background. However, the concept of a diquark behaving like an antiquark in color space is a known idea: two quarks in a color-antitriplet combination can appear as an antiquark under coarse resolution, making a baryon resemble a meson."",
  ""answer"": ""A""
}"
188,What is the relationship between the complete electromagnetic Hamiltonian of a molecule and the parity operation?,D,D,D,D,"{
  ""reasoning"": ""The background states that the complete electromagnetic Hamiltonian of any molecule commutes with (is invariant to) the parity operation P, and its eigenvalues can be labeled + or − as they are even or odd under parity. This matches an option that says the Hamiltonian is invariant and eigenvalues can be + or − depending on even/odd parity."",
  ""answer"": ""D""
}","{
  ""reasoning"": ""The background states that the complete electromagnetic Hamiltonian of any molecule commutes with (is invariant to) the parity operation P, and its eigenvalues can be labeled + or − as they are even or odd under parity. This directly matches the description in option D."",
  ""answer"": ""D""
}","{
  ""reasoning"": ""The background explicitly states that the complete electromagnetic Hamiltonian of any molecule commutes with (is invariant to) the parity operation P, and its eigenvalues can be labeled + or - as they are even or odd under parity."",
  ""answer"": ""D""
}"
189,What is the difference between active and passive transport in cells?,B,B,B,B,"{
  ""reasoning"": ""The background clearly states that passive transport does not require cellular energy and relies on concentration gradients, while active transport moves substances against their gradient using energy (ATP) or electrochemical gradients. None of the options mention ATP directly, but option B correctly identifies that active transport requires energy input from the cell, whereas passive transport is driven by physical forces (osmosis and electric fields are part of electrochemical gradients)."",
  ""answer"": ""B""
}","{
  ""reasoning"": ""The background clearly states that passive transport does not require the cell's energy and relies on concentration gradients, while active transport moves substances against their gradient and requires energy (like ATP) or uses an electrochemical gradient. None of the options mention ATP directly, but option B correctly identifies that passive transport is driven by gradients (osmosis and electric fields are forms of passive forces) and active transport requires cellular energy input."",
  ""answer"": ""B""
}","{
  ""reasoning"": ""The background clearly states that passive transport does not require cellular energy and relies on concentration gradients, while active transport moves substances against their gradient and requires energy (like ATP) or uses an electrochemical gradient. None of the options mention ATP directly, but option B correctly identifies that passive transport is driven by forces like osmosis and electric fields (which create gradients), while active transport requires cellular energy input."",
  ""answer"": ""B""
}"
190,What is the Heisenberg uncertainty principle and how does it relate to angular momentum in quantum mechanics?,E,D,D,D,"{
  ""reasoning"": ""The question asks for the Heisenberg uncertainty principle's relation to angular momentum. The background states that angular momentum is subject to the uncertainty principle, meaning only one projection can be known precisely at a time, leaving the other two uncertain, and that angular momentum is expressed as an operator with quantized eigenvalues."",
  ""answer"": ""D""
}","{
  ""reasoning"": ""The question asks about the Heisenberg uncertainty principle's relation to angular momentum. The background explicitly states that angular momentum is subject to the uncertainty principle, meaning only one component can be precisely measured at a time, while the other two remain uncertain, and that angular momentum is expressed as an operator with quantized eigenvalues."",
  ""answer"": ""D""
}","{
  ""reasoning"": ""The question asks for a description of the Heisenberg uncertainty principle and its specific relation to angular momentum in quantum mechanics. The background states that angular momentum components are subject to the uncertainty principle, meaning only one projection can be known precisely at a time, while the other two remain uncertain, and that angular momentum is quantized and expressed as an operator."",
  ""answer"": ""D""
}"
191,What is the difference between natural convection and forced convection?,C,C,C,C,"{
  ""reasoning"": ""The background clearly distinguishes natural convection as driven by buoyancy from density differences due to temperature variations, without external forcing, while forced convection is driven by external means like fans or pumps. Option C correctly captures this distinction, unlike the other options which either confuse the two or incorrectly equate them."",
  ""answer"": ""C""
}","{
  ""reasoning"": ""The background clearly distinguishes natural convection as driven by buoyancy forces from density variations (e.g., heating), without external forcing, while forced convection is induced by external means like fans or pumps. Option C accurately captures this distinction, whereas the others either confuse the two or incorrectly equate them."",
  ""answer"": ""C""
}","{
  ""reasoning"": ""The background clearly distinguishes natural convection as driven by buoyancy forces from density differences due to temperature variations, without external forcing. Forced convection involves external means like fans or pumps to induce fluid motion."",
  ""answer"": ""C""
}"
192,What is magnetic susceptibility?,B,B,B,B,"{
  ""reasoning"": ""The background defines magnetic susceptibility as a dimensionless proportionality constant indicating the degree of magnetization of a material in response to an applied magnetic field, given by M = χH. It classifies materials based on their response: paramagnetic (positive χ, attracted to field) or diamagnetic (negative χ, repelled). The key point is that susceptibility quantifies how much a material becomes magnetized under an applied field, not how it absorbs, resists, conducts, or reflects magnetization."",
  ""answer"": ""B""
}","{
  ""reasoning"": ""The background defines magnetic susceptibility as a dimensionless proportionality constant indicating the degree of magnetization of a material in response to an applied magnetic field. It is explicitly given as χ = M/H, the ratio of magnetization (M) to magnetic field strength (H), which aligns with options describing how much a material becomes magnetized, not absorbs, resists, conducts, or reflects magnetization."",
  ""answer"": ""B""
}","{
  ""reasoning"": ""The background defines magnetic susceptibility as a dimensionless proportionality constant indicating the degree of magnetization of a material in response to an applied magnetic field, specifically as χ = M/H. This means it quantifies how much a material becomes magnetized when placed in a magnetic field, not how it absorbs, resists, conducts, or reflects magnetization."",
  ""answer"": ""B""
}"
193,"What is a transient condensation cloud, also known as a Wilson cloud?",B,B,B,B,"{
  ""reasoning"": ""The background states that a Wilson cloud forms due to the 'negative phase' of the shock wave causing rarefaction and cooling of humid air, leading to condensation of water vapor. It is specifically a cloud of water droplets, not smoke or gas, and requires humid air, not dry air."",
  ""answer"": ""B""
}","{
  ""reasoning"": ""The background states that a Wilson cloud forms due to the 'negative phase' of the shock wave causing rarefaction and adiabatic cooling in humid air, which condenses water vapor into droplets. It explicitly contrasts with smoke or gas from burning materials, emphasizing it is a condensation effect requiring humidity."",
  ""answer"": ""B""
}","{
  ""reasoning"": ""The background explicitly states that a Wilson cloud forms due to the 'negative phase' of the shock wave causing rarefaction and adiabatic cooling in humid air, leading to condensation of water vapor. It is composed of microscopic water droplets, not smoke or gas, and requires humid air, not dry air."",
  ""answer"": ""B""
}"
194,What is a uniform tiling in the hyperbolic plane?,D,D,D,D,"{
  ""reasoning"": ""The background defines uniform tilings as tessellations by regular polygon faces that are vertex-transitive, which applies to both Euclidean and hyperbolic planes. Vertex-transitive means all vertices are equivalent under symmetry, which is the same as being isogonal. The hyperbolic examples given all use regular polygons."",
  ""answer"": ""D""
}","{
  ""reasoning"": ""The background states that a uniform tiling is a tessellation by regular polygon faces with the restriction of being vertex-transitive. This applies to both Euclidean and hyperbolic planes. Uniform tilings are edge-to-edge by definition, and vertex-transitive implies isogonal."",
  ""answer"": ""D""
}","{
  ""reasoning"": ""The background defines uniform tilings as tessellations by regular polygons that are vertex-transitive, and this applies to both Euclidean and hyperbolic planes. The correct option must specify regular polygons and vertex-transitivity, matching the definition."",
  ""answer"": ""D""
}"
195,What is the relation between the three moment theorem and the bending moments at three successive supports of a continuous beam?,C,C,C,C,"{
  ""reasoning"": ""The question asks specifically about the relation between the three moment theorem and bending moments at three successive supports. The background explicitly states that Clapeyron's theorem of three moments relates the bending moments at three consecutive supports of a horizontal beam, considering spans and loads, which matches option C."",
  ""answer"": ""C""
}","{
  ""reasoning"": ""The question asks specifically about the relation between the three moment theorem and bending moments at three successive supports of a continuous beam. The background explicitly states that Clapeyron's theorem of three moments relates the bending moments at three consecutive supports of a horizontal beam, given spans and loads."",
  ""answer"": ""C""
}","{
  ""reasoning"": ""The question asks specifically about the relationship between the three moment theorem and bending moments at three successive supports of a continuous beam. The background explicitly states that Clapeyron's theorem of three moments relates the bending moments at three consecutive supports, considering spans, loads, and support settlements, which matches option C."",
  ""answer"": ""C""
}"
196,"What is the throttling process, and why is it important?",B,B,B,B,"{
  ""reasoning"": ""The question asks about the definition and importance of a throttling process in thermodynamics, specifically in the context of refrigeration. The background mentions throttling in terms of pressure losses and flow control, but the key thermodynamic concept is a steady adiabatic flow through a restriction causing a pressure drop and often a temperature change (like in refrigeration). Among the options, the correct one should describe an adiabatic flow causing a temperature drop and note its importance in the refrigeration cycle."",
  ""answer"": ""B""
}","{
  ""reasoning"": ""The throttling process in thermodynamics is a steady adiabatic flow through a restriction like a valve, causing a pressure drop without external work or heat transfer. In refrigeration cycles, this pressure drop leads to a temperature drop, which is essential for cooling."",
  ""answer"": ""B""
}","{
  ""reasoning"": ""The question asks about the definition of throttling and its importance in refrigeration. Throttling is a steady adiabatic flow through a restriction causing a pressure drop, which in refrigerators leads to a temperature drop due to Joule-Thomson effect. This process is essential for cooling in the refrigeration cycle."",
  ""answer"": ""B""
}"
197,What happens to excess base metal as a solution cools from the upper transformation temperature towards an insoluble state?,B,B,B,B,"{
  ""reasoning"": ""The background states that as the solution cools from the upper transformation temperature toward an insoluble state, the excess base metal is forced to 'crystallize-out', becoming the proeutectoid phase. This continues until the solute concentration reaches the eutectoid level, after which the remaining material crystallizes as a separate eutectoid microstructure."",
  ""answer"": ""B""
}","{
  ""reasoning"": ""The background states that as a hypoeutectoid alloy cools from the upper transformation temperature, the excess base metal is forced to 'crystallize-out', becoming the proeutectoid phase, until the remaining solute concentration reaches the eutectoid level. This directly matches the description in option B."",
  ""answer"": ""B""
}","{
  ""reasoning"": ""The question asks about the behavior of excess base metal during cooling of a hypoeutectoid alloy from the upper transformation temperature. The background explicitly states that as the solution cools, the excess base metal is forced to 'crystallize-out', forming the proeutectoid phase until the solute concentration reaches the eutectoid level."",
  ""answer"": ""B""
}"
198,"What is the relationship between mass, force, and acceleration, according to Sir Isaac Newton's laws of motion?",D,D,D,D,"{
  ""reasoning"": ""The background emphasizes that mass is an inertial property, and Newton's second law is F = ma, with the specific example that a 1 kg mass accelerates at 1 m/s² under a 1 N force. Options that incorrectly state the acceleration or mischaracterize mass should be eliminated."",
  ""answer"": ""D""
}","{
  ""reasoning"": ""The question asks for the correct relationship between mass, force, and acceleration per Newton's laws. The background repeatedly states that mass is an inertial property, and Newton's second law is F = ma, where 1 N applied to 1 kg yields an acceleration of 1 m/s²."",
  ""answer"": ""D""
}","{
  ""reasoning"": ""The question asks for the relationship between mass, force, and acceleration according to Newton's laws. The background repeatedly states that mass is an inertial property and that Newton's second law is F = ma, with the example that a 1 kg mass accelerates at 1 m/s² under a 1 N force."",
  ""answer"": ""D""
}"
199,What did Arthur Eddington discover about two of Einstein's types of gravitational waves?,C,E,E,E,"{
  ""reasoning"": ""The question refers to Arthur Eddington's analysis of Einstein's gravitational wave types. From historical context, Eddington demonstrated that two of the wave types were coordinate artifacts and could only propagate at the speed of light with proper coordinate choices, aligning with general relativity's prediction that gravitational waves travel at light speed."",
  ""answer"": ""E""
}","{
  ""reasoning"": ""The question asks about Arthur Eddington's discovery regarding two types of gravitational waves in Einstein's theory. The background does not explicitly detail this, but historical knowledge indicates Eddington demonstrated that two of Einstein's wave types were coordinate artifacts and could be made to propagate at the speed of light with appropriate coordinate choices."",
  ""answer"": ""E""
}","{
  ""reasoning"": ""The question asks about Arthur Eddington's discovery regarding Einstein's gravitational wave types. The background mentions Eddington's work on coordinate singularities and gravitational radiation, but not specifically about him showing two wave types as coordinate artifacts. The correct answer must reflect Eddington's demonstration that only two of Einstein's wave types are physical, and the others are gauge effects that can propagate at any speed with coordinate choice."",
  ""answer"": ""E""
}"
