id,prompt,correct,trial1,trial2,trial3,raw_trial1,raw_trial2,raw_trial3
0,"Which of the following statements accurately describes the impact of Modified Newtonian Dynamics (MOND) on the observed ""missing baryonic mass"" discrepancy in galaxy clusters?",D,D,D,D,"{
  ""reasoning"": ""The question asks about MOND's effect on the missing baryonic mass in galaxy clusters. MOND modifies gravity to explain galactic rotation curves without dark matter, but for galaxy clusters it still requires some unseen baryonic or non-baryonic mass, reducing but not eliminating the discrepancy."",
  ""answer"": ""D""
}","{
  ""reasoning"": ""MOND modifies gravity at low accelerations to explain galaxy rotation curves without dark matter. In galaxy clusters, however, MOND alone still leaves a residual mass discrepancy (about a factor of 2) compared to the much larger factor (about 10) in the standard dark matter picture."",
  ""answer"": ""D""
}","{
  ""reasoning"": ""The question asks about MOND's effect on the 'missing baryonic mass' in galaxy clusters. MOND modifies gravity to explain galactic rotation curves without dark matter, but in clusters it still leaves a residual mass discrepancy, reducing it from ~10 to ~2 rather than eliminating it entirely."",
  ""answer"": ""D""
}"
1,Which of the following is an accurate definition of dynamic scaling in self-similar systems?,A,A,A,A,"{
  ""reasoning"": ""Dynamic scaling in self-similar systems describes a situation where statistical properties evolve over time but remain similar in shape when rescaled by a characteristic scale. This means data at different times can be collapsed onto a single scaling function using a time-dependent scaling variable, implying evolution and similarity, not independence or dissimilarity."",
  ""answer"": ""A""
}","{
  ""reasoning"": ""Dynamic scaling in self-similar systems describes how statistical properties evolve over time while maintaining a scaling form, meaning data at different times can be collapsed onto a single curve using a time-dependent scaling factor. This implies evolution and similarity across time when appropriately rescaled, not dissimilarity or independence."",
  ""answer"": ""A""
}","{
  ""reasoning"": ""Dynamic scaling in self-similar systems describes how statistical properties evolve over time while maintaining a self-similar form when rescaled by a time-dependent characteristic scale. The correct definition must involve evolution and similarity across different times, tested by a time-dependent variable."",
  ""answer"": ""A""
}"
2,Which of the following statements accurately describes the origin and significance of the triskeles symbol?,A,A,B,A,"{
  ""reasoning"": ""The question asks about the origin and significance of the triskeles symbol, particularly in relation to Sicily. The most accurate statement should correctly describe its form (three interlinked spirals/arms), its adoption by Syracuse, and its connection to the Greek name Trinacria (meaning three headlands/corners), with the Medusa head representing those headlands."",
  ""answer"": ""A""
}","{
  ""reasoning"": ""The question asks for an accurate description of the origin and significance of the triskeles symbol, specifically in relation to Sicily. The correct option must accurately mention its form (three interlinked spirals/arms), its adoption by Syracuse, its connection to the Greek name Trinacria (meaning three headlands/corners), and the meaning of the Medusa head."",
  ""answer"": ""B""
}","{
  ""reasoning"": ""The question asks about the origin and significance of the triskeles symbol, focusing on its historical reconstruction, adoption as an emblem, and the meaning behind its elements. The correct answer must accurately link the symbol to the rulers of Syracuse, the Greek name Trinacria (meaning three headlands/corners), and the Medusa head's representation."",
  ""answer"": ""A""
}"
3,What is the significance of regularization in terms of renormalization problems in physics?,C,A,A,A,"{
  ""reasoning"": ""The question asks about the role of regularization in renormalization problems in physics. Regularization introduces a finite cutoff (like a finite electron radius) to temporarily manage infinities in calculations, making them tractable before renormalization removes the cutoff dependence. This technique is a standard step in quantum field theory to handle divergences."",
  ""answer"": ""A""
}","{
  ""reasoning"": ""Regularization in renormalization problems typically involves introducing a finite cutoff (like a finite electron radius) to temporarily handle infinities, making intermediate calculations manageable before taking a limit to remove the cutoff. This technique simplifies calculations that would otherwise be impossible due to singularities, and the idea generalizes to other renormalization issues."",
  ""answer"": ""A""
}","{
  ""reasoning"": ""The question asks about the role of regularization in renormalization problems in physics, specifically regarding the mass-energy of an electron. Regularization typically introduces a finite cutoff (like a finite radius) to temporarily handle infinities in calculations, making them manageable before renormalization removes the cutoff dependence. This technique is widely applied to other renormalization problems as well."",
  ""answer"": ""A""
}"
4,Which of the following statements accurately describes the relationship between the dimensions of a diffracting object and the angular spacing of features in the diffraction pattern?,D,D,D,D,"{
  ""reasoning"": ""In wave optics, diffraction patterns from apertures or obstacles follow a general scaling: the angular width or spacing of diffraction features (like minima or maxima) is inversely proportional to the characteristic size of the diffracting object. This means smaller objects produce broader diffraction patterns."",
  ""answer"": ""D""
}","{
  ""reasoning"": ""This question tests knowledge of diffraction scaling. In single-slit and grating diffraction, the angular spacing between minima or maxima is inversely proportional to the slit width or grating spacing; smaller features produce broader diffraction patterns."",
  ""answer"": ""D""
}","{
  ""reasoning"": ""In diffraction, the angular spacing of features (like minima or maxima) is governed by the relation sin θ ≈ λ/d for a slit of width d. This shows that angular spacing is inversely proportional to the dimension of the diffracting object: smaller objects produce wider diffraction patterns."",
  ""answer"": ""D""
}"
5,"Which of the following statements accurately depicts the relationship between Gauss's law, electric flux, electric field, and symmetry in electric fields?",B,B,B,B,"{
  ""reasoning"": ""The question asks about Gauss's law's applicability, the relationship between flux and external charges, and the SI base units of electric flux. Gauss's law holds for all closed surfaces but is most useful for symmetric charge distributions; flux depends only on enclosed charge, while E depends on all charges; and electric flux in SI base units is kg·m³·s⁻³·A⁻¹ (equivalent to V·m)."",
  ""answer"": ""B""
}","{
  ""reasoning"": ""The question asks about the relationship between Gauss's law, electric flux, electric field, and symmetry. Gauss's law is universally valid but is most practically useful for symmetric charge distributions where the electric field can be taken out of the flux integral. The correct option must accurately reflect that Gauss's law always holds, flux depends only on enclosed charge, and the SI base units of electric flux are kg·m³·s⁻³·A⁻¹ (since 1 V·m = 1 kg·m²·s⁻³·A⁻¹ and flux is E·A so m² adds one more meter)."",
  ""answer"": ""B""
}","{
  ""reasoning"": ""The question tests understanding of Gauss's law applicability, the definition of electric flux, and its SI base units. Gauss's law holds for all electric fields but is most useful for symmetric charge distributions, and electric flux depends only on enclosed charge, not external charges."",
  ""answer"": ""B""
}"
6,Which of the following statements accurately describes the dimension of an object in a CW complex?,A,A,A,A,"{
  ""reasoning"": ""In a CW complex, the dimension is defined as the supremum of dimensions of its cells, or equivalently the largest n such that the n-skeleton is nontrivial. The empty set is conventionally assigned dimension -1, and the boundary of a 0-dimensional discrete set (which is empty) indeed has dimension -1."",
  ""answer"": ""A""
}","{
  ""reasoning"": ""The question asks about the standard definition of dimension in a CW complex. In CW complexes, the dimension of a cell is defined by the dimension of its attached disk, and the dimension of the complex is the maximum dimension of its cells. The empty set is conventionally assigned dimension -1."",
  ""answer"": ""A""
}","{
  ""reasoning"": ""The question asks about the standard definition of dimension in a CW complex. In CW complexes, the dimension is defined as the supremum of dimensions of its cells, often equivalently described via skeletons. The empty set is conventionally assigned dimension -1 in topology."",
  ""answer"": ""A""
}"
7,Which of the following statements accurately describes the blocking temperature of an antiferromagnetic layer in a spin valve?,D,D,D,D,"{
  ""reasoning"": ""The blocking temperature in a spin valve is the temperature above which the exchange bias (pinning) from the antiferromagnetic layer to the adjacent ferromagnetic layer vanishes, so the antiferromagnet can no longer fix the magnetization direction. This temperature is typically lower than the Néel temperature of the antiferromagnet because thermal fluctuations disrupt exchange coupling before the antiferromagnetic order itself is lost."",
  ""answer"": ""D""
}","{
  ""reasoning"": ""The blocking temperature in a spin valve refers to the temperature above which the antiferromagnetic layer can no longer provide exchange bias to pin the magnetization of the adjacent ferromagnetic layer. It is generally lower than the Néel temperature of the antiferromagnet because thermal energy overcomes the interfacial exchange coupling before the antiferromagnetic order itself is lost."",
  ""answer"": ""D""
}","{
  ""reasoning"": ""The blocking temperature in a spin valve refers to the temperature above which the antiferromagnetic layer can no longer exchange-bias (pin) the adjacent ferromagnetic layer. It is a practical threshold related to thermal stability of the pinning, and it is typically lower than the Néel temperature (the ordering temperature of the antiferromagnet)."",
  ""answer"": ""D""
}"
8,What is the term used in astrophysics to describe light-matter interactions resulting in energy shifts in the radiation field?,C,C,C,C,"{
  ""reasoning"": ""The question asks for the astrophysics term describing light-matter interactions that shift energy in the radiation field. Blueshifting and redshifting refer to Doppler shifts from motion, while reddening specifically refers to scattering processes that preferentially remove shorter wavelengths, shifting the overall spectrum to longer wavelengths without changing emission lines. This matches the description of an energy shift due to interaction with matter."",
  ""answer"": ""C""
}","{
  ""reasoning"": ""The question asks for the astrophysics term describing light-matter interactions that shift the energy of radiation. 'Redshifting' and 'blueshifting' refer to wavelength shifts due to relative motion, while 'reddening' specifically refers to the scattering of shorter wavelengths by interstellar dust, causing an energy shift in the observed spectrum."",
  ""answer"": ""C""
}","{
  ""reasoning"": ""The question asks for the astrophysics term describing light-matter interactions that shift the energy of the radiation field. While 'redshifting' and 'blueshifting' refer to wavelength changes due to relative motion, 'reddening' specifically denotes the scattering of shorter wavelengths by interstellar dust, causing an energy shift in the observed spectrum toward longer wavelengths."",
  ""answer"": ""C""
}"
9,What is the role of axioms in a formal theory?,A,A,A,A,"{
  ""reasoning"": ""In formal logic and mathematics, axioms are foundational statements assumed to be true without proof, serving as the starting point for deriving theorems via deductive rules. They are not supplementary, redundant, or meant for experimental validation, but rather form the core basis of a formal theory."",
  ""answer"": ""A""
}","{
  ""reasoning"": ""In formal logic and mathematics, axioms are foundational statements accepted without proof, serving as the starting point for deriving theorems via deductive rules. They are not supplementary, redundant, or meant for experimental validation, but rather form the core basis of the theory."",
  ""answer"": ""A""
}","{
  ""reasoning"": ""In formal logic and mathematics, axioms are foundational statements assumed to be true without proof. They serve as the starting point from which theorems are derived via deductive rules in a formal system."",
  ""answer"": ""A""
}"
10,What did Fresnel predict and verify with regards to total internal reflections?,E,E,E,E,"{
  ""reasoning"": ""The question refers to Fresnel's work on using total internal reflections with different external media to produce circular polarization. Historical accounts indicate he used four reflections at a specific angle, alternating between water and air as the external medium, to achieve precise circular polarization."",
  ""answer"": ""E""
}","{
  ""reasoning"": ""This question tests recall of a specific historical optics experiment by Fresnel involving total internal reflection to produce circular polarization. The correct version is a classic result where Fresnel used four reflections at 68°27' with alternating media (air/water) to achieve circular polarization, which wouldn't work if all surfaces were the same."",
  ""answer"": ""E""
}","{
  ""reasoning"": ""This question tests recall of a specific historical optics experiment by Fresnel on achieving circular polarization via total internal reflection with alternating media. The correct details involve four reflections at a specific angle (68°27') with a mix of water and air as the external medium, not all wet or all dry."",
  ""answer"": ""E""
}"
11,What is the relationship between the Wigner function and the density matrix operator?,A,A,A,A,"{
  ""reasoning"": ""The Wigner function is a quasiprobability distribution in phase space obtained via the Wigner transform of the density matrix. It allows quantum expectation values to be computed as phase-space integrals analogous to classical averages, matching the description in option A."",
  ""answer"": ""A""
}","{
  ""reasoning"": ""The question asks about the mathematical relationship between the Wigner function and the density matrix operator in quantum phase space. The Wigner function is indeed defined as the Wigner–Weyl transform of the density matrix, and expectation values are computed as phase-space integrals involving the Wigner function and the Weyl transform of the operator."",
  ""answer"": ""A""
}","{
  ""reasoning"": ""The question asks about the mathematical relationship between the Wigner function and the density matrix operator in quantum phase-space formulation. The Wigner function is indeed defined as the Wigner transform (a specific Fourier transform) of the density matrix, and expectation values are computed as phase-space integrals of the Wigner function with the classical counterpart of the operator."",
  ""answer"": ""A""
}"
12,What is one of the examples of the models proposed by cosmologists and theoretical physicists without the cosmological or Copernican principles that can be used to address specific issues in the Lambda-CDM model and distinguish between current models and other possible models?,C,C,C,C,"{
  ""reasoning"": ""The question asks for a model proposed without the cosmological or Copernican principles that addresses issues in Lambda-CDM. Inhomogeneous cosmology, such as a large void model, challenges these principles by suggesting we are in a special location, yet can mimic cosmic acceleration without dark energy. Option C correctly describes this alternative."",
  ""answer"": ""C""
}","{
  ""reasoning"": ""The question asks for a model that does not assume the cosmological or Copernican principles and can address issues in Lambda-CDM. Inhomogeneous cosmology, such as a large void model, replaces dark energy with a non-uniform structure and contradicts the Copernican principle, matching option C."",
  ""answer"": ""C""
}","{
  ""reasoning"": ""The question asks for a model proposed without the cosmological or Copernican principles that addresses issues in Lambda-CDM. Option C describes an inhomogeneous cosmology with a large void, which avoids dark energy and matches observations of acceleration but contradicts the Copernican principle, fitting the criteria."",
  ""answer"": ""C""
}"
13,What is the Roche limit?,D,E,E,E,"{
  ""reasoning"": ""The Roche limit is defined as the distance from a planet within which tidal forces exceed the self-gravity holding a smaller object together, causing it to disintegrate. Options D and E both describe this correctly, but E adds important details about dependency on densities and composition, making it the most precise and complete definition."",
  ""answer"": ""E""
}","{
  ""reasoning"": ""The Roche limit is an astronomical concept describing the minimum distance a smaller celestial body can approach a larger one without being torn apart by tidal forces. The correct definition must specify that tidal forces overcome the self-gravity or internal cohesion of the smaller object, and it depends on the densities and sizes of both bodies."",
  ""answer"": ""E""
}","{
  ""reasoning"": ""The Roche limit describes the critical distance from a planet or star inside which a smaller celestial body (like a moon or asteroid) will be torn apart by tidal forces because the gravitational differential across it exceeds its own self-gravity holding it together. Options D and E both capture this idea, but E adds important details about dependence on density, composition, and planetary characteristics, making it the most complete and precise definition."",
  ""answer"": ""E""
}"
14,What is Martin Heidegger's view on the relationship between time and human existence?,B,B,B,B,"{
  ""reasoning"": ""Heidegger's central concept of Dasein emphasizes that human existence is fundamentally temporal. He argues that we are not merely in time but are constituted by temporality, where the past is our 'having-been' and the future is our 'being-toward' possibilities."",
  ""answer"": ""B""
}","{
  ""reasoning"": ""Heidegger's philosophy, especially in Being and Time, centers on temporality as constitutive of human existence (Dasein). He argues that Dasein is not merely 'in' time but exists as a temporal being, where the past is understood as 'having-been' and the future as 'being-ahead-of-itself' toward possibilities."",
  ""answer"": ""B""
}","{
  ""reasoning"": ""Heidegger's philosophy in 'Being and Time' centers on temporality as the core of human existence (Dasein). He argues that Dasein is not merely 'in' time but rather exists as temporal, with its being defined by care, thrownness, and being-toward-death."",
  ""answer"": ""B""
}"
15,"What is the ""ultraviolet catastrophe""?",B,D,D,D,"{
  ""reasoning"": ""The ultraviolet catastrophe refers to the failure of classical physics to correctly predict the spectral distribution of blackbody radiation, leading to an infinite energy prediction at high frequencies. This discrepancy was resolved by Planck's quantum hypothesis, making it a historical flaw in classical theory."",
  ""answer"": ""D""
}","{
  ""reasoning"": ""The ultraviolet catastrophe refers to a failure of classical physics to correctly predict the spectral energy distribution of blackbody radiation, particularly at high frequencies (ultraviolet range). It was resolved by Planck's quantum hypothesis, which introduced quantized energy levels."",
  ""answer"": ""D""
}","{
  ""reasoning"": ""The ultraviolet catastrophe refers to the failure of classical physics to correctly predict the spectral distribution of blackbody radiation, particularly at high frequencies (ultraviolet range). It arises from the Rayleigh-Jeans law, which diverges at short wavelengths, implying infinite energy density—a physical impossibility."",
  ""answer"": ""D""
}"
16,What is the most popular explanation for the shower-curtain effect?,E,E,E,E,"{
  ""reasoning"": ""The shower-curtain effect refers to the tendency of a shower curtain to billow inward during a shower. The most commonly cited explanation involves Bernoulli's principle, where faster-moving air inside the shower (due to falling water and steam) has lower pressure than the stiller air outside, causing a pressure differential that pulls the curtain inward."",
  ""answer"": ""E""
}","{
  ""reasoning"": ""The shower-curtain effect refers to a shower curtain being pulled inward when the shower is running. The most common scientific explanation involves Bernoulli's principle, which states that faster-moving air (inside the shower) has lower pressure, causing higher pressure outside to push the curtain inward."",
  ""answer"": ""E""
}","{
  ""reasoning"": ""The shower-curtain effect refers to the tendency of a shower curtain to billow inward when the shower is running. The most widely cited explanation involves Bernoulli's principle, which states that faster-moving fluid (or air) has lower pressure, so the moving air inside the shower creates a pressure differential that pulls the curtain inward."",
  ""answer"": ""E""
}"
17,What is the butterfly effect?,E,E,E,E,"{
  ""reasoning"": ""The butterfly effect is a concept from chaos theory describing how small initial differences can lead to vastly different outcomes in complex systems. Among the options, only E correctly identifies it as relating to causality differences between physics and broader philosophical conditions like INUS."",
  ""answer"": ""E""
}","{
  ""reasoning"": ""The butterfly effect refers to the sensitive dependence on initial conditions in chaotic systems, where a tiny change can lead to vastly different outcomes. Among the options, only E connects this to a broader philosophical discussion of causality, contrasting physical causality with Mackie's INUS conditions."",
  ""answer"": ""E""
}","{
  ""reasoning"": ""The butterfly effect is a concept from chaos theory where small initial differences can lead to vastly different outcomes in complex systems. It is often used to illustrate the limitations of deterministic predictability in classical physics, contrasting with more general philosophical notions of causality like Mackie's INUS conditions."",
  ""answer"": ""E""
}"
18,What is the 'reactive Leidenfrost effect' observed in non-volatile materials?,A,A,A,A,"{
  ""reasoning"": ""The question asks about the 'reactive Leidenfrost effect' in non-volatile materials. The classic Leidenfrost effect involves a vapor layer causing levitation above a hot surface, and the term 'reactive' suggests a similar floating and erratic motion, but for non-volatile solids rather than volatile liquids."",
  ""answer"": ""A""
}","{
  ""reasoning"": ""The reactive Leidenfrost effect is a term used to describe the behavior of non-volatile solid particles when placed on a hot surface. These particles are observed to levitate and exhibit erratic motion due to chemical reactions producing gas, rather than rapid vaporization as in the classic Leidenfrost effect."",
  ""answer"": ""A""
}","{
  ""reasoning"": ""The question asks about the 'reactive Leidenfrost effect' specifically in non-volatile materials. The classic Leidenfrost effect involves levitation on a vapor layer, and the 'reactive' variant describes erratic floating motion of solid particles above hot surfaces, which matches non-volatile materials that do not readily vaporize."",
  ""answer"": ""A""
}"
19,What is reciprocal length or inverse length?,E,E,E,E,"{
  ""reasoning"": ""The question asks for the definition of reciprocal length or inverse length, which is a fundamental concept in physics and mathematics. The correct definition is the reciprocal of length, with units such as m⁻¹ or cm⁻¹, commonly used in fields like spectroscopy and wave number calculations."",
  ""answer"": ""E""
}","{
  ""reasoning"": ""The term 'reciprocal length' or 'inverse length' directly indicates the reciprocal of a length measurement. Among the options, only E correctly identifies it as the reciprocal of length and lists appropriate units like m⁻¹ and cm⁻¹, which are used in fields such as physics (e.g., wave number) and mathematics."",
  ""answer"": ""E""
}","{
  ""reasoning"": ""The term 'reciprocal length' or 'inverse length' directly implies the reciprocal of a length measurement. In physics and engineering, it is commonly used for quantities like wave number (inverse wavelength) and its units are inverse meters (m⁻¹) or inverse centimeters (cm⁻¹)."",
  ""answer"": ""E""
}"
20,Which of the following statements is true about the categorization of planetary systems according to their orbital dynamics?,D,D,D,D,"{
  ""reasoning"": ""The question asks about categorization based on orbital dynamics, which is a standard topic in planetary system dynamics. In the literature, systems are often classified as resonant (planets in mean-motion resonance), non-resonant-interacting (significant gravitational interactions without resonance), hierarchical (wide separation between planets), or mixed types."",
  ""answer"": ""D""
}","{
  ""reasoning"": ""The question asks about categorizing planetary systems by orbital dynamics. In dynamical astronomy, systems are often classified by their orbital architecture, including resonant configurations (planets in mean-motion resonance), non-resonant but gravitationally interacting systems, and hierarchical systems (widely separated orbits with weak interaction). These categories are not mutually exclusive and can be combined."",
  ""answer"": ""D""
}","{
  ""reasoning"": ""The question asks about categorizing planetary systems based on orbital dynamics. In exoplanetary science, systems are often classified by their orbital architectures, including resonant chains, non-resonant but gravitationally interacting configurations, and hierarchical systems with widely separated orbits, as well as combinations of these types."",
  ""answer"": ""D""
}"
21,What is the propagation constant in sinusoidal waves?,D,E,E,E,"{
  ""reasoning"": ""The propagation constant (γ) in wave theory is generally a complex number, with its real part representing attenuation and its imaginary part representing phase change per unit length. For a lossless medium, it is purely imaginary, but in general it is complex and constant for a given frequency and medium, not varying with distance."",
  ""answer"": ""E""
}","{
  ""reasoning"": ""The propagation constant (γ) for sinusoidal waves in transmission lines or wave propagation is generally complex, with real part α (attenuation constant) and imaginary part β (phase constant). It describes how amplitude and phase change per unit distance along the direction of propagation. In a linear, homogeneous medium without frequency-dependent losses, γ is constant with distance."",
  ""answer"": ""E""
}","{
  ""reasoning"": ""In sinusoidal wave propagation, the propagation constant (γ) is a complex number that describes both the phase change per unit length (β, the imaginary part) and attenuation per unit length (α, the real part). For a lossless medium, it is purely imaginary, but in general it is complex and constant for a given frequency and medium properties, not varying with distance."",
  ""answer"": ""E""
}"
22,What is the gravitomagnetic interaction?,C,C,C,C,"{
  ""reasoning"": ""The question asks about the definition of the gravitomagnetic interaction. In general relativity, gravitomagnetism refers to effects generated by rotating mass, analogous to magnetism in electromagnetism, with strength proportional to angular momentum. Among the options, only C correctly describes it as a force generated by rotating matter with intensity proportional to spin, in line with general relativity."",
  ""answer"": ""C""
}","{
  ""reasoning"": ""The question asks for the definition of the gravitomagnetic interaction. From general relativity, gravitomagnetism refers to effects generated by rotating mass, analogous to magnetism in electromagnetism. The correct description should mention rotating matter and its relation to general relativity."",
  ""answer"": ""C""
}","{
  ""reasoning"": ""The question asks for the definition of the gravitomagnetic interaction, which is a concept from general relativity. Among the options, only option C correctly describes it as a new force generated by rotating matter with intensity proportional to spin, as predicted by general relativity."",
  ""answer"": ""C""
}"
23,What did Newton's manuscripts of the 1660s show?,C,C,C,C,"{
  ""reasoning"": ""The question asks about the content of Newton's manuscripts from the 1660s, which historically reflect his early work on motion and force before his correspondence with Hooke in the 1670s. Newton's early manuscripts, such as the 'Waste Book,' show he was already exploring the combination of tangential motion with a centrally directed force, leading toward his concept of linear inertia, independent of Hooke or Descartes."",
  ""answer"": ""C""
}","{
  ""reasoning"": ""The question asks about the content of Newton's manuscripts from the 1660s. Without specific background provided, historical consensus indicates that Newton's early manuscripts (like the 'Waste Book') explored combining tangential motion with radially directed force, leading to concepts of orbital motion and linear inertia, independent of later influences like Hooke or Descartes."",
  ""answer"": ""C""
}","{
  ""reasoning"": ""The question asks about the content of Newton's manuscripts from the 1660s. Historical scholarship indicates that during this period, Newton developed his early ideas on motion and force, including combining tangential motion with radially directed force, which relates to his concept of linear inertia."",
  ""answer"": ""C""
}"
24,What is the decay energy for the free neutron decay process?,E,D,D,E,"{
  ""reasoning"": ""The decay energy for free neutron decay is the mass difference between the neutron and the sum of the proton and electron masses (ignoring the small neutrino mass). This Q-value is approximately 0.782 MeV, a well-known value in nuclear and particle physics."",
  ""answer"": ""D""
}","{
  ""reasoning"": ""Free neutron decay (beta decay) yields a proton, an electron, and an antineutrino. The Q-value is the mass difference between the neutron and the proton plus electron, which is about 0.782 MeV, a well-known experimental value in nuclear physics."",
  ""answer"": ""D""
}","{
  ""reasoning"": ""The free neutron decay process (beta decay of the neutron) yields a decay energy equal to the mass difference between the neutron and the sum of the proton and electron masses, minus a small correction for the neutrino mass. This value is known from particle data to be about 0.782 MeV, with more precise measurements giving numbers close to 0.782343 MeV."",
  ""answer"": ""E""
}"
25,What is Hesse's principle of transfer in geometry?,E,E,E,E,"{
  ""reasoning"": ""The question asks specifically about Hesse's principle of transfer in geometry. Among the options, only option E describes a geometric concept involving projective geometry, rational normal curves, and transformations, which aligns with known principles in classical algebraic geometry."",
  ""answer"": ""E""
}","{
  ""reasoning"": ""The question asks for Hesse's principle of transfer specifically in geometry. Among the options, only E describes a geometric concept involving projective geometry, rational normal curves, and transformations, which matches the expected domain."",
  ""answer"": ""E""
}","{
  ""reasoning"": ""The question asks for Hesse's principle of transfer specifically in geometry. Among the options, only E describes a geometric concept involving projective geometry, rational normal curves, and transformation groups, which matches known mathematical principles attributed to Hesse."",
  ""answer"": ""E""
}"
26,What is the relationship between the Cauchy momentum equation and the Navier-Stokes equation?,A,A,A,A,"{
  ""reasoning"": ""The Cauchy momentum equation is a general statement of momentum conservation for a continuum, independent of material properties. The Navier–Stokes equations are obtained by substituting the constitutive relation for a Newtonian fluid (stress proportional to strain rate) into the Cauchy momentum equation, often with assumptions of constant density and viscosity."",
  ""answer"": ""A""
}","{
  ""reasoning"": ""The Cauchy momentum equation is a general statement of momentum conservation for a continuum, valid for any continuous medium. The Navier–Stokes equations are derived by substituting a Newtonian constitutive relation (linear stress–strain rate) into the Cauchy equation, along with assumptions of constant density and viscosity."",
  ""answer"": ""A""
}","{
  ""reasoning"": ""The Cauchy momentum equation is the general differential form of momentum balance for a continuum, valid for any material. The Navier–Stokes equations are obtained by substituting the constitutive relation for a Newtonian fluid (stress proportional to strain rate) into the Cauchy equation, often with assumptions of constant density and viscosity."",
  ""answer"": ""A""
}"
27,What is X-ray pulsar-based navigation (XNAV)?,D,D,D,D,"{
  ""reasoning"": ""XNAV uses pulsars, which are rotating neutron stars that emit periodic X-ray signals, not radio signals or satellite signals. The technique is intended for deep space navigation, not within Earth's atmosphere."",
  ""answer"": ""D""
}","{
  ""reasoning"": ""XNAV specifically uses X-ray signals, not radio signals, and the signals come from pulsars, not satellites. It is designed for deep space navigation, not within Earth's atmosphere."",
  ""answer"": ""D""
}","{
  ""reasoning"": ""XNAV specifically uses X-ray signals, not radio signals, and the signals come from pulsars (neutron stars), not satellites. It is designed for deep space navigation, not for Earth's atmosphere."",
  ""answer"": ""D""
}"
28,What is the evidence for the existence of a supermassive black hole at the center of the Milky Way galaxy?,E,E,E,E,"{
  ""reasoning"": ""The evidence for the supermassive black hole at the Milky Way's center primarily comes from tracking stellar orbits, especially star S2, which has a ~16-year period and a pericenter of about 17 light-hours. The combination of a very large mass (≈4 million solar masses) confined within a tiny volume (less than 6.25 light-hours) rules out any object other than a black hole."",
  ""answer"": ""E""
}","{
  ""reasoning"": ""The evidence for the supermassive black hole at the Milky Way's center primarily comes from tracking stars orbiting Sagittarius A*, especially star S2, which has a short orbital period and a small pericenter, allowing a precise mass measurement and an upper limit on the central object's size. Option E correctly identifies S2's orbital parameters, mass estimate, and the size constraints from S14's observations, matching established scientific results."",
  ""answer"": ""E""
}","{
  ""reasoning"": ""The question asks for the evidence supporting a supermassive black hole at the Milky Way's center. The correct evidence involves precise orbital measurements of stars like S2, which give a mass of about 4 million solar masses confined within a tiny volume, not just flare activity. Option E accurately describes S2's orbit, pericenter distance, mass estimate, and size constraint from S14, matching established scientific findings."",
  ""answer"": ""E""
}"
29,What is the function of the fibrous cardiac skeleton?,C,C,C,C,"{
  ""reasoning"": ""The fibrous cardiac skeleton is a dense connective tissue structure that gives structural support to the heart. It forms the framework that anchors heart valves and electrically insulates the atria from the ventricles."",
  ""answer"": ""C""
}","{
  ""reasoning"": ""The fibrous cardiac skeleton is a dense connective tissue framework within the heart. Its primary roles are to provide structural support, anchor the heart valves, and electrically insulate the atria from the ventricles."",
  ""answer"": ""C""
}","{
  ""reasoning"": ""The fibrous cardiac skeleton is a connective tissue framework within the heart. Its primary roles are structural support, electrical insulation, and providing anchor points for heart valves and cardiac muscle."",
  ""answer"": ""C""
}"
30,What is the Carnot engine?,B,D,D,D,"{
  ""reasoning"": ""The Carnot engine is a theoretical construct that defines the upper limit of efficiency for any heat engine operating between two temperatures. It operates on a reversible (quasi-static) cycle, not at extreme speed, and achieves maximum possible efficiency, not minimum."",
  ""answer"": ""D""
}","{
  ""reasoning"": ""The Carnot engine is a theoretical construct that defines the upper limit of efficiency for any heat engine operating between two temperatures. It is idealized as operating infinitely slowly (quasi-statically) and reversibly to achieve maximum efficiency, not minimum, and is not a real engine."",
  ""answer"": ""D""
}","{
  ""reasoning"": ""The Carnot engine is a theoretical construct that defines the maximum possible efficiency any heat engine can achieve when operating between two temperatures. It is an idealization that assumes reversible (quasi-static) processes, not a real engine operating at extreme speed."",
  ""answer"": ""D""
}"
31,Which mathematical function is commonly used to characterize linear time-invariant systems?,E,E,E,E,"{
  ""reasoning"": ""Linear time-invariant (LTI) systems are often analyzed in the frequency domain using their transfer function, which describes the system's output response to an input signal. The transfer function, typically expressed as a ratio of polynomials in the Laplace or Fourier domain, is the standard mathematical characterization for LTI systems."",
  ""answer"": ""E""
}","{
  ""reasoning"": ""Linear time-invariant (LTI) systems are fully characterized in the frequency domain by their transfer function, which relates the output to the input. While exponential functions appear in solutions of LTI systems (e.g., in impulse responses), the transfer function is the standard mathematical representation used for analysis and design."",
  ""answer"": ""E""
}","{
  ""reasoning"": ""Linear time-invariant (LTI) systems are fully characterized in the frequency domain by their transfer function, which relates the output to the input. While exponentials are eigenfunctions of LTI systems, the transfer function is the standard mathematical representation used for analysis and design."",
  ""answer"": ""E""
}"
32,What is the second law of thermodynamics?,E,E,E,E,"{
  ""reasoning"": ""The second law of thermodynamics introduces entropy and describes the direction of spontaneous processes in isolated systems. It states that entropy tends to increase, and it identifies processes that are impossible even if they conserve energy."",
  ""answer"": ""E""
}","{
  ""reasoning"": ""The second law of thermodynamics introduces entropy and restricts the direction of spontaneous processes. Option E correctly captures that it defines entropy and identifies processes that are forbidden even if energy is conserved, unlike the incorrect descriptions in the other options."",
  ""answer"": ""E""
}","{
  ""reasoning"": ""The second law of thermodynamics introduces entropy and explains why certain processes are irreversible even if they conserve energy. Option E correctly captures that it establishes entropy as a physical property and determines which processes are forbidden despite energy conservation."",
  ""answer"": ""E""
}"
33,"What are amorphous ferromagnetic metallic alloys, and what are their advantages?",D,D,D,D,"{
  ""reasoning"": ""Amorphous ferromagnetic alloys are non-crystalline (glassy) metals, typically produced by rapid solidification (melt spinning) of a liquid alloy to avoid crystallization. Their random atomic structure gives nearly isotropic magnetic properties, leading to low coercivity, low hysteresis loss, high permeability, and high resistivity due to the disordered atomic arrangement."",
  ""answer"": ""D""
}","{
  ""reasoning"": ""Amorphous ferromagnetic alloys are non-crystalline (glassy) metals, typically produced by rapid solidification (melt spinning) to avoid crystallization. Their random atomic structure gives nearly isotropic magnetic properties, leading to low coercivity, low hysteresis loss, high permeability, and high resistivity due to reduced electron scattering from grain boundaries."",
  ""answer"": ""D""
}","{
  ""reasoning"": ""Amorphous ferromagnetic alloys are non-crystalline (glassy) metals typically produced by rapid solidification from the melt. Their lack of crystal structure leads to nearly isotropic magnetic properties, which give them low coercivity, low hysteresis loss, high permeability, and high resistivity."",
  ""answer"": ""D""
}"
34,What is the Penrose process?,C,C,C,C,"{
  ""reasoning"": ""The Penrose process involves extracting rotational energy from a rotating black hole via the ergosphere, not the event horizon. An object entering the ergosphere can split so that one part escapes with more energy than the original, while the other falls into the black hole, reducing the black hole's rotational energy."",
  ""answer"": ""C""
}","{
  ""reasoning"": ""The Penrose process involves extracting rotational energy from a Kerr black hole via the ergosphere, not the event horizon. An object entering the ergosphere can split, with one part escaping with more energy than the original, while the other falls in, reducing the black hole's rotational energy."",
  ""answer"": ""C""
}","{
  ""reasoning"": ""The Penrose process involves extracting rotational energy from a Kerr black hole via the ergosphere, not the event horizon. An object entering the ergosphere splits, with one part escaping with more energy than the original, while the other falls in, reducing the black hole's rotational energy."",
  ""answer"": ""C""
}"
35,What was the aim of the Gravity Probe B (GP-B) mission?,B,B,B,B,"{
  ""reasoning"": ""The Gravity Probe B mission was designed to test two predictions of general relativity: the geodetic effect (curvature of spacetime around Earth) and frame-dragging (gravitomagnetism). Among the options, the one that best captures the mission's dual focus on measuring spacetime curvature near Earth with an emphasis on gravitomagnetism is option B."",
  ""answer"": ""B""
}","{
  ""reasoning"": ""Gravity Probe B was a NASA mission designed to test two predictions of general relativity: the geodetic effect (curvature of spacetime around Earth) and frame-dragging (gravitomagnetism). Its primary aim was to measure these effects with high precision using gyroscopes in Earth orbit."",
  ""answer"": ""B""
}","{
  ""reasoning"": ""Gravity Probe B was a NASA experiment designed to test two predictions of general relativity: the geodetic effect (curvature of spacetime around Earth) and frame-dragging (gravitomagnetism). The mission aimed to measure these effects using gyroscopes in a polar orbit."",
  ""answer"": ""B""
}"
36,What was Pierre de Fermat's solution to the problem of refraction?,E,E,E,E,"{
  ""reasoning"": ""The question asks about Fermat's principle of least time applied to refraction. Historically, Fermat proposed that light takes the path that minimizes travel time, with resistance inversely proportional to speed (so higher resistance means slower speed). For Snell's law to hold, light must travel more slowly in a denser medium."",
  ""answer"": ""E""
}","{
  ""reasoning"": ""Fermat's principle of least time states that light takes the path that minimizes travel time. For refraction, this yields Snell's law only if light travels more slowly in a denser medium, and resistance is inversely proportional to speed."",
  ""answer"": ""E""
}","{
  ""reasoning"": ""Fermat's principle of least time states that light travels the path that takes the least time. For refraction, this requires that light travels more slowly in the denser medium, and the 'resistance' is inversely proportional to speed."",
  ""answer"": ""E""
}"
37,What is the reason behind the adoption of a logarithmic scale of 5√100 ≈ 2.512 between magnitudes in astronomy?,A,A,A,A,"{
  ""reasoning"": ""The magnitude system in astronomy uses a logarithmic scale to compare stellar brightness. The factor 5√100 ≈ 2.512 was chosen so that a difference of 5 magnitudes corresponds exactly to a brightness ratio of 100:1, making the scale consistent with historical visual estimates."",
  ""answer"": ""A""
}","{
  ""reasoning"": ""The magnitude system in astronomy is a logarithmic scale of brightness, not size or distance. The factor 5√100 ≈ 2.512 defines the ratio for a one-magnitude difference, so that five magnitudes correspond exactly to a brightness ratio of 100:1."",
  ""answer"": ""A""
}","{
  ""reasoning"": ""The magnitude system in astronomy quantifies brightness, not size or distance. The logarithmic scale with a ratio of 5√100 (≈2.512) between magnitudes was defined so that a difference of 5 magnitudes corresponds exactly to a brightness ratio of 100:1."",
  ""answer"": ""A""
}"
38,What is the spin quantum number?,E,E,E,E,"{
  ""reasoning"": ""The spin quantum number is an intrinsic property of elementary particles, not a measure of distance, size, charge, or rotational speed. It is a dimensionless quantum number that quantizes the particle's intrinsic angular momentum (spin) in units of the reduced Planck constant ħ."",
  ""answer"": ""E""
}","{
  ""reasoning"": ""The spin quantum number is an intrinsic property of elementary particles, not a measure of distance, size, charge, or speed. It is defined as the quantum number describing the angular momentum intrinsic to the particle, and its value is given by dividing the spin angular momentum by ħ, making it dimensionless."",
  ""answer"": ""E""
}","{
  ""reasoning"": ""The spin quantum number is an intrinsic property of elementary particles, not related to spatial position, size, charge, or classical rotation speed. It is a dimensionless quantum number that quantizes the spin angular momentum in units of the reduced Planck constant ħ."",
  ""answer"": ""E""
}"
39,What is the synapstor or synapse transistor?,E,A,A,A,"{
  ""reasoning"": ""The question asks about the specific behavior of a 'synapstor' or synapse transistor in a neuro-inspired circuit. From known literature, a synapstor typically demonstrates short-term plasticity, where repeated activity strengthens the connection (potentiation) and lack of activity leads to decay (inactivity-based forgetting), matching short-term memory mechanisms."",
  ""answer"": ""A""
}","{
  ""reasoning"": ""The synapstor or synapse transistor is a neuro-inspired device that mimics synaptic plasticity. It is known for exhibiting short-term potentiation (STP) as a learning mechanism and inactivity-based forgetting, meaning synaptic strength decays when activity stops."",
  ""answer"": ""A""
}","{
  ""reasoning"": ""The question asks about the key characteristics of a 'synapstor' or synapse transistor, which is a neuro-inspired electronic device. From known literature, it typically mimics short-term synaptic plasticity, where repeated activity leads to short-term potentiation (STP) and lack of activity leads to forgetting (inactivity-based forgetting)."",
  ""answer"": ""A""
}"
40,What is spontaneous symmetry breaking?,E,E,E,E,"{
  ""reasoning"": ""Spontaneous symmetry breaking is a key concept in quantum field theory and condensed matter physics where the Lagrangian (or action) of a system is symmetric under some transformation, but the ground state (vacuum) does not respect that symmetry. This is typically signaled by a nonzero vacuum expectation value of a non‑invariant local operator."",
  ""answer"": ""E""
}","{
  ""reasoning"": ""Spontaneous symmetry breaking means the Lagrangian (action) is symmetric, but the ground state (vacuum) is not. This leads to a nonzero vacuum expectation value for an operator that is not invariant under the symmetry."",
  ""answer"": ""E""
}","{
  ""reasoning"": ""Spontaneous symmetry breaking refers to a situation where the Lagrangian (action) of a theory is symmetric under some transformation, but the ground state (vacuum) of the system is not invariant under that symmetry. This is typically signaled by a non-invariant local operator acquiring a nonzero vacuum expectation value."",
  ""answer"": ""E""
}"
41,What is the proper distance for a redshift of 8.2?,C,C,C,C,"{
  ""reasoning"": ""The question asks for the proper distance (comoving distance) corresponding to a redshift of 8.2, which is a cosmological calculation dependent on the Hubble constant and density parameters. In a standard ΛCDM cosmology, a redshift of ~8 corresponds to a comoving distance of roughly 30 billion light-years (≈9.2 Gpc), consistent with high-redshift objects like early galaxies."",
  ""answer"": ""C""
}","{
  ""reasoning"": ""This question asks for the proper distance (comoving distance) corresponding to a redshift of z=8.2 in cosmology. For a high redshift like 8.2, the proper distance is significantly larger than the naive lookback distance due to the expansion of the universe. Standard cosmological calculators for a flat ΛCDM model with typical parameters (H0≈70 km/s/Mpc, Ωm≈0.3) yield a comoving distance of roughly 30 billion light-years (~9.2 Gpc) for z≈8."",
  ""answer"": ""C""
}","{
  ""reasoning"": ""For a redshift of z=8.2 in a standard ΛCDM cosmology, the comoving distance is roughly 30 billion light-years, and the proper distance at emission is smaller, but the question likely asks for the proper distance now (comoving distance) in Gpc. 30 billion light-years ≈ 9.2 Gpc (since 1 Gpc ≈ 3.26 billion ly)."",
  ""answer"": ""C""
}"
42,Who was the first to determine the velocity of a star moving away from the Earth using the Doppler effect?,B,D,B,B,"{
  ""reasoning"": ""The question asks about the first determination of a star's radial velocity using the Doppler effect. While earlier scientists like Fizeau proposed applying the Doppler effect to stars, the first successful measurement of a star's velocity away from Earth was made by astronomers who applied the technique to stellar spectra."",
  ""answer"": ""D""
}","{
  ""reasoning"": ""The question asks about the first measurement of a star's radial velocity using the Doppler effect. While Fizeau proposed applying the Doppler effect to starlight in 1848, the first successful measurement was made by William Huggins in 1868 for the star Sirius."",
  ""answer"": ""B""
}","{
  ""reasoning"": ""The question asks about the first determination of a star's radial velocity using the Doppler effect. While early spectroscopic work was done by Fraunhofer and Fizeau proposed applying the Doppler effect to stars, the first successful measurement of a star's radial velocity (specifically Sirius) was achieved by William Huggins in 1868."",
  ""answer"": ""B""
}"
43,What is the information loss paradox in black holes?,C,C,C,C,"{
  ""reasoning"": ""The information loss paradox arises because classical black holes are described only by mass, charge, and angular momentum (no-hair theorem), so most detailed information about infalling matter seems lost. Hawking radiation appears thermal and unrelated to the initial matter, suggesting information is permanently lost when the black hole evaporates, contradicting quantum unitarity."",
  ""answer"": ""C""
}","{
  ""reasoning"": ""The black hole information paradox arises from the conflict between quantum mechanics (which demands unitarity and information conservation) and general relativity (which suggests black holes are described only by mass, charge, and angular momentum). Hawking originally argued that black holes evaporate via thermal radiation, leading to permanent information loss, contradicting quantum principles."",
  ""answer"": ""C""
}","{
  ""reasoning"": ""The black hole information paradox arises because classical general relativity suggests black holes are described only by mass, charge, and angular momentum (no-hair theorem), meaning most information about infalling matter is lost. However, quantum mechanics requires unitary evolution and information preservation, leading to a conflict when black holes evaporate via Hawking radiation."",
  ""answer"": ""C""
}"
44,What is the Kutta condition?,A,A,A,A,"{
  ""reasoning"": ""The Kutta condition is a principle in aerodynamics used to select a physically realistic solution for potential flow around an airfoil with a sharp trailing edge. It requires that the flow from the upper and lower surfaces leaves the trailing edge smoothly, avoiding infinite velocities, which corresponds to no flow around the trailing edge."",
  ""answer"": ""A""
}","{
  ""reasoning"": ""The Kutta condition is a key concept in aerodynamics for potential flow theory around an airfoil. It states that the flow leaves the trailing edge smoothly, meaning the fluid from the upper and lower surfaces meet at the trailing edge without wrapping around it, which selects a physically realistic circulation."",
  ""answer"": ""A""
}","{
  ""reasoning"": ""The Kutta condition is a key principle in aerodynamics that resolves the mathematical non-uniqueness of potential flow solutions around an airfoil. It physically requires the flow from the upper and lower surfaces to leave the trailing edge smoothly, avoiding infinite velocities there."",
  ""answer"": ""A""
}"
45,What is classical mechanics?,A,A,A,A,"{
  ""reasoning"": ""Classical mechanics deals with macroscopic objects, not microscopic or subatomic systems. It uses Newtonian concepts like force, mass, and acceleration in three-dimensional space."",
  ""answer"": ""A""
}","{
  ""reasoning"": ""Classical mechanics deals with macroscopic objects and their motion under forces, not microscopic particles, quantum effects, light, or fluids. Option A correctly identifies it as describing macroscopic motion using mass, acceleration, force, and Euclidean space."",
  ""answer"": ""A""
}","{
  ""reasoning"": ""Classical mechanics deals with macroscopic objects and their motion under forces, not microscopic or quantum phenomena. Options B, C, D, and E describe other physics domains like quantum mechanics, particle physics, optics, and fluid dynamics."",
  ""answer"": ""A""
}"
46,Who shared the other half of the Nobel Prize with Yoichiro Nambu for discovering the origin of the explicit breaking of CP symmetry in the weak interactions?,B,B,B,B,"{
  ""reasoning"": ""Yoichiro Nambu received half of the 2008 Nobel Prize in Physics for the discovery of spontaneous broken symmetry in subatomic physics. The other half was awarded jointly to Makoto Kobayashi and Toshihide Maskawa for the discovery of the origin of the explicit breaking of CP symmetry, which predicted three families of quarks."",
  ""answer"": ""B""
}","{
  ""reasoning"": ""The question asks about the Nobel Prize shared with Yoichiro Nambu for work on CP symmetry breaking. Nambu received half of the 2008 Nobel Prize in Physics for spontaneous symmetry breaking. The other half was awarded for the discovery of the origin of explicit CP violation, which is the Kobayashi–Maskawa mechanism."",
  ""answer"": ""B""
}","{
  ""reasoning"": ""Yoichiro Nambu received half of the 2008 Nobel Prize in Physics for the discovery of the mechanism of spontaneous broken symmetry. The other half was awarded jointly to Makoto Kobayashi and Toshihide Maskawa for the discovery of the origin of the broken CP symmetry, which predicted three families of quarks."",
  ""answer"": ""B""
}"
47,What are some models that attempt to account for all observations without invoking supplemental non-baryonic matter?,C,C,C,C,"{
  ""reasoning"": ""The question asks for models that try to explain cosmological observations without using non-baryonic (dark) matter. Modified Newtonian dynamics (MOND), tensor–vector–scalar gravity (TeVeS), and entropic gravity are all theories that modify gravity to account for phenomena like galaxy rotation curves without dark matter."",
  ""answer"": ""C""
}","{
  ""reasoning"": ""The question asks for models that try to explain astronomical observations without needing dark matter (non-baryonic matter). Among the options, only Modified Newtonian dynamics (MOND), tensor–vector–scalar gravity (TeVeS), and entropic gravity are alternative gravitational theories proposed for this purpose."",
  ""answer"": ""C""
}","{
  ""reasoning"": ""The question asks for models that try to explain cosmological observations without dark matter (non-baryonic matter). Modified Newtonian dynamics (MOND), tensor–vector–scalar gravity (TeVeS), and entropic gravity are all alternative theories of gravity proposed for this purpose."",
  ""answer"": ""C""
}"
48,What is the purpose of the proximity-focusing design in a RICH detector?,D,D,D,D,"{
  ""reasoning"": ""A proximity-focusing RICH detector uses a thin radiator and a small gap between the radiator and the photon detector. The design allows Cherenkov photons to travel a short distance without focusing mirrors, creating a ring image whose radius depends on the Cherenkov angle and the gap size."",
  ""answer"": ""D""
}","{
  ""reasoning"": ""The proximity-focusing RICH design uses a thin radiator to produce Cherenkov light, which travels a short distance (small proximity gap) to the photon detector without focusing optics. The ring radius depends on the Cherenkov angle and the gap distance. This eliminates options mentioning other radiation types or large distances."",
  ""answer"": ""D""
}","{
  ""reasoning"": ""The question asks about the purpose of the proximity-focusing design in a RICH (Ring Imaging Cherenkov) detector. In such a design, Cherenkov photons emitted in a radiator travel a short distance (small proximity gap) to a photon detector plane without focusing mirrors, forming a ring image whose radius depends on the Cherenkov angle and the gap."",
  ""answer"": ""D""
}"
49,What is a light-year?,B,B,B,B,"{
  ""reasoning"": ""A light-year is a measure of distance, not time, temperature, energy, or mass. It is defined as the distance light travels in one Julian year in a vacuum, which is about 9.46 trillion kilometers."",
  ""answer"": ""B""
}","{
  ""reasoning"": ""A light-year is a measure of distance, not time, temperature, energy, or mass. It is defined as the distance light travels in one Julian year in a vacuum."",
  ""answer"": ""B""
}","{
  ""reasoning"": ""A light-year is a measure of distance, not time, temperature, energy, or mass. It is defined as the distance light travels in one Julian year in a vacuum, which is about 9.46 trillion kilometers."",
  ""answer"": ""B""
}"
50,What is the main advantage of ferroelectric memristors?,B,B,B,B,"{
  ""reasoning"": ""The question asks about the main advantage of ferroelectric memristors. The key advantage lies in the tunability of ferroelectric domain dynamics for engineering device response and the electronic nature of resistance changes, which enhances reliability compared to mechanisms involving ion migration."",
  ""answer"": ""B""
}","{
  ""reasoning"": ""The question asks for the main advantage of ferroelectric memristors. Ferroelectric memristors leverage tunable ferroelectric domain dynamics to engineer device response, and their resistance changes stem from electronic mechanisms, enhancing reliability compared to ion-migration-based memristors."",
  ""answer"": ""B""
}","{
  ""reasoning"": ""The question asks about the main advantage of ferroelectric memristors. Ferroelectric memristors are known for their tunable domain dynamics and electronic-based resistance changes, which enhance reliability and programmability. This matches option B's description of engineering the response and electronic origin of resistance variations."",
  ""answer"": ""B""
}"
51,What is the term used to describe the conduction that occurs in non-crystalline semiconductors by charges quantum tunnelling from one localised site to another?,E,E,E,E,"{
  ""reasoning"": ""The question asks about conduction in non-crystalline semiconductors via quantum tunneling between localized sites. This is a well-known mechanism in disordered systems where carriers hop between localized states, with the hopping range varying with temperature."",
  ""answer"": ""E""
}","{
  ""reasoning"": ""The question asks about conduction in non-crystalline semiconductors via quantum tunneling between localized sites. This is a well-known mechanism in disordered systems where carriers hop between localized states, with the hopping range varying with temperature."",
  ""answer"": ""E""
}","{
  ""reasoning"": ""The question asks about conduction in non-crystalline semiconductors via quantum tunneling between localized sites. This is a well-known mechanism in disordered systems where carriers hop between localized states, with the hopping range varying with temperature and energy."",
  ""answer"": ""E""
}"
52,What is resistivity?,C,C,C,C,"{
  ""reasoning"": ""Resistivity is a fundamental property that quantifies how strongly a material opposes electric current, and it is an intrinsic characteristic independent of geometry. It is measured in ohm-meters (Ω·m), unlike resistance which is measured in ohms and depends on dimensions."",
  ""answer"": ""C""
}","{
  ""reasoning"": ""Resistivity is a fundamental property that quantifies how strongly a material opposes electric current. It is an intrinsic property, meaning it does not depend on the object's dimensions, and its SI unit is the ohm-meter."",
  ""answer"": ""C""
}","{
  ""reasoning"": ""Resistivity is a fundamental property of a material that quantifies how strongly it opposes electric current, independent of its dimensions. It is an intrinsic property measured in ohm-meters, not ohms, and does not depend on shape or size."",
  ""answer"": ""C""
}"
53,What did Newton adopt after his correspondence with Hooke in 1679-1680?,A,A,A,A,"{
  ""reasoning"": ""The question refers to a specific historical shift in Newton's conceptual framework following his correspondence with Robert Hooke. In their 1679–80 letters, Hooke suggested analyzing planetary motion as a combination of inertial tangential motion and an inward attractive force toward the Sun, which led Newton to adopt the idea of centripetal force."",
  ""answer"": ""A""
}","{
  ""reasoning"": ""The question refers to a specific historical shift in Newton's conceptual language following his correspondence with Robert Hooke in 1679–1680. In that exchange, Hooke challenged Newton to consider orbital motion as a combination of inertial tangential motion and an inward-directed attractive force, which led Newton to adopt the concept of centripetal force."",
  ""answer"": ""A""
}","{
  ""reasoning"": ""The question refers to a key shift in Newton's conceptual framework following his correspondence with Robert Hooke in 1679–80. In that exchange, Hooke suggested analyzing planetary motion as a combination of inertial tangential motion and an inward attractive force toward the Sun, which led Newton to adopt the idea of centripetal force."",
  ""answer"": ""A""
}"
54,What is the metallicity of Kapteyn's star estimated to be?,B,B,B,B,"{
  ""reasoning"": ""The question asks for the metallicity of Kapteyn's star relative to the Sun. Kapteyn's star is an old, metal-poor halo star, and its metallicity is known to be significantly lower than solar, typically around [Fe/H] ≈ -0.9, meaning roughly 8 times less metal content than the Sun."",
  ""answer"": ""B""
}","{
  ""reasoning"": ""The question asks specifically for the metallicity of Kapteyn's star relative to the Sun. Metallicity refers to the abundance of elements heavier than hydrogen and helium. Kapteyn's star is an old, metal-poor halo star, and its metallicity is known to be significantly lower than that of the Sun."",
  ""answer"": ""B""
}","{
  ""reasoning"": ""Kapteyn's star is an old Population II star, which typically have low metallicity compared to the Sun. While the exact value may vary slightly between studies, it is well-established to be significantly metal-poor, often reported as roughly 15-20% of solar metallicity, which corresponds to about 8 times less than the Sun."",
  ""answer"": ""B""
}"
55,What is the SI base unit of time and how is it defined?,B,B,B,B,"{
  ""reasoning"": ""The SI base unit of time is the second, not any larger unit like minute, hour, day, or week. Since 1967, the second has been defined by the duration of 9,192,631,770 periods of the radiation corresponding to the transition between two hyperfine levels of the ground state of the caesium-133 atom."",
  ""answer"": ""B""
}","{
  ""reasoning"": ""The SI base unit of time is the second. Since 1967, the second has been defined by the radiation corresponding to the transition between two hyperfine levels of the ground state of the caesium-133 atom."",
  ""answer"": ""B""
}","{
  ""reasoning"": ""The SI base unit of time is the second, not any larger unit like minute, hour, day, or week. It is defined by a specific atomic standard: the duration of 9,192,631,770 periods of the radiation corresponding to the transition between two hyperfine levels of the ground state of the caesium-133 atom."",
  ""answer"": ""B""
}"
56,What is a planetary system?,C,C,C,C,"{
  ""reasoning"": ""The question asks for the definition of a planetary system. The correct definition must align with astronomical understanding, which focuses on gravitationally bound non-stellar objects orbiting a star or star system, not on specific locations, compositions, or sizes."",
  ""answer"": ""C""
}","{
  ""reasoning"": ""The question asks for the definition of a planetary system. The correct definition should be broad enough to include various types of planetary bodies orbiting a star or stars, not limited by location, composition, or size."",
  ""answer"": ""C""
}","{
  ""reasoning"": ""The question asks for the definition of a planetary system. In astronomy, a planetary system refers to a collection of non-stellar objects—such as planets, dwarf planets, moons, asteroids, and comets—that are gravitationally bound to a star or star system. This includes objects both in orbit and not necessarily orbiting, but bound to the star system."",
  ""answer"": ""C""
}"
57,What is the result of the collapse of a cavitation bubble?,C,C,C,C,"{
  ""reasoning"": ""Cavitation bubble collapse is a rapid implosion where the surrounding liquid rushes inward, compressing the vapor inside to extremely high pressures and temperatures. This violent compression releases energy as an intense shock wave and sometimes light (sonoluminescence)."",
  ""answer"": ""C""
}","{
  ""reasoning"": ""Cavitation bubble collapse is a rapid implosion that compresses the vapor inside to extremely high pressures and temperatures. This releases energy as a shock wave and sometimes light (sonoluminescence), which matches the description in option C."",
  ""answer"": ""C""
}","{
  ""reasoning"": ""Cavitation bubble collapse is a rapid, violent process in which the vapor inside is compressed by the surrounding liquid rushing inward. This leads to extremely high local pressures and temperatures, generating shock waves and sometimes light emission (sonoluminescence)."",
  ""answer"": ""C""
}"
58,Who was Giordano Bruno?,D,D,D,D,"{
  ""reasoning"": ""Giordano Bruno was an Italian philosopher and cosmological theorist of the 16th century. He famously extended the Copernican model by proposing that the stars are distant suns with their own planets, and that the universe is infinite."",
  ""answer"": ""D""
}","{
  ""reasoning"": ""Giordano Bruno was an Italian philosopher and astronomer of the Renaissance. He famously extended the Copernican heliocentric model by proposing that the stars are distant suns with their own planets, and that the universe is infinite."",
  ""answer"": ""D""
}","{
  ""reasoning"": ""Giordano Bruno was an Italian philosopher of the Renaissance. He famously championed the Copernican heliocentric model and extended it by speculating that the stars were distant suns with their own planets, which was a radical view for his time."",
  ""answer"": ""D""
}"
59,What are the Navier-Stokes equations?,A,A,A,A,"{
  ""reasoning"": ""The Navier-Stokes equations are fundamental in fluid dynamics and are partial differential equations, not algebraic. They describe viscous fluids and are derived for Newtonian fluids, where stress is linearly proportional to strain rate."",
  ""answer"": ""A""
}","{
  ""reasoning"": ""The Navier-Stokes equations are fundamental in fluid dynamics and describe the motion of viscous fluids. They are partial differential equations based on Newton's second law, specifically for Newtonian fluids where stress is linearly proportional to strain rate."",
  ""answer"": ""A""
}","{
  ""reasoning"": ""The Navier-Stokes equations are fundamental in fluid dynamics, describing the motion of viscous fluids. They are partial differential equations derived from Newton's second law and are specifically formulated for Newtonian fluids, where stress is linearly proportional to strain rate."",
  ""answer"": ""A""
}"
60,What is the revised view of the atmosphere's nature based on the time-varying multistability that is associated with the modulation of large-scale processes and aggregated feedback of small-scale processes?,B,B,B,B,"{
  ""reasoning"": ""The question asks about a revised view of the atmosphere that incorporates time-varying multistability, involving modulation by large-scale processes and aggregated feedback from small-scale processes. This description suggests a hybrid perspective where the atmosphere is not purely chaotic or purely ordered, but exhibits both organized systems and variability influenced by factors like seasonal forcing."",
  ""answer"": ""B""
}","{
  ""reasoning"": ""The question describes a revised view of the atmosphere that incorporates time-varying multistability, involving both large-scale modulation and aggregated small-scale feedbacks. This implies the atmosphere is not purely chaotic or purely ordered, but a complex system with elements of both organization and variability."",
  ""answer"": ""B""
}","{
  ""reasoning"": ""The question asks about a revised view of the atmosphere that incorporates both large-scale modulation and small-scale feedback, leading to a mix of chaos and order. Option B captures this by describing the coexistence of chaos and order, organized systems, and time-varying forcing like seasons."",
  ""answer"": ""B""
}"
61,What is the reason that it is nearly impossible to see light emitted at the Lyman-alpha transition wavelength from a star farther than a few hundred light years from Earth?,B,B,B,B,"{
  ""reasoning"": ""Lyman-alpha emission at 121.6 nm is a far-ultraviolet line produced by atomic hydrogen. Neutral hydrogen in the interstellar medium (ISM) is abundant and strongly absorbs this wavelength, preventing it from traveling more than a few hundred light-years through the ISM."",
  ""answer"": ""B""
}","{
  ""reasoning"": ""The Lyman-alpha transition of atomic hydrogen is at 121.6 nm in the far ultraviolet. Neutral atomic hydrogen is abundant in the interstellar medium (ISM) and strongly absorbs this wavelength, making it difficult to observe from distant stars."",
  ""answer"": ""B""
}","{
  ""reasoning"": ""Lyman-alpha emission at 121.6 nm is a far-UV transition of neutral hydrogen. Neutral hydrogen in the interstellar medium (ISM) is abundant and strongly absorbs this wavelength, preventing observations from distant stars beyond a few hundred light-years."",
  ""answer"": ""B""
}"
62,What is a Schwarzschild black hole?,C,C,C,C,"{
  ""reasoning"": ""A Schwarzschild black hole is the simplest type of black hole solution in general relativity. It is characterized solely by mass, with zero electric charge and zero angular momentum, and its spacetime is spherically symmetric as guaranteed by Birkhoff's theorem."",
  ""answer"": ""C""
}","{
  ""reasoning"": ""A Schwarzschild black hole is the simplest black hole solution in general relativity, characterized solely by mass. Birkhoff's theorem states that any spherically symmetric vacuum solution to Einstein's equations is static and asymptotically flat, leading to the Schwarzschild metric, which has no charge or angular momentum."",
  ""answer"": ""C""
}","{
  ""reasoning"": ""A Schwarzschild black hole is the simplest black hole solution in general relativity, describing a non-rotating, uncharged black hole with mass. Birkhoff's theorem states that any spherically symmetric vacuum solution to Einstein's equations is static and asymptotically flat, which corresponds uniquely to the Schwarzschild metric."",
  ""answer"": ""C""
}"
63,What is the definition of Atomristor?,C,C,C,C,"{
  ""reasoning"": ""The term 'Atomristor' is a portmanteau of 'atomically thin' and 'memristor,' indicating its fundamental characteristic. Among the options, only option C directly defines it as a device showing memristive behavior in atomically thin nanomaterials or atomic sheets, which aligns with the core concept."",
  ""answer"": ""C""
}","{
  ""reasoning"": ""The term 'Atomristor' is specifically coined to refer to memristive phenomena in atomically thin nanomaterials, such as 2D sheets like graphene or transition metal dichalcogenides. Among the options, only C directly captures this definition by mentioning 'memristive behavior in atomically thin nanomaterials or atomic sheets.'"",
  ""answer"": ""C""
}","{
  ""reasoning"": ""The term 'Atomristor' combines 'atomically thin' with 'memristor,' indicating it refers to memristive behavior in atomically thin materials. Among the options, only C explicitly defines it in terms of memristive behavior in atomically thin nanomaterials or atomic sheets, which matches the core concept."",
  ""answer"": ""C""
}"
64,Who published the first theory that was able to encompass previously separate field theories to provide a unifying theory of electromagnetism?,A,A,A,A,"{
  ""reasoning"": ""The question asks for the first unifying theory of electromagnetism that combined previously separate electric and magnetic phenomena. James Clerk Maxwell formulated Maxwell's equations in the 1860s, which unified electricity, magnetism, and light into a single theoretical framework."",
  ""answer"": ""A""
}","{
  ""reasoning"": ""The question asks about the first unifying theory of electromagnetism that combined previously separate electric and magnetic phenomena. James Clerk Maxwell formulated a set of equations in the 19th century that unified electricity, magnetism, and light into a single theoretical framework."",
  ""answer"": ""A""
}","{
  ""reasoning"": ""The question asks about the first unifying theory of electromagnetism, combining previously separate electric and magnetic phenomena. James Clerk Maxwell formulated a set of equations that unified electricity, magnetism, and light into a single theoretical framework in the 1860s."",
  ""answer"": ""A""
}"
65,What is the relevant type of coherence for the Young's double-slit interferometer?,E,C,C,C,"{
  ""reasoning"": ""Young's double-slit interferometer relies on the wavefronts from the two slits maintaining a fixed phase relationship. This requires that the light source exhibits a high degree of correlation across the spatial separation between the slits, which is a measure of spatial coherence."",
  ""answer"": ""C""
}","{
  ""reasoning"": ""In a Young's double-slit interferometer, the interference pattern depends on the correlation between the electric fields at the two slits. This correlation is determined by how well the wavefront is correlated across the spatial separation of the slits, which is a measure of spatial coherence."",
  ""answer"": ""C""
}","{
  ""reasoning"": ""Young's double-slit interferometer relies on a fixed phase relationship between the light waves arriving at the two slits from the same source. This requires that the light field is correlated across the spatial separation of the slits, which is a measure of spatial coherence."",
  ""answer"": ""C""
}"
66,What is the Peierls bracket in canonical quantization?,C,C,C,C,"{
  ""reasoning"": ""The Peierls bracket is a key object in the covariant approach to canonical quantization, particularly for field theories. It is defined using the advanced and retarded Green's functions of the linearized field equations, and it yields a Poisson bracket on the space of solutions modulo gauge transformations, thereby turning the quotient algebra of observables into a Poisson algebra."",
  ""answer"": ""C""
}","{
  ""reasoning"": ""The Peierls bracket is a construction in field theory and quantization that provides a covariant replacement for the canonical Poisson bracket. It is derived from the action's advanced and retarded Green's functions and yields a Poisson algebra on the space of functionals of solutions to the equations of motion."",
  ""answer"": ""C""
}","{
  ""reasoning"": ""The Peierls bracket is a construction in field theory that provides a covariant Poisson bracket derived from the action functional, and it plays a role in canonical quantization by turning the quotient algebra of observables into a Poisson algebra. Among the options, only C correctly captures its origin from the action and its function in forming a Poisson algebra for quantization."",
  ""answer"": ""C""
}"
67,What is the isophotal diameter used for in measuring a galaxy's size?,E,E,E,E,"{
  ""reasoning"": ""The isophotal diameter is an astronomical measurement that defines the size of a galaxy by tracing a contour of constant surface brightness (an isophote), typically at a standard brightness level. It is a conventional method to quantify a galaxy's apparent size rather than its distance, age, mass, or temperature."",
  ""answer"": ""E""
}","{
  ""reasoning"": ""The isophotal diameter is an astronomical measurement that defines the size of an extended object like a galaxy by tracing a contour of constant surface brightness. It is a standard method to quantify a galaxy's apparent size, not its distance, age, mass, or temperature."",
  ""answer"": ""E""
}","{
  ""reasoning"": ""The isophotal diameter in astronomy refers to the diameter of a galaxy measured along a contour of constant surface brightness (an isophote). It is a standard method to define and compare galaxy sizes based on their apparent brightness profiles rather than physical properties like mass or temperature."",
  ""answer"": ""E""
}"
68,What is the Maxwell's Demon thought experiment?,C,C,C,C,"{
  ""reasoning"": ""Maxwell's Demon is a classic thought experiment challenging the second law of thermodynamics. It involves a microscopic door controlled by a demon that sorts molecules by speed, creating a temperature difference without work, seemingly violating the second law."",
  ""answer"": ""C""
}","{
  ""reasoning"": ""Maxwell's Demon is a classic thought experiment that challenges the second law of thermodynamics by using a microscopic gatekeeper to sort molecules based on speed, creating a temperature difference without work. The correct description involves the same gas at equal initial temperatures, with the demon allowing faster molecules to accumulate on one side, leading to a temperature increase there and a decrease on the other side."",
  ""answer"": ""C""
}","{
  ""reasoning"": ""Maxwell's Demon is a classic thought experiment challenging the second law of thermodynamics. It involves a microscopic demon sorting molecules by speed in a gas at uniform temperature, creating a temperature difference without apparent work input."",
  ""answer"": ""C""
}"
69,What is the application of Memristor?,D,D,D,D,"{
  ""reasoning"": ""Memristors are electronic components whose resistance depends on the history of applied voltage, enabling memory and computation functions. Their key applications are in advanced computing and neuromorphic systems, not in general consumer goods, energy production, or communication infrastructure."",
  ""answer"": ""D""
}","{
  ""reasoning"": ""Memristors are electronic components whose resistance depends on the history of applied voltage, making them suitable for non-volatile memory and neuromorphic computing applications. The options listing electric cars, food production, renewable energy, and communications are not the primary domains of memristor technology."",
  ""answer"": ""D""
}","{
  ""reasoning"": ""Memristors are electronic components known for their memory-like properties, primarily used in advanced computing and signal processing applications. The options listing electric cars, food production, renewable energy, and communications are not the core domains where memristor technology is applied."",
  ""answer"": ""D""
}"
70,What is the effect generated by a spinning superconductor?,C,C,C,C,"{
  ""reasoning"": ""The question refers to the phenomenon where a spinning superconductor generates a magnetic field due to the London moment. This magnetic field is predicted to be precisely aligned with the spin axis of the superconductor, not randomly oriented."",
  ""answer"": ""C""
}","{
  ""reasoning"": ""This question relates to the behavior of superconductors under rotation. According to established physics, a spinning superconductor is known to generate a magnetic field due to the London moment, and this field is aligned with the spin axis."",
  ""answer"": ""C""
}","{
  ""reasoning"": ""The question refers to the London moment in superconductors. When a superconductor rotates, it generates a small magnetic field aligned with its axis of rotation due to the Cooper pairs' behavior. This magnetic field is precisely aligned with the spin axis, not random."",
  ""answer"": ""C""
}"
71,What is the main focus of cryogenic and noble liquid detectors in dark matter experiments?,A,A,A,A,"{
  ""reasoning"": ""Cryogenic and noble liquid detectors are designed to identify potential dark matter interactions by measuring heat (phonons) or scintillation light, which helps separate rare dark matter signals from common background events like gamma rays or neutrons. The primary goal is to distinguish these backgrounds to improve sensitivity to dark matter interactions, not to directly measure dark matter properties like mass or cross-sections from a single event."",
  ""answer"": ""A""
}","{
  ""reasoning"": ""The question asks for the main focus of cryogenic and noble liquid detectors in dark matter experiments. These detectors are designed to identify potential dark matter interactions by distinguishing them from background signals, such as those from gamma rays or neutrons, using heat or scintillation signals. Their primary goal is not to measure specific dark matter properties like mass or cross-section directly, but to separate candidate events from known backgrounds."",
  ""answer"": ""A""
}","{
  ""reasoning"": ""Cryogenic and noble liquid detectors aim to identify potential dark matter interactions by measuring heat or scintillation signals, but their primary goal is to distinguish these rare events from abundant background radiation (e.g., gamma rays, neutrons). Determining dark matter properties like mass and cross-section is a subsequent step, not the immediate focus of the detection method itself."",
  ""answer"": ""A""
}"
72,What is a pycnometer?,D,D,D,D,"{
  ""reasoning"": ""A pycnometer is a laboratory tool designed to measure the density of a fluid, typically a liquid, by comparing the mass of a known volume of the liquid to that of a reference liquid (often water). It works by precisely determining the volume of a container and then weighing the liquid that fills it."",
  ""answer"": ""D""
}","{
  ""reasoning"": ""A pycnometer is a laboratory tool designed for precise density measurements of liquids. It works by weighing a known volume of the liquid, allowing the density to be calculated."",
  ""answer"": ""D""
}","{
  ""reasoning"": ""A pycnometer is a laboratory tool designed for precise density measurements of liquids and sometimes solids. It works by measuring the mass of a known volume of the substance, which directly yields its density."",
  ""answer"": ""D""
}"
73,"What is the estimated redshift of CEERS-93316, a candidate high-redshift galaxy observed by the James Webb Space Telescope?",B,B,B,B,"{
  ""reasoning"": ""CEERS-93316 is a notable high-redshift galaxy candidate identified in early JWST data. Research indicates it has a photometric redshift estimate around z ≈ 16.7, placing it in the universe's first few hundred million years."",
  ""answer"": ""B""
}","{
  ""reasoning"": ""CEERS-93316 is a notable candidate high-redshift galaxy identified in early JWST data, with published studies reporting a photometric redshift around z ≈ 16.7, placing it in the universe's first few hundred million years. This aligns with option B's specific values."",
  ""answer"": ""B""
}","{
  ""reasoning"": ""CEERS-93316 is a candidate high-redshift galaxy identified in early JWST data, with studies reporting a photometric redshift estimate around z ~ 16.7, placing it in the first few hundred million years after the Big Bang. This aligns with JWST's goal of detecting some of the earliest galaxies."",
  ""answer"": ""B""
}"
74,What is bollard pull primarily used for measuring?,D,D,D,D,"{
  ""reasoning"": ""Bollard pull is a term used in maritime contexts to assess the pulling power of tugboats and other vessels. It measures the maximum static force a vessel can exert on a stationary bollard, which directly indicates its towing and pushing capability."",
  ""answer"": ""D""
}","{
  ""reasoning"": ""Bollard pull is a term used in maritime contexts to evaluate the pulling power of a tugboat by measuring the force it can exert on a stationary bollard. It is a standard measure of a tugboat's performance and towing capability."",
  ""answer"": ""D""
}","{
  ""reasoning"": ""Bollard pull is a term used in maritime contexts, specifically relating to tugboats. It refers to the pulling force a tugboat can exert when stationary, measured against a fixed bollard on a dock."",
  ""answer"": ""D""
}"
75,What is the piezoelectric strain coefficient for AT-cut quartz crystals?,B,D,D,D,"{
  ""reasoning"": ""AT-cut quartz crystals are widely used in oscillators and sensors due to their stable frequency-temperature characteristics. The piezoelectric strain coefficient for AT-cut quartz is a well-known material constant, typically around 2.3 × 10⁻¹² m/V, with common literature values often cited as 2.31 × 10⁻¹² m/V. Among the given options, 2.5 × 10⁻¹² m/V is the closest match to this established value."",
  ""answer"": ""D""
}","{
  ""reasoning"": ""The piezoelectric strain coefficient d for AT-cut quartz crystals is a well-known material constant in the field of piezoelectric devices and sensors. AT-cut quartz is commonly used for its temperature stability, and its d coefficient is typically reported as around 2.3–2.5 × 10⁻¹² m/V in literature, matching one of the given options."",
  ""answer"": ""D""
}","{
  ""reasoning"": ""The piezoelectric strain coefficient d for AT-cut quartz crystals is a well-known material constant in piezoelectric sensor and oscillator applications. For AT-cut quartz, the relevant coefficient is d₁₁, which is typically around 2.31 × 10⁻¹² m/V, with common literature values often cited as 2.3 × 10⁻¹² m/V. Among the given options, 2.5 × 10⁻¹² m/V is the closest match."",
  ""answer"": ""D""
}"
76,What is the difference between probability mass function (PMF) and probability density function (PDF)?,D,D,D,D,"{
  ""reasoning"": ""The question asks about the distinction between PMF and PDF in probability theory. PMF applies to discrete random variables and gives the probability of each specific value, while PDF applies to continuous random variables and describes the density of probability over an interval."",
  ""answer"": ""D""
}","{
  ""reasoning"": ""The question asks about the distinction between PMF and PDF in probability theory. A PMF gives the probability that a discrete random variable is exactly equal to some value, while a PDF describes the relative likelihood for a continuous random variable to take on a given value, with probabilities obtained via integration over an interval."",
  ""answer"": ""D""
}","{
  ""reasoning"": ""The question asks about the distinction between PMF and PDF in probability theory. PMFs describe probabilities for discrete random variables, assigning probability to specific values, while PDFs describe probability densities for continuous random variables, where probabilities are given by areas under the curve."",
  ""answer"": ""D""
}"
77,"How do the Lunar Laser Ranging Experiment, radar astronomy, and the Deep Space Network determine distances to the Moon, planets, and spacecraft?",B,B,B,B,"{
  ""reasoning"": ""The Lunar Laser Ranging Experiment measures the time for a laser pulse to reflect off the Moon and return. Radar astronomy and the Deep Space Network similarly measure the time delay for radio signals to travel to a target and back. All three methods rely on precisely measuring the round-trip transit time of an electromagnetic signal."",
  ""answer"": ""B""
}","{
  ""reasoning"": ""All three methods involve sending a signal (laser pulse, radar wave, or radio signal) to a target and measuring the time it takes for the reflection or return signal to come back. The distance is then calculated using the known speed of light and the measured round-trip transit time."",
  ""answer"": ""B""
}","{
  ""reasoning"": ""All three methods involve sending a signal (laser light or radio waves) to a target and measuring the time it takes for the reflection or return signal to come back. The distance is then calculated using the known speed of light and the measured round-trip time."",
  ""answer"": ""B""
}"
78,What is the Ozma Problem?,C,C,C,C,"{
  ""reasoning"": ""The Ozma Problem is a thought experiment in cosmology and physics concerning communication with extraterrestrial life and the fundamental nature of left-right symmetry. It specifically addresses whether we could unambiguously convey the meaning of 'left' and 'right' across space, touching on mirror asymmetry, chirality, and parity in physics."",
  ""answer"": ""C""
}","{
  ""reasoning"": ""The Ozma Problem is a philosophical and scientific puzzle about whether the universe has an intrinsic left-right asymmetry that could be communicated unambiguously to an extraterrestrial intelligence. It specifically deals with mirror-image phenomena, chirality, and fundamental symmetries in physics."",
  ""answer"": ""C""
}","{
  ""reasoning"": ""The Ozma Problem is a philosophical and scientific puzzle about whether the universe has a fundamental left-right asymmetry that could be communicated unambiguously to an extraterrestrial intelligence. It specifically deals with mirror-image (chirality) distinctions in physics and chemistry, such as parity violation in weak interactions."",
  ""answer"": ""C""
}"
79,What is a Hilbert space in quantum mechanics?,E,E,E,E,"{
  ""reasoning"": ""A Hilbert space in quantum mechanics is a complete inner product space over the complex numbers, which provides the mathematical framework for quantum states. The state of a quantum system is represented by a vector |Ψ⟩ in this space, not a classical system."",
  ""answer"": ""E""
}","{
  ""reasoning"": ""In quantum mechanics, a Hilbert space is a mathematical construct used to describe the state of a quantum system. It is specifically a complex vector space with an inner product, and the state of the system is represented by a vector |Ψ⟩."",
  ""answer"": ""E""
}","{
  ""reasoning"": ""In quantum mechanics, a Hilbert space is a mathematical construct: a complete complex inner product space. It is not a physical space but an abstract vector space where quantum states are represented as vectors, typically denoted |Ψ⟩."",
  ""answer"": ""E""
}"
80,What is the significance of the speed of light in vacuum?,C,C,C,C,"{
  ""reasoning"": ""The speed of light in a vacuum, denoted by c, is a fundamental constant in physics. According to Einstein's theory of special relativity, it is invariant—meaning it remains the same regardless of the motion of the source or the observer's inertial reference frame."",
  ""answer"": ""C""
}","{
  ""reasoning"": ""This question tests the fundamental postulate of special relativity, which states that the speed of light in vacuum (c) is constant and invariant for all inertial observers, regardless of the motion of the source. This is a cornerstone of modern physics, distinguishing it from classical mechanics where speeds are relative."",
  ""answer"": ""C""
}","{
  ""reasoning"": ""The question asks about the fundamental significance of the speed of light in vacuum. A core postulate of special relativity is that the speed of light in vacuum is constant and invariant for all inertial observers, regardless of the motion of the source or observer."",
  ""answer"": ""C""
}"
81,What is the term used to describe the proportionality factor to the Stefan-Boltzmann law that is utilized in subsequent evaluations of the radiative behavior of grey bodies?,A,A,A,A,"{
  ""reasoning"": ""The Stefan-Boltzmann law states that the total radiant heat energy emitted from a black body is proportional to the fourth power of its absolute temperature. For real (grey) bodies, the proportionality factor is modified by a dimensionless factor less than 1, which is the emissivity. Emissivity quantifies how effectively a surface emits thermal radiation compared to a black body."",
  ""answer"": ""A""
}","{
  ""reasoning"": ""The Stefan-Boltzmann law for a black body states that total emitted radiation is proportional to the fourth power of its temperature. For a grey body, this proportionality factor is reduced by a factor less than 1, which is the emissivity."",
  ""answer"": ""A""
}","{
  ""reasoning"": ""The Stefan-Boltzmann law states that the total radiant heat power emitted per unit area by a black body is proportional to the fourth power of its temperature. For real (grey) bodies, the proportionality factor is reduced by a dimensionless factor less than 1, which is called emissivity."",
  ""answer"": ""A""
}"
82,What is the reason for the formation of stars exclusively within molecular clouds?,B,B,B,B,"{
  ""reasoning"": ""Stars form when a cloud of gas collapses under its own gravity, overcoming internal pressure that resists collapse. Molecular clouds have low temperatures (reducing thermal pressure) and high densities (increasing gravity), making gravitational collapse possible."",
  ""answer"": ""B""
}","{
  ""reasoning"": ""Stars form in molecular clouds because these clouds have the necessary conditions for gravitational collapse. The low temperatures reduce thermal pressure, and high densities increase self-gravity, allowing gravity to overcome outward pressures."",
  ""answer"": ""B""
}","{
  ""reasoning"": ""Stars form when a cloud of gas and dust collapses under its own gravity. For collapse to occur, gravity must overcome the outward pressure from thermal motion and other support mechanisms. Molecular clouds are cold (low temperature) and dense (high density), which reduces internal pressure and increases gravitational potential, allowing collapse to proceed."",
  ""answer"": ""B""
}"
83,What is the identity operation in symmetry groups?,A,A,A,A,"{
  ""reasoning"": ""The identity operation is the fundamental symmetry operation that does nothing to the object, leaving every point in its original position. It serves as the neutral element in any symmetry group, against which all other operations are defined."",
  ""answer"": ""A""
}","{
  ""reasoning"": ""The identity operation is the fundamental symmetry operation that does nothing to the object, leaving it completely unchanged. It serves as the neutral element in any symmetry group, analogous to multiplying by 1 in arithmetic."",
  ""answer"": ""A""
}","{
  ""reasoning"": ""The identity operation in symmetry groups is the 'do nothing' operation that leaves the object exactly as it was. It is the fundamental element in group theory and corresponds to no change in orientation or position."",
  ""answer"": ""A""
}"
84,What is a regular polytope?,C,C,C,C,"{
  ""reasoning"": ""The definition of a regular polytope in any dimension is based on the transitivity of its symmetry group on flags, where a flag is a maximal set of incident elements (vertex, edge, face, etc.). This ensures that all facets, subfacets, and other elements are themselves regular and arranged identically around each other."",
  ""answer"": ""C""
}","{
  ""reasoning"": ""In geometry, a polytope is regular if its symmetry group acts transitively on its flags. A flag is a maximal set of incident elements (vertex, edge, face, etc.), and flag-transitivity is the standard defining property for regular polytopes in any dimension."",
  ""answer"": ""C""
}","{
  ""reasoning"": ""In geometry, a regular polytope is defined by the highest level of symmetry, where its symmetry group acts transitively on its flags. A flag is a maximal set of incident elements (vertex, edge, face, etc.), and flag-transitivity is the standard defining property for regularity across dimensions."",
  ""answer"": ""C""
}"
85,What is the reason behind the largest externally observed electrical effects when two conductors are separated by the smallest distance without touching?,D,D,D,D,"{
  ""reasoning"": ""The question is about electrostatic induction between two conductors. The surface charge density on a conductor is proportional to the electric field just outside its surface, and for two closely spaced conductors at different potentials, the electric field between them is inversely proportional to their separation, leading to larger charge accumulation at smaller distances."",
  ""answer"": ""D""
}","{
  ""reasoning"": ""The question asks about the cause of the largest external electrical effects when two conductors are close but not touching. In electrostatics, for a given potential difference, the electric field between conductors is inversely proportional to their separation, leading to higher surface charge density and stronger external effects at smaller distances."",
  ""answer"": ""D""
}","{
  ""reasoning"": ""The question concerns the relationship between surface charge on conductors, electric field, and separation distance. For two conductors at different potentials separated by a small gap, the electric field in the gap is proportional to the surface charge density and inversely related to the separation distance, leading to stronger external effects when the distance is minimized."",
  ""answer"": ""D""
}"
86,What is the formalism that angular momentum is associated with in rotational invariance?,D,D,D,D,"{
  ""reasoning"": ""In theoretical physics, Noether's theorem associates conserved currents with continuous symmetries. For rotational symmetry in spacetime, the conserved quantity is angular momentum, which corresponds to a Noether charge derived from the antisymmetric tensor current \( M^{\\mu\\nu\\rho} \). This current is naturally a 2-form in terms of its differential form representation because it has two antisymmetric Lorentz indices related to rotations."",
  ""answer"": ""D""
}","{
  ""reasoning"": ""In the context of Noether's theorem for spacetime symmetries, rotational invariance corresponds to Lorentz transformations. The associated Noether current is a 2-index object, and the conserved charge is obtained by integrating over a codimension-2 surface, making it a 2-form charge. Angular momentum is therefore the 2-form Noether charge for rotational invariance."",
  ""answer"": ""D""
}","{
  ""reasoning"": ""In the context of Noether's theorem for spacetime symmetries, rotational invariance corresponds to Lorentz transformations. The conserved currents are 1-forms, and the associated Noether charges are 0-forms (scalars) integrated over spatial volumes. However, in differential form language, angular momentum is derived from the Noether current associated with rotational symmetry, which is a 1-form; the charge itself is a 0-form, but the question likely refers to the rank of the conserved current form. Angular momentum is linked to rotational invariance via the antisymmetric tensor (momentum density) which corresponds to a 2-form current in form notation, making the Noether charge a 2-form charge in that formalism."",
  ""answer"": ""D""
}"
87,"Which hand should be used to apply the right-hand rule when tightening or loosening nuts, screws, bolts, bottle caps, and jar lids?",B,B,B,B,"{
  ""reasoning"": ""The right-hand rule is a mnemonic for the direction of rotation: turning clockwise tightens and counterclockwise loosens when using the right hand with the thumb pointing in the direction you want the fastener to move. This rule specifically uses the right hand to establish the standard convention, regardless of the user's handedness."",
  ""answer"": ""B""
}","{
  ""reasoning"": ""The right-hand rule is a mnemonic convention for remembering the direction of turning to tighten or loosen threaded fasteners. By definition, it specifies that turning clockwise (as viewed from above) tightens, which corresponds to the direction the fingers of the right hand curl when the thumb points away from the fastener. Therefore, the rule explicitly uses the right hand."",
  ""answer"": ""B""
}","{
  ""reasoning"": ""The right-hand rule is a mnemonic for the direction of threading: turning clockwise tightens and counterclockwise loosens for standard right-handed threads. This rule is named after the right hand because it uses the right hand's curled fingers to indicate the turning direction. Therefore, the rule specifically calls for using the right hand, regardless of one's dominant hand."",
  ""answer"": ""B""
}"
88,What is the Minkowski diagram used for?,E,E,E,E,"{
  ""reasoning"": ""The Minkowski diagram is a spacetime diagram used in special relativity to visualize relationships between events in different inertial frames. It graphically represents Lorentz transformations and helps illustrate concepts like time dilation and length contraction, which arise from moving from Newtonian mechanics to relativistic mechanics."",
  ""answer"": ""E""
}","{
  ""reasoning"": ""The Minkowski diagram is a spacetime diagram used in special relativity to illustrate properties of Lorentz transformations and visualize relativistic effects like time dilation and length contraction. It provides a geometric interpretation of how spacetime coordinates transform between inertial frames, bridging classical mechanics to relativistic mechanics."",
  ""answer"": ""E""
}","{
  ""reasoning"": ""The Minkowski diagram is a spacetime diagram used in special relativity to visualize relationships between events. It illustrates Lorentz transformations geometrically and helps transition from Newtonian mechanics to relativistic mechanics."",
  ""answer"": ""E""
}"
89,What are the two main interpretations for the disparity between the presence of matter and antimatter in the observable universe?,D,D,D,D,"{
  ""reasoning"": ""The question asks for the two main interpretations of the matter-antimatter asymmetry. The first interpretation is an initial asymmetry (a small preference for matter from the start). The second is an initial symmetry (equal amounts) followed by physical processes (like CP violation) that generated a small excess of matter over time."",
  ""answer"": ""D""
}","{
  ""reasoning"": ""The question asks about the two main interpretations for the matter–antimatter asymmetry. The first is an initial asymmetry (the universe began with a small matter excess), and the second is an initially symmetric state where physical processes (like CP violation) later generated a small matter excess."",
  ""answer"": ""D""
}","{
  ""reasoning"": ""The question asks about the two main interpretations for the matter–antimatter asymmetry. In cosmology, the leading explanations are either an initial asymmetry (small preference for matter from the start) or an initially symmetric universe where physical processes (like CP violation) later generated a small excess of matter over antimatter."",
  ""answer"": ""D""
}"
90,What is the Ramsauer-Townsend effect?,B,B,B,B,"{
  ""reasoning"": ""The Ramsauer–Townsend effect refers to the unusually low scattering cross-section of low-energy electrons by certain noble gas atoms (like argon, krypton, xenon). It is a quantum-mechanical wave interference phenomenon that cannot be explained by classical particle scattering."",
  ""answer"": ""B""
}","{
  ""reasoning"": ""The Ramsauer–Townsend effect is a quantum phenomenon where low-energy electrons pass through noble gas atoms with minimal scattering, showing a sharp drop in scattering cross-section. It cannot be explained classically and requires wave mechanics due to the wave-like interference of electrons."",
  ""answer"": ""B""
}","{
  ""reasoning"": ""The Ramsauer–Townsend effect is a quantum phenomenon where low-energy electrons pass through noble gas atoms with minimal scattering, showing a sharp drop in scattering cross-section. It cannot be explained classically and requires quantum wave mechanics due to wave-like electron interference effects."",
  ""answer"": ""B""
}"
91,What is Minkowski space?,B,B,B,B,"{
  ""reasoning"": ""Minkowski space is a fundamental concept in special relativity, providing a geometric setting for spacetime. It is a four-dimensional continuum combining three spatial dimensions with one time dimension, used to describe events without gravitational effects."",
  ""answer"": ""B""
}","{
  ""reasoning"": ""Minkowski space is the four-dimensional spacetime framework used in special relativity, where three spatial dimensions and one time dimension are combined into a single continuum. The correct description should mention a four-dimensional model, not two or three dimensions, and it is a mathematical model, not a statement about physical motion like options A or E."",
  ""answer"": ""B""
}","{
  ""reasoning"": ""Minkowski space is a fundamental concept in special relativity, not a description of motion under forces. It is a four-dimensional spacetime continuum that combines three spatial dimensions with one temporal dimension, using a metric that preserves the spacetime interval."",
  ""answer"": ""B""
}"
92,What is the Optical Signal-to-Noise Ratio (OSNR)?,B,B,B,B,"{
  ""reasoning"": ""OSNR is a standard metric in optical communications defined as the ratio of signal power to noise power within a specified optical bandwidth, typically 0.1 nm or 12.5 GHz. It characterizes signal quality independent of the receiver and is not inherently tied to dynamic range constraints or a fixed 6.02 m bandwidth."",
  ""answer"": ""B""
}","{
  ""reasoning"": ""OSNR is a standard metric in optical communications defined as the ratio of signal power to noise power within a specific optical bandwidth, typically 0.1 nm or 12.5 GHz. It characterizes signal quality independently of the receiver, focusing on the optical transmission segment."",
  ""answer"": ""B""
}","{
  ""reasoning"": ""OSNR is a standard metric in optical communications that measures the ratio of signal power to noise power within a specific optical bandwidth, typically 0.1 nm or 12.5 GHz. It quantifies signal degradation in the optical domain before the receiver, independent of dynamic range constraints."",
  ""answer"": ""B""
}"
93,What is the interpretation of supersymmetry in stochastic supersymmetric theory?,E,E,E,E,"{
  ""reasoning"": ""The question refers to supersymmetry in the specific context of stochastic supersymmetric theory, which is a framework used in the study of stochastic differential equations and dynamical systems. In that setting, supersymmetry is a structural property linking the evolution of probability distributions to deterministic flows, ensuring continuity in phase space."",
  ""answer"": ""E""
}","{
  ""reasoning"": ""The question asks about supersymmetry in the context of stochastic supersymmetric theory, which is a mathematical framework used in the study of stochastic differential equations and dynamical systems. In this setting, supersymmetry refers to a structural property that ensures continuity of flows in phase space and is inherently present in such equations."",
  ""answer"": ""E""
}","{
  ""reasoning"": ""The question refers to supersymmetry in the context of stochastic supersymmetric theory, which is a framework where supersymmetry appears as a symmetry of stochastic differential equations describing dynamical systems with noise. In such theories, supersymmetry ensures topological invariance and is linked to the continuity of flows in phase space."",
  ""answer"": ""E""
}"
94,"What is the purpose of expressing a map's scale as a ratio, such as 1:10,000?",E,E,E,E,"{
  ""reasoning"": ""A map scale expressed as a ratio, like 1:10,000, is a representative fraction that defines the proportional relationship between a distance on the map and the corresponding distance on the ground. It directly communicates how much the real world has been reduced to fit on the map, making it a fundamental element of cartographic communication."",
  ""answer"": ""E""
}","{
  ""reasoning"": ""A map scale expressed as a ratio (e.g., 1:10,000) is a representative fraction that defines the proportional relationship between a distance on the map and the corresponding distance on the ground. It directly communicates how much the real world has been reduced to fit on the map, making it a fundamental element of cartographic communication. The other options describe map orientation, projection, or arrangement, which are separate concepts from scale."",
  ""answer"": ""E""
}","{
  ""reasoning"": ""A map scale expressed as a ratio, like 1:10,000, is a representative fraction. It quantitatively defines the relationship between a unit of measurement on the map and the corresponding measurement on the ground. This directly communicates how much the real world has been reduced to fit on the page."",
  ""answer"": ""E""
}"
95,What is the main sequence in astronomy?,C,C,C,C,"{
  ""reasoning"": ""The main sequence in astronomy refers to a specific region on the Hertzsprung–Russell diagram where stars spend the majority of their lives fusing hydrogen into helium. It is characterized by a clear correlation between stellar color (or temperature) and luminosity, not a type of galaxy, black hole, planetary system, or nebula."",
  ""answer"": ""C""
}","{
  ""reasoning"": ""The main sequence in astronomy refers to a specific pattern seen in Hertzsprung-Russell diagrams, where stars spend the majority of their lifetimes fusing hydrogen into helium. It is characterized by a correlation between stellar color (or temperature) and luminosity, not a type of galaxy, black hole, planetary system, or nebula."",
  ""answer"": ""C""
}","{
  ""reasoning"": ""The main sequence is a fundamental concept in stellar astronomy, referring to the stage in a star's life when it fuses hydrogen into helium in its core. It is most commonly depicted as a diagonal band on a Hertzsprung-Russell diagram, which plots stellar properties like color (or temperature) against luminosity."",
  ""answer"": ""C""
}"
96,"Who proposed the concept of ""maximal acceleration""?",C,C,C,C,"{
  ""reasoning"": ""The concept of maximal acceleration is a theoretical limit on acceleration in physics, analogous to the speed of light as a maximal speed. It was introduced by Italian physicist Eduardo R. Caianiello in the early 1980s, based on considerations of quantum mechanics and general relativity."",
  ""answer"": ""C""
}","{
  ""reasoning"": ""The concept of maximal acceleration is a theoretical limit on acceleration in certain extensions of relativity or quantum gravity. It is most commonly associated with the work of physicist Eduardo R. Caianiello, who proposed it in the 1980s based on quantum and geometric considerations."",
  ""answer"": ""C""
}","{
  ""reasoning"": ""The concept of maximal acceleration is a theoretical extension of quantum mechanics and relativity, not one of the mainstream contributions by Planck, Bohr, Yukawa, or Einstein. It is associated with physicist Eduardo R. Caianiello, who introduced it in the early 1980s."",
  ""answer"": ""C""
}"
97,What is indirect photophoresis?,D,C,C,C,"{
  ""reasoning"": ""Indirect photophoresis involves uniform absorption of light by the particle, generating an internal temperature gradient. The resulting particle migration is in the same direction as the surface temperature gradient due to thermophoretic effects in the surrounding medium."",
  ""answer"": ""C""
}","{
  ""reasoning"": ""Indirect photophoresis involves uniform light absorption by the particle, leading to an internal temperature gradient. The resulting particle migration occurs in the same direction as the surface temperature gradient, due to interactions with the surrounding medium."",
  ""answer"": ""C""
}","{
  ""reasoning"": ""Indirect photophoresis involves uniform absorption of light by a particle, leading to an internal temperature gradient. The resulting particle migration is in the same direction as the surface temperature gradient due to thermophoretic forces in the surrounding medium."",
  ""answer"": ""C""
}"
98,What does Earnshaw's theorem state?,D,D,D,D,"{
  ""reasoning"": ""Earnshaw's theorem is a classical result in electrostatics. It states that a system of point charges cannot be in stable static equilibrium under the influence of electrostatic forces alone, due to the properties of Laplace's equation for the electrostatic potential."",
  ""answer"": ""D""
}","{
  ""reasoning"": ""Earnshaw's theorem is a classical result in electrostatics. It states that a system of point charges cannot be held in stable equilibrium solely through electrostatic forces, as the potential satisfies Laplace's equation and lacks local minima."",
  ""answer"": ""D""
}","{
  ""reasoning"": ""Earnshaw's theorem is a classical result in electrostatics. It states that a system of point charges cannot be held in stable equilibrium solely through electrostatic forces, because the electrostatic potential satisfies Laplace's equation and has no local minima or maxima in free space."",
  ""answer"": ""D""
}"
99,What is radiosity in radiometry?,D,D,D,D,"{
  ""reasoning"": ""Radiosity in radiometry refers to the total radiant flux leaving a surface per unit area. It includes radiation emitted by the surface itself, as well as radiation reflected or transmitted by it."",
  ""answer"": ""D""
}","{
  ""reasoning"": ""Radiosity in radiometry refers to the total radiant flux leaving a surface per unit area. It accounts for radiation emitted by the surface itself plus radiation reflected or transmitted from other sources."",
  ""answer"": ""D""
}","{
  ""reasoning"": ""Radiosity in radiometry refers to the total radiant flux leaving a surface per unit area. It accounts for radiation emitted by the surface itself plus radiation reflected or transmitted from the surface."",
  ""answer"": ""D""
}"
100,What is a virtual particle?,D,D,D,D,"{
  ""reasoning"": ""Virtual particles are a concept in quantum field theory used to describe intermediate states in interactions. They are not directly detectable but their existence is inferred from calculations and effects on observable quantities like scattering amplitudes or forces."",
  ""answer"": ""D""
}","{
  ""reasoning"": ""Virtual particles are a concept in quantum field theory used to describe interactions between observable particles. They are not directly detectable but their existence is inferred from measurable effects, such as in particle scattering or Casimir force calculations."",
  ""answer"": ""D""
}","{
  ""reasoning"": ""Virtual particles are a concept in quantum field theory used to describe intermediate states in particle interactions. They are not directly detectable but their existence is inferred from measurable effects like forces or scattering amplitudes."",
  ""answer"": ""D""
}"
101,"Who proposed the principle of ""complexity from noise"" and when was it first introduced?",B,B,B,B,"{
  ""reasoning"": ""The principle 'complexity from noise' (or 'order from noise') is associated with information theorist Henri Atlan, who introduced it in the context of self-organization and complexity in biological systems. This concept was notably presented in his 1972 paper 'L'organisation biologique et la théorie de l'information'."",
  ""answer"": ""B""
}","{
  ""reasoning"": ""The principle 'complexity from noise' (or 'order from noise') is associated with information theorist and biologist Henri Atlan, who introduced it in the context of self-organization and complexity in biological systems. The concept was first presented in his 1972 paper 'L'organisation biologique et la théorie de l'information'."",
  ""answer"": ""B""
}","{
  ""reasoning"": ""The principle 'complexity from noise' (or 'order from noise') is associated with information theorist and biologist Henri Atlan. He introduced it in his 1972 work 'L'organisation biologique et la théorie de l'information' to describe how noise or randomness can contribute to increasing complexity in self-organizing systems."",
  ""answer"": ""B""
}"
102,What is the order parameter that breaks the electromagnetic gauge symmetry in superconductors?,C,C,C,C,"{
  ""reasoning"": ""In superconductors, electromagnetic gauge symmetry is broken by the macroscopic quantum condensate of Cooper pairs, described by a complex scalar field ψ that serves as the order parameter. This is a collective field in condensed matter physics, not directly related to the Higgs field or cosmic microwave background."",
  ""answer"": ""C""
}","{
  ""reasoning"": ""In superconductors, electromagnetic gauge symmetry is broken by the macroscopic quantum condensate of Cooper pairs, described by a complex scalar field ψ in Ginzburg-Landau theory. This order parameter is a condensed-matter collective field, not a fundamental Higgs field."",
  ""answer"": ""C""
}","{
  ""reasoning"": ""In superconductivity, electromagnetic gauge symmetry is broken by the macroscopic quantum wave function describing the Cooper pair condensate. This is represented by a complex scalar field ψ in Ginzburg-Landau theory, which serves as the order parameter for the superconducting phase transition."",
  ""answer"": ""C""
}"
103,What is the reason for the sun appearing slightly yellowish when viewed from Earth?,B,B,C,B,"{
  ""reasoning"": ""The sun's white light is scattered by Earth's atmosphere, with shorter wavelengths (blue/violet) scattered more, leaving longer wavelengths (red/yellow) to dominate the direct beam. This is why the sun appears yellowish when viewed directly from Earth."",
  ""answer"": ""B""
}","{
  ""reasoning"": ""The sun's white light is scattered by Earth's atmosphere, with shorter wavelengths (blue/violet) scattered more, leaving the direct sunlight depleted in blue and appearing yellowish. This is due to Rayleigh scattering, not the sun's intrinsic color or selective absorption."",
  ""answer"": ""C""
}","{
  ""reasoning"": ""The sun's apparent color from Earth is primarily due to Rayleigh scattering in the atmosphere, which scatters shorter wavelengths (blue, violet) away from the direct line of sight. This leaves the longer wavelengths (red, orange, yellow) to dominate the direct sunlight we see, making the sun appear yellowish."",
  ""answer"": ""B""
}"
104,What is the Landau-Lifshitz-Gilbert equation used for in physics?,C,C,C,C,"{
  ""reasoning"": ""The Landau-Lifshitz-Gilbert (LLG) equation describes the dynamics of magnetization in magnetic materials, specifically solids like ferromagnets, not liquids. It is a cornerstone of micromagnetics, which deals with magnetization behavior at sub-micron scales."",
  ""answer"": ""C""
}","{
  ""reasoning"": ""The Landau-Lifshitz-Gilbert equation describes magnetization dynamics in solids, particularly ferromagnets, and is widely applied in micromagnetics to model magnetic field effects. Options specifying liquids or macro-magnetics are incorrect, and its use in astrophysics is not standard."",
  ""answer"": ""C""
}","{
  ""reasoning"": ""The Landau-Lifshitz-Gilbert (LLG) equation describes the dynamics of magnetization in solids, particularly ferromagnets, under the influence of effective magnetic fields. It is a foundational equation in micromagnetics, which deals with magnetization at sub-micrometer scales."",
  ""answer"": ""C""
}"
105,What is spatial dispersion?,D,D,D,D,"{
  ""reasoning"": ""Spatial dispersion refers to a dependence of material parameters like permittivity on the wavevector (k), not on time. It describes nonlocal electromagnetic responses, where the polarization at a point depends on the field in a neighborhood, leading to effects significant at small (microscopic) scales."",
  ""answer"": ""D""
}","{
  ""reasoning"": ""Spatial dispersion refers to the dependence of material parameters like permittivity on the wavevector (spatial frequency), not on time. It arises from nonlocal response in materials and is typically important at small length scales, such as in microscopic or nanoscale structures."",
  ""answer"": ""D""
}","{
  ""reasoning"": ""Spatial dispersion refers to the dependence of material parameters like permittivity on the wavevector (or spatial frequency), not on time. It describes nonlocal responses in a medium, often important at small scales, and is distinct from temporal dispersion (frequency dependence)."",
  ""answer"": ""D""
}"
106,What are the constituents of cold dark matter?,A,A,A,A,"{
  ""reasoning"": ""Cold dark matter (CDM) refers to non-baryonic, non-relativistic matter that does not emit or interact with electromagnetic radiation. Its exact nature is still unknown, but leading candidates include weakly interacting massive particles (WIMPs), axions, and macroscopic compact halo objects (MACHOs) as possible constituents."",
  ""answer"": ""A""
}","{
  ""reasoning"": ""Cold dark matter (CDM) refers to non-baryonic, non-relativistic matter that does not emit or interact with electromagnetic radiation. Its exact nature is unknown, but candidates include massive astrophysical compact halo objects (MACHOs) and hypothetical particles like weakly interacting massive particles (WIMPs) and axions."",
  ""answer"": ""A""
}","{
  ""reasoning"": ""Cold dark matter (CDM) is a form of matter hypothesized to explain gravitational effects observed in the universe, but its exact composition remains unidentified. Among the proposed candidates are MACHOs (Massive Compact Halo Objects) and particle candidates like WIMPs (Weakly Interacting Massive Particles) and axions, which align with option A."",
  ""answer"": ""A""
}"
107,What is the mechanism of FTIR?,D,C,C,C,"{
  ""reasoning"": ""FTIR stands for Frustrated Total Internal Reflection, which occurs when the evanescent wave from a totally internally reflecting surface couples into a nearby medium, allowing partial transmission. This phenomenon is often used as a classical analog to illustrate quantum tunneling because the evanescent wave transmits energy across a forbidden gap."",
  ""answer"": ""C""
}","{
  ""reasoning"": ""FTIR stands for Frustrated Total Internal Reflection, which occurs when the evanescent wave from a totally internally reflecting surface couples into a nearby medium. This phenomenon is often used as a classical analog to explain quantum tunneling, where a particle can pass through a barrier despite lacking the energy to surmount it."",
  ""answer"": ""C""
}","{
  ""reasoning"": ""FTIR stands for Frustrated Total Internal Reflection. The phenomenon occurs when an object disrupts the evanescent wave produced during total internal reflection, allowing some light to transmit, analogous to quantum tunneling."",
  ""answer"": ""C""
}"
108,What is the origin of the permanent moment in paramagnetism?,A,A,A,A,"{
  ""reasoning"": ""Paramagnetism arises from the presence of permanent magnetic moments in materials, which primarily come from unpaired electrons in atoms or molecules. These electrons contribute both spin and orbital angular momentum, but the fundamental origin is the intrinsic spin and orbital motion of unpaired electrons, not interactions or alignment effects."",
  ""answer"": ""A""
}","{
  ""reasoning"": ""The question asks about the origin of the permanent magnetic moment in paramagnetic materials. In paramagnetism, the permanent moment arises from unpaired electrons in atoms or molecules, which have intrinsic spin and orbital angular momentum contributions, leading to a net magnetic moment even without an external field."",
  ""answer"": ""A""
}","{
  ""reasoning"": ""Paramagnetism arises from the presence of permanent magnetic moments in materials, which primarily originate from unpaired electrons. These electrons possess both spin and orbital angular momentum, but the spin contribution is typically dominant and responsible for the permanent moment in most paramagnetic substances."",
  ""answer"": ""A""
}"
109,What is the reason that Newton's second law cannot be used to calculate the development of a physical system in quantum mechanics?,D,D,D,D,"{
  ""reasoning"": ""Newton's second law is a classical equation of motion for point particles, but in quantum mechanics, spin is an intrinsic angular momentum that has no classical counterpart as the result of a point-like object physically rotating in space. It cannot be described as the cumulative effect of point-like motions, which is why classical mechanics fails."",
  ""answer"": ""D""
}","{
  ""reasoning"": ""The question asks why Newton's second law (F = ma) fails in quantum mechanics, focusing on the role of spin. Spin is an intrinsic form of angular momentum that has no classical counterpart and cannot be explained as arising from the motion of a point-like particle in space."",
  ""answer"": ""D""
}","{
  ""reasoning"": ""Newton's second law is a classical mechanics equation of motion that assumes particles have definite positions and momenta. In quantum mechanics, spin is an intrinsic form of angular momentum that does not arise from any point-like motion in space, so it cannot be described by Newtonian mechanics."",
  ""answer"": ""D""
}"
110,"What is the butterfly effect, as defined by Lorenz in his book ""The Essence of Chaos""?",C,C,C,C,"{
  ""reasoning"": ""The butterfly effect, as coined by Edward Lorenz, refers to the high sensitivity of deterministic nonlinear systems to initial conditions. In his book 'The Essence of Chaos,' Lorenz described how a tiny change can lead to vastly different outcomes over time."",
  ""answer"": ""C""
}","{
  ""reasoning"": ""The butterfly effect is a classic concept in chaos theory, originally described by Edward Lorenz. It refers to the sensitive dependence on initial conditions where a tiny change can lead to vastly different outcomes in a deterministic nonlinear system."",
  ""answer"": ""C""
}","{
  ""reasoning"": ""The butterfly effect is a concept from chaos theory famously associated with Edward Lorenz, who described how tiny variations in initial conditions can lead to vastly different outcomes in deterministic nonlinear systems. In his book 'The Essence of Chaos,' Lorenz explicitly defined it as the sensitive dependence on initial conditions where a small change can produce large differences later."",
  ""answer"": ""C""
}"
111,What is the role of CYCLOIDEA genes in the evolution of bilateral symmetry?,D,D,D,D,"{
  ""reasoning"": ""The question asks about the role of CYCLOIDEA genes in the evolution of bilateral symmetry, which is a developmental genetics topic in plants. CYCLOIDEA genes encode transcription factors that regulate floral symmetry by influencing gene expression patterns during development, particularly in species like Antirrhinum. Among the options, D best captures this broad mechanistic role in controlling gene expression and influencing symmetry pathways."",
  ""answer"": ""D""
}","{
  ""reasoning"": ""The question asks about the role of CYCLOIDEA genes in the evolution of bilateral symmetry in plants, particularly in flowers. CYCLOIDEA genes are known to encode transcription factors that regulate the development of floral symmetry by controlling gene expression patterns, influencing whether flowers become radially or bilaterally symmetrical. They do not directly cause symmetry selection in animals or solely control petal size in a single species."",
  ""answer"": ""D""
}","{
  ""reasoning"": ""The question asks about the role of CYCLOIDEA genes in the evolution of bilateral symmetry in plants. CYCLOIDEA genes encode transcription factors that regulate gene expression patterns affecting floral symmetry, particularly in species like Antirrhinum majus. They influence developmental pathways that shift flowers from radial to bilateral symmetry."",
  ""answer"": ""D""
}"
112,What is the required excess quark per billion quark-antiquark pairs in the early universe in order to provide all the observed matter in the universe?,A,A,A,A,"{
  ""reasoning"": ""The question refers to the matter-antimatter asymmetry in the early universe. Observations indicate that for every billion quark-antiquark pairs, a tiny excess of matter quarks was needed to eventually form all visible matter. The widely accepted value from cosmology is an excess of about one extra quark per billion quark-antiquark pairs."",
  ""answer"": ""A""
}","{
  ""reasoning"": ""The question refers to the matter-antimatter asymmetry problem in cosmology. Observations indicate that for every billion quark-antiquark pairs in the early universe, only a tiny excess of quarks over antiquarks was needed to eventually form all the observable matter. The required excess is one extra quark per billion quark-antiquark pairs."",
  ""answer"": ""A""
}","{
  ""reasoning"": ""The question refers to the matter-antimatter asymmetry needed to produce the observable matter in the universe. In the early universe, a tiny excess of quarks over antiquarks — about one extra quark per billion quark-antiquark pairs — would, after annihilation, leave enough protons and neutrons to account for all the matter we see today."",
  ""answer"": ""A""
}"
113,"What is the meaning of the term ""horror vacui""?",B,B,B,B,"{
  ""reasoning"": ""The term 'horror vacui' is a Latin phrase meaning 'nature abhors a vacuum.' It reflects a historical principle in physics and philosophy, often attributed to Aristotle, that empty space cannot exist because nature will always act to fill it. This concept was widely accepted before the development of modern vacuum science."",
  ""answer"": ""B""
}","{
  ""reasoning"": ""The term 'horror vacui' is a Latin phrase meaning 'nature abhors a vacuum.' It reflects a historical belief, particularly in medieval and early modern natural philosophy, that empty space cannot exist and that nature will act to prevent a vacuum from forming. This concept was often invoked to explain phenomena like suction or the behavior of liquids in pumps."",
  ""answer"": ""B""
}","{
  ""reasoning"": ""The term 'horror vacui' is a Latin phrase meaning 'nature abhors a vacuum.' It historically refers to the Aristotelian principle that empty space is impossible and that nature must always fill a void. This concept was widely accepted in medieval and early modern natural philosophy."",
  ""answer"": ""B""
}"
114,What is the Droste effect?,D,D,D,D,"{
  ""reasoning"": ""The Droste effect is a well-known visual phenomenon involving recursion, where an image contains a smaller copy of itself, creating a potentially infinite loop. It is named after the Dutch cocoa brand whose packaging famously featured this design. Options A, B, C, and E either mischaracterize the effect or incorrectly attribute it to unrelated fields like optical illusions, packaging design alone, Escher's specific work, or computer algorithms."",
  ""answer"": ""D""
}","{
  ""reasoning"": ""The Droste effect is a well-known visual recursion phenomenon, not an optical illusion, packaging design, painting technique, or programming algorithm. It specifically refers to an image containing a smaller copy of itself, creating a potentially infinite loop, and is named after a Dutch cocoa brand that famously used it on its packaging."",
  ""answer"": ""D""
}","{
  ""reasoning"": ""The Droste effect is specifically defined as a recursive visual phenomenon where an image contains a smaller copy of itself, theoretically repeating infinitely. It is named after the Dutch cocoa brand's packaging, which famously featured such a design. Among the options, D accurately captures this definition, while others describe related but incorrect concepts."",
  ""answer"": ""D""
}"
115,What is water hammer?,E,E,E,E,"{
  ""reasoning"": ""Water hammer is a well-known phenomenon in fluid mechanics and plumbing, not a device or tool. It occurs when flowing water is abruptly stopped, causing a pressure surge and shock wave that produces a hammering noise in pipes."",
  ""answer"": ""E""
}","{
  ""reasoning"": ""Water hammer is a hydraulic phenomenon in plumbing systems, not a device or tool. It occurs when a fluid in motion is forced to stop or change direction suddenly, creating a pressure surge that travels through the pipes and causes a loud banging noise."",
  ""answer"": ""E""
}","{
  ""reasoning"": ""The question asks for the definition of 'water hammer' in a plumbing or fluid dynamics context. Among the options, only E correctly describes it as a hydraulic shock phenomenon caused by sudden stoppage of water flow, leading to a pressure surge and characteristic banging noise."",
  ""answer"": ""E""
}"
116,What is the reason for the stochastic nature of all observed resistance-switching processes?,B,B,B,B,"{
  ""reasoning"": ""The stochastic nature of resistance switching arises from thermally activated processes. Even below a formal threshold voltage, random thermal fluctuations can trigger a state change at unpredictable times, making switching probabilistic rather than deterministic."",
  ""answer"": ""B""
}","{
  ""reasoning"": ""The question asks about the stochastic (random) nature of resistance-switching in memory devices. Stochastic switching typically arises because thermal fluctuations randomly provide enough energy to overcome an activation barrier, making the exact timing of switching unpredictable, even under sub-threshold biases."",
  ""answer"": ""B""
}","{
  ""reasoning"": ""The question asks about the stochastic nature of resistance switching, which implies unpredictability in timing. This is typically due to thermal noise triggering transitions over an energy barrier at random times, even under sub-threshold biases."",
  ""answer"": ""B""
}"
117,What is the Einstein@Home project?,C,C,C,C,"{
  ""reasoning"": ""Einstein@Home is a distributed computing project that searches for continuous gravitational waves (simple waves with nearly constant frequency) from sources like pulsars, not supernovae or binary black holes. It uses data from LIGO and GEO600, splitting it into small work units for volunteers' computers."",
  ""answer"": ""C""
}","{
  ""reasoning"": ""Einstein@Home is a volunteer distributed computing project that searches for continuous gravitational waves from sources like pulsars, not supernovae or binary black holes. It uses data from LIGO and GEO detectors and splits it into small work units for volunteers' computers to analyze."",
  ""answer"": ""C""
}","{
  ""reasoning"": ""Einstein@Home is a distributed computing project that searches for continuous gravitational waves (simple waves with constant frequency) from sources like neutron stars, using data primarily from LIGO and GEO detectors. It distributes small chunks of data to volunteers' computers for analysis, which matches the description of detecting simple, constant-frequency gravitational waves."",
  ""answer"": ""C""
}"
118,What happens to an initially inhomogeneous physical system that is isolated by a thermodynamic operation?,D,D,D,D,"{
  ""reasoning"": ""An isolated system that is initially inhomogeneous is not in thermodynamic equilibrium. The second law of thermodynamics implies that, over time, irreversible processes will drive the system toward a uniform equilibrium state, even in the absence of internal walls or multiple subsystems."",
  ""answer"": ""D""
}","{
  ""reasoning"": ""An isolated system with no heat or matter exchange with the surroundings still evolves internally if it starts in an inhomogeneous state. The second law of thermodynamics implies that such a system will tend toward equilibrium over time, changing its internal state."",
  ""answer"": ""D""
}","{
  ""reasoning"": ""An isolated system left to evolve spontaneously will tend toward thermodynamic equilibrium due to the second law, regardless of initial inhomogeneity. The process occurs whether the system has internal walls or not, as long as constraints are removed, so the most general correct statement is that it will generally change over time."",
  ""answer"": ""D""
}"
119,"What is the concept of simultaneity in Einstein's book, Relativity?",A,A,A,A,"{
  ""reasoning"": ""Einstein's theory of special relativity rejects absolute simultaneity. Instead, it states that whether two spatially separated events are simultaneous depends on the inertial frame of reference of the observer."",
  ""answer"": ""A""
}","{
  ""reasoning"": ""In Einstein's special relativity, simultaneity is not absolute but depends on the observer's state of motion. Two events simultaneous in one inertial frame are generally not simultaneous in another frame moving relative to the first."",
  ""answer"": ""A""
}","{
  ""reasoning"": ""Einstein's theory of relativity fundamentally changed the notion of simultaneity from an absolute concept in Newtonian physics to a relative one. In his book 'Relativity,' he explains that whether two spatially separated events are simultaneous depends on the inertial reference frame of the observer."",
  ""answer"": ""A""
}"
120,What is the Josephson effect?,A,A,A,A,"{
  ""reasoning"": ""The Josephson effect is a quantum phenomenon occurring in superconducting junctions, and it is indeed used in superconducting quantum interference devices (SQUIDs). The magnetic flux quantum is given by Φ₀ = h/(2e), where h is Planck's constant, not the magnetic constant, and it is measured with high precision using the Josephson effect."",
  ""answer"": ""A""
}","{
  ""reasoning"": ""The Josephson effect occurs in superconducting junctions and is the basis for devices like SQUIDs. It provides the most precise measurement of the magnetic flux quantum Φ0 = h/(2e), with h being the Planck constant, not the magnetic constant."",
  ""answer"": ""A""
}","{
  ""reasoning"": ""The Josephson effect occurs in superconducting junctions and is the basis for devices like SQUIDs. It relates voltage and frequency via the Josephson constant \(K_J = 2e/h\), and is used in precise measurements of the magnetic flux quantum \(Φ_0 = h/(2e)\)."",
  ""answer"": ""A""
}"
121,What is the SI unit of the physical quantity m/Q?,C,C,C,C,"{
  ""reasoning"": ""The quantity m/Q represents mass divided by electric charge. In SI units, mass is measured in kilograms (kg) and charge in coulombs (C), so the unit of m/Q is kg/C."",
  ""answer"": ""C""
}","{
  ""reasoning"": ""The quantity m/Q represents mass divided by electric charge. The SI unit of mass is kilogram (kg) and of charge is coulomb (C), so the SI unit of m/Q is kilogram per coulomb."",
  ""answer"": ""C""
}","{
  ""reasoning"": ""The quantity m/Q represents mass divided by electric charge. The SI unit for mass is kilogram (kg) and for charge is coulomb (C), so the SI unit of m/Q is kilogram per coulomb."",
  ""answer"": ""C""
}"
122,How many crystallographic point groups are there in three-dimensional space?,B,B,B,B,"{
  ""reasoning"": ""The question asks for the number of crystallographic point groups in three-dimensional space. In crystallography, point groups describe the symmetry of a crystal around a point, excluding translational symmetry. The well-established result is that there are 32 crystallographic point groups in 3D."",
  ""answer"": ""B""
}","{
  ""reasoning"": ""Crystallographic point groups describe the symmetry of a crystal's external form, consistent with the translation symmetry of the lattice. In three dimensions, there are 32 crystallographic point groups, which arise from combining the 32 geometric point groups with the restriction of lattice compatibility."",
  ""answer"": ""B""
}","{
  ""reasoning"": ""The question asks for the number of crystallographic point groups in three-dimensional space, which is a standard concept in crystallography. In 3D, the crystallographic point groups are the finite symmetry groups compatible with translational symmetry, and there are 32 such groups."",
  ""answer"": ""B""
}"
123,What is the Liouville density?,A,A,A,A,"{
  ""reasoning"": ""The Liouville density in classical statistical mechanics is a probability density defined over phase space, describing the probability of finding a system in a given region of position and momentum. It is not a quasiprobability distribution and does not inherently involve quantum interference or negativity, which are features of the Wigner distribution in quantum mechanics."",
  ""answer"": ""A""
}","{
  ""reasoning"": ""The Liouville density in classical statistical mechanics is a function defined over phase space that gives the probability density of finding a system in a particular region of phase space. Among the options, only A correctly describes it as a probability distribution for particles in phase space, while the others refer to quantum quasiprobability distributions like the Wigner function."",
  ""answer"": ""A""
}","{
  ""reasoning"": ""The Liouville density is a classical concept from statistical mechanics, describing the probability density in phase space for a system of particles. Among the options, only A correctly describes it as a classical probability distribution in phase space, while the others refer to quantum quasiprobability distributions like the Wigner function."",
  ""answer"": ""A""
}"
124,What are the four qualitative levels of crystallinity described by geologists?,B,B,B,B,"{
  ""reasoning"": ""The question asks for the four standard qualitative levels of crystallinity used in petrology to describe igneous rocks. These terms relate to the proportion of crystals to glass (vitreous material) in the rock. The correct set includes holocrystalline (entirely crystalline), hypocrystalline (mostly crystalline with some glass), hypohyaline (mostly glass with some crystals), and holohyaline (entirely glass)."",
  ""answer"": ""B""
}","{
  ""reasoning"": ""The question asks for the four standard qualitative levels of crystallinity used in petrography to describe igneous rocks. These terms relate to the proportion of crystalline material (crystals) versus glass (amorphous material). The correct set includes holocrystalline (entirely crystalline), hypocrystalline (mostly crystalline with some glass), hypohyaline (mostly glass with some crystals), and holohyaline (entirely glass)."",
  ""answer"": ""B""
}","{
  ""reasoning"": ""The question asks for the four standard qualitative levels of crystallinity used in igneous petrology to describe the relative proportions of crystals and glass in a rock. These terms are based on the prefixes 'holo-' (entirely), 'hypo-' (less than), and 'hyper-' (more than), combined with '-crystalline' and '-hyaline' (glassy). The correct set must include both crystalline and hyaline end members and their intermediate mixtures."",
  ""answer"": ""B""
}"
125,What is an order parameter?,D,D,D,D,"{
  ""reasoning"": ""In condensed matter physics and statistical mechanics, an order parameter quantifies the transition between disordered and ordered phases of a system. It distinguishes phases by measuring how much symmetry of the high-temperature phase is broken in the low-temperature ordered phase."",
  ""answer"": ""D""
}","{
  ""reasoning"": ""In statistical mechanics and condensed matter physics, an order parameter quantifies the onset of order across a phase transition. It distinguishes ordered and disordered phases by measuring how much a symmetry of the system is broken."",
  ""answer"": ""D""
}","{
  ""reasoning"": ""An order parameter in physics quantifies the transition between ordered and disordered phases, such as in ferromagnetism or crystallization. It is zero in the symmetric (disordered) phase and nonzero when symmetry is broken, distinguishing phases by symmetry rather than by temperature, force, or field strength."",
  ""answer"": ""D""
}"
126,What is the significance of the discovery of the Crab pulsar?,B,B,B,B,"{
  ""reasoning"": ""The Crab pulsar is a neutron star at the center of the Crab Nebula, the remnant of a supernova observed in 1054. Its discovery provided strong evidence that pulsars are rapidly rotating, magnetized neutron stars, as its short period matched theoretical predictions for such objects."",
  ""answer"": ""B""
}","{
  ""reasoning"": ""The Crab Nebula is the remnant of a supernova observed in 1054 AD, and the discovery of the Crab pulsar at its center provided strong evidence for the rotating neutron star model of pulsars. This was because its rapid spin and high energy output matched predictions for a young, energetic neutron star, rather than a white dwarf or other models."",
  ""answer"": ""B""
}","{
  ""reasoning"": ""The Crab Nebula is the remnant of a supernova observed in 1054 AD, and the Crab pulsar at its center is a rapidly rotating neutron star. Its discovery provided strong observational evidence supporting the model that pulsars are rotating neutron stars, not other stellar remnants like white dwarfs or black holes."",
  ""answer"": ""B""
}"
127,What is the De Haas-Van Alphen effect?,C,C,C,C,"{
  ""reasoning"": ""The De Haas–Van Alphen effect is a quantum oscillatory phenomenon observed in the magnetization of pure metals at low temperatures and high magnetic fields. It arises from the quantization of electron orbits in a magnetic field, and the oscillation period in 1/H provides direct information about extremal cross-sections of the Fermi surface."",
  ""answer"": ""C""
}","{
  ""reasoning"": ""The De Haas–Van Alphen effect is a quantum oscillatory phenomenon observed in the magnetization (or magnetic susceptibility) of pure metals at low temperatures and high magnetic fields. The oscillations are periodic in 1/H, and their period is directly related to extremal cross-sectional areas of the Fermi surface, making it a key tool for studying Fermi surface topology."",
  ""answer"": ""C""
}","{
  ""reasoning"": ""The De Haas–Van Alphen effect is a quantum oscillatory phenomenon observed in the magnetization of pure metals at low temperatures and high magnetic fields. The oscillations in magnetic susceptibility as a function of 1/H provide direct information about the extremal cross-sectional areas of the Fermi surface."",
  ""answer"": ""C""
}"
128,"What is a ""coffee ring"" in physics?",E,E,E,E,"{
  ""reasoning"": ""The 'coffee ring effect' is a well-known phenomenon in soft matter and fluid dynamics where suspended particles are transported to the edge of an evaporating droplet, forming a ring-shaped stain. The key distinction in the options is whether the pattern forms after the liquid is simply spilled or after it evaporates."",
  ""answer"": ""E""
}","{
  ""reasoning"": ""The 'coffee ring effect' is a well-known phenomenon in soft matter and fluid physics where suspended particles are transported to the edge of a drying droplet, forming a ring-like stain. The key distinction in the options is whether the pattern forms after the liquid is simply spilled or after it evaporates; the correct scientific description involves evaporation."",
  ""answer"": ""E""
}","{
  ""reasoning"": ""The 'coffee ring effect' is a well-known phenomenon in soft matter and fluid dynamics where suspended particles accumulate at the edge of an evaporating droplet, forming a ring-like stain. This occurs due to capillary flow carrying particles outward as the liquid evaporates, and is commonly observed with spills like coffee or wine."",
  ""answer"": ""E""
}"
129,What is the significance of probability amplitudes in quantum mechanics?,E,E,E,E,"{
  ""reasoning"": ""Probability amplitudes are central to quantum mechanics because they encode the likelihood of measurement outcomes. They differ from classical probabilities in that they can interfere and involve complex numbers, but they serve a similar role in predicting probabilities via the Born rule."",
  ""answer"": ""E""
}","{
  ""reasoning"": ""Probability amplitudes in quantum mechanics are complex numbers whose squared magnitudes give the probabilities of measurement outcomes. They are fundamental to the mathematical formulation of quantum theory, analogous to how classical probabilities describe likelihoods in classical statistical mechanics."",
  ""answer"": ""E""
}","{
  ""reasoning"": ""Probability amplitudes in quantum mechanics are complex numbers whose squared modulus gives the probability of measurement outcomes. They are fundamental to the quantum description of states and evolution, analogous to classical probabilities but with key differences like interference and superposition."",
  ""answer"": ""E""
}"
130,What is the relationship between the amplitude of a sound wave and its loudness?,A,A,A,A,"{
  ""reasoning"": ""The question asks about the relationship between amplitude and loudness. In acoustics, loudness is a perceptual correlate of sound intensity, which is proportional to the square of the amplitude of the sound wave. Therefore, higher amplitude means greater loudness."",
  ""answer"": ""A""
}","{
  ""reasoning"": ""The amplitude of a sound wave determines the amount of energy it carries, which is perceived by the human ear as loudness. Higher amplitude corresponds to greater loudness, so they are directly related."",
  ""answer"": ""A""
}","{
  ""reasoning"": ""The question asks about the relationship between amplitude and loudness of a sound wave. In acoustics, loudness is a perceptual measure that correlates with the amplitude of the sound wave—greater amplitude generally means greater loudness. Options about frequency are not directly relevant to the loudness relationship."",
  ""answer"": ""A""
}"
131,What are coherent turbulent structures?,C,C,C,C,"{
  ""reasoning"": ""The question asks for the definition of coherent turbulent structures, which are known in fluid dynamics as organized patterns within turbulence that retain their shape and statistical properties over a meaningful duration. The correct definition should describe them as elementary components with temporal coherence that persist long enough for time-averaged statistical analysis."",
  ""answer"": ""C""
}","{
  ""reasoning"": ""Coherent turbulent structures are known in turbulence research as organized patterns within chaotic turbulent flows that retain their form over a significant duration, allowing statistical analysis. They are considered elementary building blocks of turbulence, possessing temporal coherence and persistence that make them amenable to time-averaged study."",
  ""answer"": ""C""
}","{
  ""reasoning"": ""Coherent turbulent structures are defined as organized, recurring patterns within turbulent flows that maintain their shape and coherence over a timescale long enough to be meaningfully analyzed with statistical methods. They are considered elementary building blocks of turbulence, not the most complex motions, and they exhibit temporal coherence."",
  ""answer"": ""C""
}"
132,What is the main factor that determines the occurrence of each type of supernova?,E,E,E,E,"{
  ""reasoning"": ""Supernovae are classified based on the properties of the progenitor star and the explosion mechanism. The key factor distinguishing Type Ia from core-collapse supernovae (Type II, Ib, Ic) is the mass and composition of the progenitor, with metallicity influencing mass loss and thus the observed type."",
  ""answer"": ""E""
}","{
  ""reasoning"": ""The question asks about the primary factor determining the type of supernova, which depends on the progenitor star's properties. Among the options, metallicity (the abundance of elements heavier than hydrogen and helium) strongly influences mass loss, core composition, and whether a star ends as a Type Ia, Type II, or other supernova type."",
  ""answer"": ""E""
}","{
  ""reasoning"": ""Supernovae are classified into different types (e.g., Type Ia, Type II) based on the properties and evolutionary path of the progenitor star. The key factor distinguishing them is whether the star retains a hydrogen envelope (related to mass and metallicity) and, for Type Ia, the presence of a white dwarf in a binary system, with metallicity influencing mass loss and evolution."",
  ""answer"": ""E""
}"
133,What is the Erlangen program?,B,B,B,B,"{
  ""reasoning"": ""The Erlangen Program is a foundational work in geometry that classifies geometric spaces by their underlying symmetry groups. It was introduced by Felix Klein and emphasizes group theory and projective geometry as the unifying principles."",
  ""answer"": ""B""
}","{
  ""reasoning"": ""The Erlangen Program is a foundational work in geometry that classifies geometries based on their underlying symmetry groups. It was introduced by Felix Klein in his 1872 lecture, emphasizing group theory and projective geometry as the unifying framework."",
  ""answer"": ""B""
}","{
  ""reasoning"": ""The Erlangen Program is a foundational work in geometry that classifies geometries by their underlying symmetry groups. It was indeed introduced by Felix Klein in 1872 and emphasizes group theory and projective geometry as the unifying principles."",
  ""answer"": ""B""
}"
134,What is emissivity?,C,C,C,C,"{
  ""reasoning"": ""Emissivity is a radiative property of a surface, defined as the ratio of the radiation emitted by the surface to the radiation emitted by a perfect blackbody at the same temperature. It directly quantifies how effectively a surface both absorbs and emits thermal (infrared) radiation."",
  ""answer"": ""C""
}","{
  ""reasoning"": ""Emissivity is a radiative property of a surface, relating to thermal radiation. It is defined as the ratio of the radiation emitted by a surface to the radiation emitted by a perfect blackbody at the same temperature, so it quantifies how effectively a surface absorbs and emits thermal radiation."",
  ""answer"": ""C""
}","{
  ""reasoning"": ""Emissivity is a radiative property of a material's surface, describing its efficiency in emitting thermal radiation relative to a perfect blackbody. It is directly related to how well the surface absorbs and emits infrared radiation, not mechanical, conductive, visible-light, or acoustic properties."",
  ""answer"": ""C""
}"
135,Who was the first person to describe the pulmonary circulation system?,E,E,E,E,"{
  ""reasoning"": ""The pulmonary circulation, describing the path of blood from the heart to the lungs and back, was first accurately described by the Arab physician Ibn al-Nafis in the 13th century. Earlier figures like Galen had an incorrect model, and while Avicenna summarized Galenic views, he did not correct this aspect."",
  ""answer"": ""E""
}","{
  ""reasoning"": ""The question asks about the first person to describe the pulmonary circulation. While Galen's ancient theories dominated for centuries, the first accurate description of pulmonary circulation is credited to the 13th-century Arab physician Ibn al-Nafis, who corrected Galen's errors regarding blood passage through the heart."",
  ""answer"": ""E""
}","{
  ""reasoning"": ""The pulmonary circulation, describing blood flow from the heart to the lungs and back, was first accurately described by Ibn al-Nafis in the 13th century. This was a correction of Galen's earlier incorrect model and preceded William Harvey's broader description of systemic circulation by centuries."",
  ""answer"": ""E""
}"
136,What is the fate of a carbocation formed in crystalline naphthalene?,E,A,A,A,"{
  ""reasoning"": ""The question involves a carbocation in crystalline naphthalene, which is an aromatic solid. In such an environment, the carbocation is likely to be stabilized by the aromatic π-system and remain trapped due to the rigidity of the crystal lattice. It is improbable to react with helium or undergo unusual transformations like forming carbon-helium ions."",
  ""answer"": ""A""
}","{
  ""reasoning"": ""In crystalline naphthalene, a carbocation is typically generated by ionization, such as through radiation. The rigid crystalline matrix prevents diffusion or reaction with most species, so the positive charge is stabilized and trapped in the solid lattice."",
  ""answer"": ""A""
}","{
  ""reasoning"": ""The question concerns a carbocation generated in crystalline naphthalene, which is an aromatic hydrocarbon solid. In such a rigid, non-polar crystalline environment, the carbocation would be unable to react with surrounding molecules or gain an electron easily, so it likely remains trapped as a positive charge stabilized by the crystal lattice."",
  ""answer"": ""A""
}"
137,What is the main focus of the Environmental Science Center at Qatar University?,D,D,D,D,"{
  ""reasoning"": ""The question asks for the main focus areas of the Environmental Science Center at Qatar University. Given Qatar's coastal location and environmental challenges, marine and atmospheric sciences are logical core components. The most plausible pairing for a comprehensive environmental center in an academic setting would be marine, atmospheric, and biological sciences to study ecosystems and biodiversity."",
  ""answer"": ""D""
}","{
  ""reasoning"": ""The question asks about the primary research focus areas of the Environmental Science Center at Qatar University. Given Qatar's location on the Arabian Gulf, marine science is a logical core component, and atmospheric science is also critical in the region. Among the options, pairing these with biological sciences aligns best with a comprehensive environmental science research center's typical interdisciplinary structure."",
  ""answer"": ""D""
}","{
  ""reasoning"": ""The question asks about the primary research focus areas of the Environmental Science Center at Qatar University. Given Qatar's coastal location and environmental challenges, marine and atmospheric sciences are logical core components. Among the options, pairing these with biological sciences aligns best with typical environmental research center structures, which often integrate life sciences to study ecosystems, biodiversity, and environmental impacts."",
  ""answer"": ""D""
}"
138,What is the purpose of obtaining surgical resection specimens?,A,A,A,A,"{
  ""reasoning"": ""The question asks about the purpose of surgical resection specimens, which are tissues removed during surgery. The key purpose is to treat disease by removing the affected area, with pathological examination confirming the diagnosis and assessing margins. This aligns with a definitive surgical and diagnostic aim."",
  ""answer"": ""A""
}","{
  ""reasoning"": ""Surgical resection specimens are obtained during a procedure to remove diseased tissue or an organ for therapeutic purposes. The primary role of pathology in this context is to examine the resected tissue to confirm the diagnosis and assess the completeness of excision, which directly informs patient management."",
  ""answer"": ""A""
}","{
  ""reasoning"": ""The question asks about the purpose of obtaining surgical resection specimens, which are tissues removed during surgery. The key distinction is that surgical resection aims to treat disease by removing it entirely, and pathological analysis of the specimen confirms the diagnosis and evaluates margins. Other options describe laboratory testing, administrative roles, or non-surgical specimen types."",
  ""answer"": ""A""
}"
139,What is the function of mammary glands in mammals?,A,A,A,A,"{
  ""reasoning"": ""Mammary glands are a defining feature of mammals and are specialized for lactation. Their primary biological role is to produce milk to nourish newborn offspring, which is a key aspect of mammalian parental care."",
  ""answer"": ""A""
}","{
  ""reasoning"": ""Mammary glands are a defining feature of mammals. Their primary biological role is to secrete milk for nourishing offspring after birth."",
  ""answer"": ""A""
}","{
  ""reasoning"": ""Mammary glands are a defining characteristic of mammals. Their primary biological role is to secrete milk to nourish newborn offspring, which is a key aspect of mammalian parental care."",
  ""answer"": ""A""
}"
140,What is the relationship between interstellar and cometary chemistry?,C,C,C,C,"{
  ""reasoning"": ""The question asks about the relationship between interstellar and cometary chemistry. The correct option should reflect that interstellar chemistry provides the raw materials and conditions that contribute to cometary composition, with observational and sample-return evidence supporting a connection."",
  ""answer"": ""C""
}","{
  ""reasoning"": ""The question asks about the relationship between interstellar and cometary chemistry. Scientific evidence, such as similarities in ice composition and organics found in cometary samples, suggests a connection rather than them being independent or identical phenomena."",
  ""answer"": ""C""
}","{
  ""reasoning"": ""The question asks about the relationship between interstellar and cometary chemistry. Evidence from astronomical observations and sample-return missions suggests that comets preserve material from the interstellar medium, indicating a chemical link."",
  ""answer"": ""C""
}"
141,What is the reason for recycling rare metals according to the United Nations?,E,E,E,E,"{
  ""reasoning"": ""The question asks for the UN's reasoning on recycling rare metals, focusing on demand trends and production scale. The correct answer should reflect that demand is projected to exceed 2013 consumption, and recycling low-production-volume rare metals is urgent for resource conservation."",
  ""answer"": ""E""
}","{
  ""reasoning"": ""The question asks for the UN's stated reason for recycling rare metals. The correct answer must reflect that demand is projected to exceed 2013 consumption levels, and that recycling low-production rare metals (under 100,000 t/year) is an urgent priority for conserving resources and energy."",
  ""answer"": ""E""
}","{
  ""reasoning"": ""The question asks for the UN's stated reason for recycling rare metals. The correct answer must reflect that demand is projected to exceed past consumption, and that recycling low-production-volume rare metals is a priority for resource and energy conservation."",
  ""answer"": ""E""
}"
142,What is radiometric dating?,B,B,B,B,"{
  ""reasoning"": ""Radiometric dating fundamentally relies on the predictable decay rates of radioactive isotopes in rocks and minerals to determine their absolute ages. This method was developed in the early 20th century following the discovery of radioactivity, distinguishing it from techniques based on sedimentation, fossil succession, or rock position."",
  ""answer"": ""B""
}","{
  ""reasoning"": ""Radiometric dating is a technique that determines the age of rocks and minerals based on the known decay rates of radioactive isotopes within them. This method was developed in the early 20th century following the discovery of radioactivity."",
  ""answer"": ""B""
}","{
  ""reasoning"": ""Radiometric dating is a technique that determines the age of rocks and minerals by measuring the decay of radioactive isotopes within them. This method was developed in the early 20th century following the discovery of radioactivity."",
  ""answer"": ""B""
}"
143,What is the role of methane in Fischer-Tropsch processes?,A,A,A,A,"{
  ""reasoning"": ""The Fischer-Tropsch process converts syngas (a mixture of CO and H2) into liquid hydrocarbons. Methane itself is not a direct feedstock; instead, methane can first be reformed (e.g., via steam reforming) to produce syngas, which is then used in Fischer-Tropsch. This means methane is partially converted to carbon monoxide for utilization, not fully converted, and it is not a catalyst or a byproduct."",
  ""answer"": ""A""
}","{
  ""reasoning"": ""Fischer-Tropsch synthesis typically uses syngas (a mixture of CO and H2) derived from sources like coal or natural gas. Methane (the main component of natural gas) is often reformed into carbon monoxide and hydrogen, but the conversion is partial, not total, as some methane may remain or be used in other ways. It is not a catalyst, a byproduct, or completely absent from the process."",
  ""answer"": ""A""
}","{
  ""reasoning"": ""Fischer-Tropsch synthesis typically uses syngas (a mixture of CO and H₂) derived from sources like coal or natural gas. Methane (the main component of natural gas) is not directly used; it must first be reformed into CO and H₂, often via partial oxidation or steam reforming, not fully converted."",
  ""answer"": ""A""
}"
144,What is a phageome?,C,C,C,C,"{
  ""reasoning"": ""The term 'phageome' is derived from 'phage' (short for bacteriophage) and '-ome' (indicating a collective set). It specifically refers to the collection of bacteriophages and their genetic material in a given environment, analogous to how 'microbiome' refers to the community of microorganisms and their genomes."",
  ""answer"": ""C""
}","{
  ""reasoning"": ""The term 'phageome' is derived from 'phage' (bacteriophage) and '-ome' (as in biome or metagenome), indicating it refers specifically to viruses that infect bacteria. It describes the collective community of bacteriophages and their genetic material in a given environment, analogous to how 'microbiome' refers to microbial communities. Therefore, the correct definition must center on bacteriophages, not bacteria, fungi, or archaea."",
  ""answer"": ""C""
}","{
  ""reasoning"": ""The term 'phageome' is derived from 'phage' (short for bacteriophage) and '-ome' indicating a collective set, analogous to 'microbiome'. It specifically refers to the collection of bacteriophages and their genetic material in a given environment, not bacteria, fungi, or archaea."",
  ""answer"": ""C""
}"
145,What is organography?,B,B,B,B,"{
  ""reasoning"": ""Organography is a branch of biology concerned with the description of organs and their organization in living organisms. Among the options, only B captures the broad, general definition that applies to both plants and animals, focusing on structure and function."",
  ""answer"": ""B""
}","{
  ""reasoning"": ""Organography is a branch of biology concerned with the description of organs in living organisms. Among the options, only B captures the broad, definitional scope of organography as the scientific description of both structure and function of organs across living things."",
  ""answer"": ""B""
}","{
  ""reasoning"": ""Organography is a term in biology referring to the descriptive study of the organs of living organisms, covering both structure and function. Among the options, only B captures this broad definition without limiting it to plants or specific processes like development."",
  ""answer"": ""B""
}"
146,What is the definition of anatomy?,B,B,B,B,"{
  ""reasoning"": ""Anatomy is a core biological discipline focused on the physical structure of organisms, which aligns with general knowledge in the life sciences. Among the options, only B directly and accurately defines anatomy as a branch of morphology concerned with organismal structure."",
  ""answer"": ""B""
}","{
  ""reasoning"": ""Anatomy is a foundational biological science focused on the physical structure of organisms, typically studied through dissection and observation. Among the options, B most directly and correctly captures this definition as a branch of morphology dealing with organismal structure."",
  ""answer"": ""B""
}","{
  ""reasoning"": ""Anatomy is a core biological discipline focused on the physical structure of organisms, which aligns with general definitions in biology and medicine. Among the options, only B directly and correctly defines anatomy as a branch of morphology dealing with organismal structure."",
  ""answer"": ""B""
}"
147,What is a trophic level in an ecological pyramid?,C,C,C,C,"{
  ""reasoning"": ""A trophic level refers to a position in a food chain or ecological pyramid based on an organism's source of energy. Organisms at each trophic level primarily obtain energy by consuming organisms from the level below them, with producers at the base obtaining energy from abiotic sources."",
  ""answer"": ""C""
}","{
  ""reasoning"": ""A trophic level represents a position in a food chain or ecological pyramid based on an organism's source of energy. Organisms in each trophic level primarily obtain energy by consuming organisms from the level below them (e.g., herbivores eat producers, carnivores eat herbivores)."",
  ""answer"": ""C""
}","{
  ""reasoning"": ""A trophic level represents a position in a food chain or ecological pyramid based on an organism's source of energy. Organisms in a given trophic level primarily obtain energy by consuming organisms from the level below them, such as herbivores eating plants or carnivores eating herbivores. This makes the correct option the one describing energy flow from the level below."",
  ""answer"": ""C""
}"
148,What is a crossover experiment?,B,B,B,B,"{
  ""reasoning"": ""A crossover experiment is a classic technique in mechanistic chemistry, particularly in organic and organometallic chemistry, used to determine whether a reaction proceeds via an intramolecular or intermolecular pathway. It typically involves using labeled or modified reactants to see if components 'crossover' between molecules during the reaction."",
  ""answer"": ""B""
}","{
  ""reasoning"": ""The question asks for the definition of a crossover experiment in a scientific context. In chemistry, a crossover experiment is specifically designed to differentiate between intramolecular and intermolecular reaction mechanisms by using isotopically or structurally labeled reactants."",
  ""answer"": ""B""
}","{
  ""reasoning"": ""A crossover experiment is a classic technique in chemistry and biochemistry used to determine whether a reaction proceeds via an intramolecular or intermolecular mechanism. It involves labeling parts of molecules and observing whether they exchange or remain together during the reaction."",
  ""answer"": ""B""
}"
149,What is the role of IL-10 in the formation of Tr1 cells and tolerogenic DCs?,B,B,B,B,"{
  ""reasoning"": ""IL-10 is known to promote the differentiation of regulatory type 1 (Tr1) cells, which are Foxp3-negative and produce high levels of IL-10 and TGF-β. Tolerogenic dendritic cells (DCs) can also be induced by IL-10 and contribute to Tr1 cell formation through IL-10 secretion."",
  ""answer"": ""B""
}","{
  ""reasoning"": ""The question asks about the specific role of IL-10 in generating Tr1 cells and tolerogenic DCs. From immunology knowledge, IL-10 is a key anti-inflammatory cytokine that promotes the differentiation of Tr1 cells (a type of regulatory T cell distinct from Foxp3+ Tregs) and tolerogenic dendritic cells. Tr1 cells are characterized by high production of IL-10 and TGF-β, and tolerogenic DCs produce IL-10 that supports Tr1 cell development."",
  ""answer"": ""B""
}","{
  ""reasoning"": ""IL-10 is known to promote the differentiation of regulatory T cells, including Tr1 cells, which are distinct from Foxp3+ Tregs. Tr1 cells are characterized by high production of IL-10 and TGF-β, and tolerogenic DCs can produce IL-10 to support Tr1 cell development."",
  ""answer"": ""B""
}"
150,"What is the reason behind the designation of Class L dwarfs, and what is their color and composition?",B,B,B,B,"{
  ""reasoning"": ""Class L dwarfs are cooler than M-type stars, appearing dark red and brightest in infrared. Their spectra show metal hydrides and alkali metals due to lower temperatures, and they include both low-mass stars and brown dwarfs."",
  ""answer"": ""B""
}","{
  ""reasoning"": ""Class L dwarfs are cooler than M-type stars, appearing dark red and brightest in the infrared. Their spectra show metal hydrides and alkali metals due to lower temperatures, and most are substellar brown dwarfs."",
  ""answer"": ""B""
}","{
  ""reasoning"": ""Class L dwarfs are cooler than M-type stars, appearing dark red and brightest in infrared due to their low temperatures. Their spectra show metal hydrides and alkali metals, and they are mostly substellar brown dwarfs, with a few being very low-mass stars."",
  ""answer"": ""B""
}"
151,What was Isaac Newton's explanation for rectilinear propagation of light?,D,D,D,D,"{
  ""reasoning"": ""Newton's corpuscular theory of light proposed particles (corpuscles) subject to a short-range force perpendicular to the interface when passing between media. The critical angle was defined as the incidence angle where the corpuscle's normal velocity is just sufficient to reach the far side of the force field; otherwise, it would be reflected (total internal reflection)."",
  ""answer"": ""D""
}","{
  ""reasoning"": ""Newton's corpuscular theory of light rejected wave explanations, and his model for refraction involved a short-range force perpendicular to the interface that accelerated light corpuscles into the denser medium. The critical angle corresponded to the incidence angle where the corpuscle's normal velocity was just sufficient to cross the force field to the far side; otherwise, it would be reflected (total internal reflection)."",
  ""answer"": ""D""
}","{
  ""reasoning"": ""Newton's corpuscular theory of light rejected wave explanations. He proposed that light consists of particles (corpuscles) and explained phenomena like refraction and total internal reflection using a force perpendicular to the interface that acts on the corpuscles near the boundary."",
  ""answer"": ""D""
}"
152,What is the relationship between chemical potential and quarks/antiquarks?,A,A,A,A,"{
  ""reasoning"": ""In high-energy physics and QCD, the quark chemical potential μ controls the net quark number density (quarks minus antiquarks). A higher μ means a greater excess of quarks over antiquarks, indicating a bias favoring quarks."",
  ""answer"": ""A""
}","{
  ""reasoning"": ""In high-energy physics, the quark chemical potential μ is defined as the energy required to add one quark to the system. A nonzero μ indicates an asymmetry between quarks and antiquarks, with higher μ corresponding to a greater excess of quarks over antiquarks."",
  ""answer"": ""A""
}","{
  ""reasoning"": ""In quantum chromodynamics (QCD), the chemical potential μ is associated with quark number density. A nonzero μ introduces an imbalance between quarks and antiquarks; a positive μ favors quarks over antiquarks, and a higher μ means a stronger bias toward quarks."",
  ""answer"": ""A""
}"
153,What is the American Petroleum Institute (API) gravity?,A,A,A,A,"{
  ""reasoning"": ""API gravity is a standard measure used in the petroleum industry to classify crude oils based on their density relative to water. The definition explicitly states it compares heaviness/lightness to water via an inverse density relationship, measured in degrees on a hydrometer. The other options incorrectly describe it as measuring viscosity, freezing point, concentration in water, or acidity."",
  ""answer"": ""A""
}","{
  ""reasoning"": ""API gravity is a standard measure used in the petroleum industry to classify the density of crude oil and other liquid hydrocarbons relative to water. It specifically quantifies whether a petroleum liquid is heavier or lighter than water, with higher API gravity indicating lighter (less dense) liquids."",
  ""answer"": ""A""
}","{
  ""reasoning"": ""API gravity is a standard petroleum industry measure that indicates how heavy or light a liquid is relative to water. It is defined as an inverse scale of density relative to water and is expressed in degrees API, measured using a hydrometer."",
  ""answer"": ""A""
}"
154,What are the two main factors that cause resistance in a metal?,B,B,B,B,"{
  ""reasoning"": ""Resistance in metals arises primarily from electron scattering. Temperature increases lattice vibrations (phonons), which scatter electrons more at higher temperatures. Impurities and alloying elements also scatter electrons because they disrupt the periodic lattice, so purity is the second key factor."",
  ""answer"": ""B""
}","{
  ""reasoning"": ""The question asks for the two main factors affecting resistance in a metal, based on standard physics knowledge. In metals, resistance increases with temperature due to increased lattice vibrations, and increases with impurities because impurities scatter electrons and disrupt the regular lattice."",
  ""answer"": ""B""
}","{
  ""reasoning"": ""In metals, electrical resistance increases with temperature because higher thermal energy causes lattice vibrations that scatter electrons. Resistance also depends on purity because impurities and alloying elements disrupt the regular lattice, increasing electron scattering."",
  ""answer"": ""B""
}"
155,What is the significance of the redshift-distance relationship in determining the expansion history of the universe?,E,E,E,E,"{
  ""reasoning"": ""The redshift-distance relationship (Hubble's law) directly probes how the expansion rate of the universe has changed over time. Distant galaxies, whose light has traveled for much longer times, provide a look-back into earlier cosmic epochs, allowing us to reconstruct the expansion history and infer the universe's matter and energy content."",
  ""answer"": ""E""
}","{
  ""reasoning"": ""The redshift-distance relationship (Hubble's law) shows that more distant galaxies have larger redshifts, indicating the universe is expanding. By measuring redshifts and distances for galaxies whose light has traveled for much longer times (i.e., distant galaxies), we can trace how the expansion rate has changed over cosmic history and infer the universe's matter and energy content."",
  ""answer"": ""E""
}","{
  ""reasoning"": ""The redshift-distance relationship (Hubble's law) directly probes how expansion has changed over cosmic time. Distant galaxies, whose light has traveled much longer to reach us, provide a lookback into earlier expansion rates, allowing us to infer the universe's expansion history and its matter/energy composition."",
  ""answer"": ""E""
}"
156,What is the Evans balance?,D,D,D,A,"{
  ""reasoning"": ""The Evans balance is a classic instrument in magnetism for measuring magnetic susceptibility. It operates by detecting the change in force on a sample when placed in an inhomogeneous magnetic field, typically using a sensitive balance."",
  ""answer"": ""D""
}","{
  ""reasoning"": ""The Evans balance is a classic instrument in magnetism for measuring magnetic susceptibility. It operates by detecting the change in force on a sample when placed in an inhomogeneous magnetic field, typically using a Gouy tube or similar setup, which matches the description of measuring force change on a sample in a magnetic field gradient."",
  ""answer"": ""D""
}","{
  ""reasoning"": ""The Evans balance is a classic instrument in magnetism for measuring magnetic susceptibility of materials. It operates by detecting the change in force on a sample when placed in an inhomogeneous magnetic field, typically by weighing the sample with and without the field applied."",
  ""answer"": ""A""
}"
157,What is the definition of dimension in mathematics?,C,C,C,C,"{
  ""reasoning"": ""In mathematics, dimension is fundamentally an intrinsic property of an object, meaning it does not depend on how the object is embedded in a higher-dimensional space. The standard definition involves the number of independent coordinates needed to specify a point on the object, which aligns with intrinsic dimension."",
  ""answer"": ""C""
}","{
  ""reasoning"": ""In mathematics, dimension is typically defined as the number of independent coordinates needed to specify a point on the object, and it is an intrinsic property—meaning it does not depend on any embedding space. For example, a curve is 1-dimensional regardless of whether it lies in a plane or in 3D space."",
  ""answer"": ""C""
}","{
  ""reasoning"": ""In mathematics, dimension is fundamentally an intrinsic property of an object, meaning it does not depend on any surrounding space. The standard definition involves the number of independent coordinates needed to specify a point on the object, which aligns with intrinsic descriptions like those for manifolds."",
  ""answer"": ""C""
}"
158,What is accelerator-based light-ion fusion?,A,A,C,C,"{
  ""reasoning"": ""The question asks about accelerator-based light-ion fusion, which specifically involves light-ion fusion reactions, not heavy-ion or fission. The correct description should mention that it uses particle accelerators to achieve kinetic energies for light-ion fusion, and historically simple setups like a vacuum tube and electrodes with relatively low voltages (around 10 kV) have been used in demonstrations such as fusors."",
  ""answer"": ""A""
}","{
  ""reasoning"": ""Accelerator-based light-ion fusion specifically uses accelerated light ions (like protons or deuterons) to induce fusion reactions, not heavy-ion fusion or fission. The method typically requires high voltages (on the order of 100 kV or more) to overcome Coulomb barriers, and the equipment is more complex than a simple vacuum tube and transformer setup."",
  ""answer"": ""C""
}","{
  ""reasoning"": ""The question asks about accelerator-based light-ion fusion, which specifically involves light-ion fusion reactions, not heavy-ion fusion or fission. The correct description should note the relative difficulty and typical voltage requirements, which are higher than 10 kV for practical fusion yields."",
  ""answer"": ""C""
}"
159,What is the interstellar medium (ISM)?,A,B,A,A,"{
  ""reasoning"": ""The interstellar medium (ISM) refers to the material found in the vast regions between stars within a galaxy, not between planets, galaxies, or inside stars. The correct definition includes gas (ionic, atomic, molecular), dust, and cosmic rays occupying interstellar space."",
  ""answer"": ""B""
}","{
  ""reasoning"": ""The interstellar medium (ISM) is defined as the material between stars within a galaxy, not between galaxies, planets, or inside stars. The key distinction is that it occupies interstellar space within a galaxy and transitions into intergalactic space, not interplanetary space."",
  ""answer"": ""A""
}","{
  ""reasoning"": ""The interstellar medium (ISM) is defined as the material between stars within a galaxy, consisting of gas (ionized, atomic, molecular), dust, and cosmic rays. It occupies interstellar space and transitions into intergalactic space, not interplanetary space."",
  ""answer"": ""A""
}"
160,What is the significance of the change in slope of the pinched hysteresis curves in ReRAM and other forms of two-terminal resistance memory?,A,C,A,C,"{
  ""reasoning"": ""The pinched hysteresis loop in the I-V curve is a fingerprint of memristive behavior, where the slope change corresponds to different resistance states. ReRAM and similar two-terminal resistive memories are often described as memristors or memristive systems because they exhibit this characteristic."",
  ""answer"": ""C""
}","{
  ""reasoning"": ""Pinched hysteresis loops in ReRAM devices are a signature of memristive behavior, where the change in slope reflects switching between distinct resistance states driven by voltage. This switching is the fundamental mechanism enabling memory and logic functions in two-terminal resistive memories."",
  ""answer"": ""A""
}","{
  ""reasoning"": ""The question focuses on the meaning of the changing slope in pinched hysteresis loops observed in ReRAM and similar memory devices. Pinched hysteresis curves are a signature of memristive behavior, where the slope change reflects the change in resistance state as the device switches, aligning with the definition of a memristor. Among the options, the one that directly links the slope change to the presence of a memristor is most accurate."",
  ""answer"": ""C""
}"
161,What is geometric quantization in mathematical physics?,E,E,E,E,"{
  ""reasoning"": ""Geometric quantization is a framework for constructing a quantum theory starting from a classical Hamiltonian system, so it goes from classical to quantum. Its goal is to preserve geometric structures and analogies between the classical and quantum descriptions, such as symmetries and Poisson brackets."",
  ""answer"": ""E""
}","{
  ""reasoning"": ""Geometric quantization is a procedure that starts from a classical mechanical system (classical theory) and produces a corresponding quantum system (quantum theory). The goal is to preserve geometric structures and analogies between the classical and quantum descriptions, making the correspondence manifest."",
  ""answer"": ""E""
}","{
  ""reasoning"": ""Geometric quantization is a framework in mathematical physics that starts from a classical system (symplectic manifold) and constructs a corresponding quantum system. Its goal is to preserve geometric structures and analogies between classical and quantum mechanics, such as symmetries and Poisson brackets."",
  ""answer"": ""E""
}"
162,What is the definition of an improper rotation?,B,B,B,B,"{
  ""reasoning"": ""An improper rotation involves a rotation about an axis combined with reflection in a plane perpendicular to that axis, or equivalently inversion about a point on the axis. The order of operations does not matter, and the symmetry elements include the rotation axis and either a mirror plane, an inversion point, or both."",
  ""answer"": ""B""
}","{
  ""reasoning"": ""The question asks for the correct definition of an improper rotation in symmetry operations. The key points are that it combines a rotation about an axis with a reflection in a plane perpendicular to that axis (or inversion about a point on the axis), the order does not matter, and the symmetry elements include the rotation axis and either the mirror plane, inversion point, or both."",
  ""answer"": ""B""
}","{
  ""reasoning"": ""An improper rotation (rotation-reflection) is defined as a rotation about an axis followed by reflection in a plane perpendicular to that axis; the order of operations does not matter. It can also be described equivalently in terms of inversion about a point on the axis for certain cases. The symmetry elements involved are the rotation axis and either a perpendicular mirror plane, an inversion center, or both."",
  ""answer"": ""B""
}"
163,"What is power density in the context of energy systems, and how does it differ between renewable and non-renewable energy sources?",B,B,B,B,"{
  ""reasoning"": ""Power density measures power output per unit of land area, accounting for the full lifecycle footprint. Fossil fuels and nuclear energy typically have high power densities (compact generation), while renewables like wind and solar have much lower power densities, requiring significantly larger land areas for equivalent output."",
  ""answer"": ""B""
}","{
  ""reasoning"": ""Power density measures power output per unit of land area, accounting for the full lifecycle footprint. Fossil fuels and nuclear energy typically have high power densities, while renewables like solar and wind require much larger land areas per unit of power generated."",
  ""answer"": ""B""
}","{
  ""reasoning"": ""Power density in energy systems refers to power output per unit of land area, accounting for the full lifecycle footprint. Fossil fuels and nuclear energy typically have high power densities, while renewables like wind and solar have much lower densities, requiring larger land areas for equivalent output."",
  ""answer"": ""B""
}"
164,What is Modified Newtonian Dynamics (MOND)?,C,C,C,C,"{
  ""reasoning"": ""Modified Newtonian Dynamics (MOND) is a framework introduced by Mordehai Milgrom in 1983 that modifies Newton's second law or the law of gravity at very low accelerations to explain galaxy rotation curves without invoking dark matter. It is specifically an alternative to dark matter, not dark energy, and focuses on modifying Newtonian dynamics rather than general relativity or other physical laws."",
  ""answer"": ""C""
}","{
  ""reasoning"": ""The question asks for the definition of Modified Newtonian Dynamics (MOND). MOND is a well-known alternative to dark matter that modifies Newton's laws of motion and gravitation at very low accelerations to explain galaxy rotation curves without invoking dark matter."",
  ""answer"": ""C""
}","{
  ""reasoning"": ""Modified Newtonian Dynamics (MOND) is a well-known alternative to dark matter proposed by physicist Mordehai Milgrom in 1983. It modifies Newton's second law or Newtonian gravity at very low accelerations to explain galaxy rotation curves without invoking dark matter. The key is that it modifies Newton's laws, not Einstein's relativity or Coulomb's law."",
  ""answer"": ""C""
}"
165,What is linear frame dragging?,D,D,D,D,"{
  ""reasoning"": ""The question asks about linear frame dragging, which is the general relativistic effect due to an object's linear momentum (as opposed to rotational frame dragging due to angular momentum). The correct description should state it is an inevitable but tiny effect, difficult to measure, and often omitted in discussions focused on the rotational version."",
  ""answer"": ""D""
}","{
  ""reasoning"": ""The question asks about linear frame dragging, which is the general relativistic effect caused by linear momentum (as opposed to rotational momentum in the more commonly known rotational frame dragging). It is predicted to be much smaller and harder to detect than rotational frame dragging, so it is rarely discussed in popular articles on the subject."",
  ""answer"": ""D""
}","{
  ""reasoning"": ""Linear frame dragging refers to the general relativistic effect where a massive object's linear motion (linear momentum) drags spacetime around it, analogous to rotational frame dragging from angular momentum. It is predicted to be a very small effect and is much less commonly discussed than rotational frame dragging."",
  ""answer"": ""D""
}"
166,What is explicit symmetry breaking in theoretical physics?,B,B,B,B,"{
  ""reasoning"": ""Explicit symmetry breaking occurs when the Lagrangian or equations of motion contain terms that are not invariant under the symmetry, meaning the symmetry is broken at the level of the fundamental equations. Typically, these terms are small perturbations, so the symmetry is still approximately valid in many situations."",
  ""answer"": ""B""
}","{
  ""reasoning"": ""Explicit symmetry breaking occurs when the Lagrangian or equations of motion contain terms that are not invariant under the symmetry, making the symmetry not exact. Typically, such terms are small perturbations, so the symmetry is still approximately valid."",
  ""answer"": ""B""
}","{
  ""reasoning"": ""Explicit symmetry breaking occurs when the Lagrangian or equations of motion contain terms that are not invariant under the symmetry, making the symmetry not exact from the outset. It is often discussed in contexts where these breaking terms are small, so the symmetry still holds approximately."",
  ""answer"": ""B""
}"
167,What is the role of the Higgs boson in the Standard Model?,D,D,D,D,"{
  ""reasoning"": ""The Higgs boson is the quantum excitation of the Higgs field, which couples to elementary particles and gives them mass via the Brout-Englert-Higgs mechanism. In the Standard Model, the photon and gluon do not interact with the Higgs field and remain massless."",
  ""answer"": ""D""
}","{
  ""reasoning"": ""The Higgs boson is the quantum excitation of the Higgs field, which interacts with elementary particles via the Brout-Englert-Higgs mechanism. This interaction gives mass to the W and Z bosons and to fundamental fermions, but photons and gluons do not couple to the Higgs field and remain massless."",
  ""answer"": ""D""
}","{
  ""reasoning"": ""The Higgs boson is the quantum excitation of the Higgs field, which through the Brout-Englert-Higgs mechanism gives mass to the fundamental fermions (quarks and leptons) and the weak gauge bosons (W and Z). It does not give mass to the massless gauge bosons like the photon and gluon, which remain massless because they do not interact directly with the Higgs field."",
  ""answer"": ""D""
}"
168,What is Lorentz symmetry or Lorentz invariance in relativistic physics?,E,A,A,A,"{
  ""reasoning"": ""Lorentz symmetry refers to the invariance of physical laws under Lorentz transformations (rotations and boosts), meaning experimental outcomes do not depend on the orientation or uniform velocity of the laboratory. Among the options, A and E capture this idea, but A more precisely describes it as a property of spacetime ensuring independence from orientation or boost velocity, while E frames it as an equivalence of observation due to special relativity."",
  ""answer"": ""A""
}","{
  ""reasoning"": ""Lorentz invariance is a fundamental symmetry of spacetime in special relativity, stating that the laws of physics are the same for all inertial observers, regardless of their orientation or constant velocity. Among the options, only A and E correctly capture this core idea, but A is more precise in describing it as a property of spacetime ensuring experimental independence from orientation or boost velocity."",
  ""answer"": ""A""
}","{
  ""reasoning"": ""The question asks for the definition of Lorentz symmetry/invariance in relativistic physics. Options A and E both capture the core idea that physical laws are the same for all inertial observers, but A more precisely describes it as a property of spacetime ensuring experimental results are independent of orientation or boost velocity, which aligns with the standard physics definition."",
  ""answer"": ""A""
}"
169,What is the significance of Baryon Acoustic Oscillations (BAOs) in the study of the universe?,A,A,A,A,"{
  ""reasoning"": ""Baryon Acoustic Oscillations are frozen sound-wave imprints from the early universe, providing a standard ruler in the large-scale structure. They allow precise measurement of cosmic distances and expansion history by revealing a characteristic scale in galaxy clustering."",
  ""answer"": ""A""
}","{
  ""reasoning"": ""Baryon Acoustic Oscillations are a feature in the large-scale structure of the universe, originating from sound waves in the early plasma. They provide a standard ruler of about 150 Mpc, which is used to measure cosmic distances and constrain cosmological parameters."",
  ""answer"": ""A""
}","{
  ""reasoning"": ""Baryon Acoustic Oscillations (BAOs) are frozen sound-wave imprints from the early universe that provide a standard ruler for measuring cosmic distances. They are observed as a statistical preference for galaxy pairs to be separated by a characteristic scale (about 150 Mpc in comoving coordinates), which is used to study the expansion history of the universe."",
  ""answer"": ""A""
}"
170,What can be inferred about the electronic entropy of insulators and metals based on their densities of states at the Fermi level?,B,B,B,B,"{
  ""reasoning"": ""The electronic entropy depends on the density of states at the Fermi level. Insulators have a band gap, so the density of states at the Fermi level is zero, leading to negligible electronic entropy. Metals have a finite density of states at the Fermi level, giving an electronic entropy proportional to temperature and that density of states."",
  ""answer"": ""B""
}","{
  ""reasoning"": ""The key distinction is that insulators have a band gap, leading to zero density of states at the Fermi level, while metals have finite density of states at the Fermi level. Electronic entropy from the density of states near the Fermi level is proportional to temperature and the density of states at the Fermi level, so it is negligible for insulators but finite for metals."",
  ""answer"": ""B""
}","{
  ""reasoning"": ""The electronic entropy from the density of states near the Fermi level is given by S_el ≈ (π²/3) k_B² T g(E_F) in the low-temperature limit. Insulators have a band gap at E_F, so g(E_F) ≈ 0, leading to negligible electronic entropy. Metals have a finite g(E_F), so S_el is proportional to T and g(E_F)."",
  ""answer"": ""B""
}"
171,What are permutation-inversion groups?,E,E,E,E,"{
  ""reasoning"": ""The question asks for the definition of permutation-inversion groups in molecular symmetry. These groups involve operations that combine permutations of identical nuclei with spatial inversion through the center of mass, both of which are feasible without significant energy cost. The correct definition must include permutations, inversions, or their combinations."",
  ""answer"": ""E""
}","{
  ""reasoning"": ""Permutation-inversion groups are used in molecular symmetry to describe feasible symmetry operations for molecules with identical nuclei. They involve permutations of identical nuclei and/or inversion through the center of mass, not just rotations or inversions about a specific axis like C3."",
  ""answer"": ""E""
}","{
  ""reasoning"": ""Permutation-inversion groups are used in molecular symmetry to describe feasible operations on identical nuclei. They involve permutations of identical nuclei and/or inversion through the center of mass, not limited to rotations about a specific axis like C3."",
  ""answer"": ""E""
}"
172,What is the relationship between dielectric loss and the transparency of a material?,B,B,B,B,"{
  ""reasoning"": ""Dielectric loss refers to energy dissipation in a dielectric material when subjected to an alternating electric field, primarily due to absorption of electromagnetic energy. This absorption converts electromagnetic energy into heat, reducing the intensity of transmitted light and thus decreasing transparency, especially at higher frequencies where dielectric loss tends to increase."",
  ""answer"": ""B""
}","{
  ""reasoning"": ""Dielectric loss arises from energy dissipation in a dielectric material when subjected to an alternating electric field, primarily due to absorption. At higher frequencies, increased absorption reduces the intensity of transmitted light, thereby decreasing transparency."",
  ""answer"": ""B""
}","{
  ""reasoning"": ""Dielectric loss is the dissipation of energy in a dielectric material due to molecular motion and dipole relaxation when subjected to an alternating electric field. This energy dissipation primarily manifests as absorption of electromagnetic waves, which reduces the intensity of transmitted light and thus decreases transparency, especially at higher frequencies where dielectric loss tends to increase."",
  ""answer"": ""B""
}"
173,What is the purpose of measuring the Larmor precession fields at about 100 microtesla with highly sensitive superconducting quantum interference devices (SQUIDs) in ultra-low field MRI?,C,C,C,C,"{
  ""reasoning"": ""The question asks about the purpose of using SQUIDs to measure Larmor precession fields at ~100 µT in ultra-low field MRI. SQUIDs are highly sensitive magnetometers used to detect weak magnetic signals. In ultra-low field MRI, the main challenge is achieving sufficient signal-to-noise ratio, and SQUIDs enable detection in the microtesla-to-millitesla range where recent demonstrations have shown feasibility."",
  ""answer"": ""C""
}","{
  ""reasoning"": ""The question asks about the purpose of using SQUIDs in ultra-low field MRI at around 100 microtesla. SQUIDs are highly sensitive magnetic field detectors used to pick up the weak NMR signals in this very low field regime. The key goal is to achieve sufficient signal-to-noise ratio for imaging, which is a fundamental challenge in microtesla-range MRI."",
  ""answer"": ""C""
}","{
  ""reasoning"": ""The question asks about the purpose of using SQUIDs to measure Larmor precession fields at ~100 μT in ultra-low field MRI. This technique is characteristic of ultra-low field MRI, where SQUIDs are needed to detect the very weak NMR signals in the microtesla-to-millitesla range to achieve sufficient signal quality, as conventional high-field detection coils are ineffective at such low fields."",
  ""answer"": ""C""
}"
174,What is the difference between illuminance and luminance?,B,B,B,B,"{
  ""reasoning"": ""Illuminance quantifies the luminous flux incident on a surface per unit area (measured in lux), describing how much light is falling onto a surface. Luminance quantifies the luminous intensity emitted or reflected from a surface per unit area in a given direction (measured in candela per square meter), describing how bright a source or surface appears."",
  ""answer"": ""B""
}","{
  ""reasoning"": ""Illuminance is the measure of incident light on a surface per unit area (lux or foot-candle), describing how much light is falling on a surface. Luminance is the measure of light emitted, reflected, or transmitted from a surface per unit area in a given direction (candela per square meter), describing the brightness perceived from that surface or source."",
  ""answer"": ""B""
}","{
  ""reasoning"": ""Illuminance quantifies how much luminous flux is incident on a surface per unit area (measured in lux). Luminance describes the amount of light emitted, transmitted, or reflected from a surface per unit area in a given direction (measured in cd/m²)."",
  ""answer"": ""B""
}"
175,What is a magnetic monopole in particle physics?,E,E,E,E,"{
  ""reasoning"": ""The question asks about the definition of a magnetic monopole in particle physics. A magnetic monopole is a hypothetical particle that would have only one magnetic pole (north or south), analogous to how an electric charge has a single electric pole (positive or negative)."",
  ""answer"": ""E""
}","{
  ""reasoning"": ""In particle physics, a magnetic monopole is a hypothetical particle that would carry a net 'magnetic charge' analogous to how an electric charge carries a net electric charge. Unlike ordinary magnets, which always have both a north and a south pole, a magnetic monopole would have only one magnetic pole—either north or south."",
  ""answer"": ""E""
}","{
  ""reasoning"": ""In particle physics, a magnetic monopole is a hypothetical particle that would carry a net 'magnetic charge,' analogous to how an electric charge exists as an isolated positive or negative pole. It is not an electric charge, nor a magnet with two poles; it would be an isolated north or south magnetic pole."",
  ""answer"": ""E""
}"
176,What is the difference between redshift due to the expansion of the universe and Doppler redshift?,D,E,E,E,"{
  ""reasoning"": ""Cosmological redshift arises from the expansion of space itself between emission and absorption, quantified by the ratio of the scale factor a(t) at reception versus emission. Doppler redshift is due to the relative peculiar velocity of the source at the moment of emission, not from the expansion of space."",
  ""answer"": ""E""
}","{
  ""reasoning"": ""Cosmological redshift arises from the expansion of space itself between emission and absorption, quantified by the ratio of the scale factor a(t) at reception versus emission. Doppler redshift is a local kinematic effect due to relative velocity between source and observer at the time of emission or reception."",
  ""answer"": ""E""
}","{
  ""reasoning"": ""Cosmological redshift arises from the expansion of space itself between emission and absorption, quantified by the ratio of the scale factor a(t) at observation versus emission. Doppler redshift is due to relative peculiar motion of the source and observer at a specific time, not from the expansion of space."",
  ""answer"": ""E""
}"
177,What is the relationship between Coordinated Universal Time (UTC) and Universal Time (UT1)?,D,C,C,C,"{
  ""reasoning"": ""UTC is an atomic time scale that approximates UT1 (solar time based on Earth's rotation). Leap seconds are added to keep UTC within 0.9 seconds of UT1, but the difference is not necessarily an integral number of seconds before adjustment."",
  ""answer"": ""C""
}","{
  ""reasoning"": ""UTC is an atomic time scale that approximates UT1 (which is based on Earth's rotation). The difference between UTC and UT1 is not a fixed integral number of seconds; leap seconds are inserted as needed to keep UTC within 0.9 seconds of UT1."",
  ""answer"": ""C""
}","{
  ""reasoning"": ""UTC is an atomic time scale that approximates UT1, which is based on Earth's rotation. The difference between UTC and UT1 is not constrained to be an integral number of seconds, but leap seconds are added as needed to keep UTC within 0.9 seconds of UT1."",
  ""answer"": ""C""
}"
178,What is the reason for heating metals to a temperature just above the upper critical temperature?,C,C,C,C,"{
  ""reasoning"": ""Heating metals above the upper critical temperature is part of the austenitizing step in heat treatment, which dissolves carbides and homogenizes the austenite. This process aims to refine the grain structure upon subsequent cooling, preventing excessively large grains that would reduce toughness and strength."",
  ""answer"": ""C""
}","{
  ""reasoning"": ""Heating metals above the upper critical temperature is done to achieve a fully austenitic structure, which can then be transformed into a fine-grained microstructure upon cooling. This fine grain size improves mechanical properties like toughness and strength, so the goal is to prevent excessively large grains."",
  ""answer"": ""C""
}","{
  ""reasoning"": ""Heating metals above the upper critical temperature allows for the formation of austenite and the refinement of the grain structure upon cooling. Keeping grains from growing too large generally improves mechanical properties like toughness and strength."",
  ""answer"": ""C""
}"
179,What is the cause of the observed change in the periods of moons orbiting a distant planet when measured from Earth?,C,C,C,C,"{
  ""reasoning"": ""The question describes a change in observed orbital periods of moons around a distant planet as seen from Earth, which varies with Earth's position in its orbit. This is a classic light travel time effect: when Earth is closer to the planet, light arrives sooner than when Earth is farther away, altering the timing measurements of the moons' orbits. The difference in distance traveled by light over the diameter of Earth's orbit explains the variation."",
  ""answer"": ""C""
}","{
  ""reasoning"": ""The question refers to the change in observed orbital periods of moons due to Earth's orbital motion. This is a classic light travel time effect: when Earth is closer to the planet, light arrives sooner than when Earth is farther away, altering the timing measurements over the Earth's orbital diameter."",
  ""answer"": ""C""
}","{
  ""reasoning"": ""The question describes a change in observed orbital periods of moons around a distant planet as Earth moves in its orbit. This is a classic light travel time effect: when Earth is closer to the planet, light arrives sooner, and when Earth is farther, light takes longer, making the observed timing of events appear to vary."",
  ""answer"": ""C""
}"
180,What is the origin of the radio emission observed from supernova remnants?,B,B,B,B,"{
  ""reasoning"": ""The question asks about the origin of radio emission in supernova remnants. Synchrotron emission is the correct non-thermal mechanism, produced by relativistic electrons spiraling in magnetic fields. Only option B correctly identifies both the source (high-velocity electrons in magnetic fields) and the emission type (non-thermal synchrotron)."",
  ""answer"": ""B""
}","{
  ""reasoning"": ""The question asks about the origin of radio emission from supernova remnants. Synchrotron emission is the correct mechanism, which is non-thermal and produced by relativistic electrons spiraling in magnetic fields."",
  ""answer"": ""B""
}","{
  ""reasoning"": ""The radio emission from supernova remnants is known to be non-thermal synchrotron radiation, produced by relativistic electrons spiraling in magnetic fields. Options mentioning thermal emission or fusion processes are incorrect for synchrotron radiation."",
  ""answer"": ""B""
}"
181,What is the relationship between the Hamiltonians and eigenstates in supersymmetric quantum mechanics?,A,A,A,A,"{
  ""reasoning"": ""In supersymmetric quantum mechanics, the two partner Hamiltonians are related by a supersymmetry transformation such that their spectra are identical except possibly for a zero-energy ground state. This means that for every eigenstate of one Hamiltonian with nonzero energy, there exists an eigenstate of the partner Hamiltonian with exactly the same energy."",
  ""answer"": ""A""
}","{
  ""reasoning"": ""In supersymmetric quantum mechanics, the partner Hamiltonians H₁ and H₂ are related by supersymmetry transformations. Their spectra are identical except possibly for a zero-energy ground state, meaning for every eigenstate of one Hamiltonian (above the ground state) there is a corresponding eigenstate of the partner Hamiltonian with exactly the same energy."",
  ""answer"": ""A""
}","{
  ""reasoning"": ""In supersymmetric quantum mechanics, the partner Hamiltonians are related by a supersymmetry transformation such that their spectra are identical except possibly for a zero-energy ground state. This means that for every eigenstate of one Hamiltonian (with energy E > 0), there is a corresponding eigenstate of the partner Hamiltonian with exactly the same energy."",
  ""answer"": ""A""
}"
182,What is the proposed name for the field that is responsible for cosmic inflation and the metric expansion of space?,A,A,A,A,"{
  ""reasoning"": ""The question asks for the name of the field theorized to drive cosmic inflation. In inflationary cosmology, a hypothetical scalar field called the 'inflaton' is responsible for the rapid exponential expansion of space in the early universe."",
  ""answer"": ""A""
}","{
  ""reasoning"": ""The question asks for the name of the field hypothesized to drive cosmic inflation. In inflationary cosmology, a scalar field called the 'inflaton' is proposed to be responsible for the rapid expansion of space in the early universe."",
  ""answer"": ""A""
}","{
  ""reasoning"": ""The question asks for the proposed name of the field that drives cosmic inflation and the ongoing metric expansion of space. In inflationary cosmology, this hypothetical field is widely referred to as the 'inflaton' field."",
  ""answer"": ""A""
}"
183,Which of the following statements accurately describes the characteristics of gravitational waves?,C,C,C,C,"{
  ""reasoning"": ""Gravitational wave amplitude is conventionally denoted by h (strain), not by λ or f. The correct quadrupole formula for gravitational radiation comes from general relativity (Einstein), not Newtonian gravity. Wavelength λ is the distance between successive points of maximum stretch or squeeze."",
  ""answer"": ""C""
}","{
  ""reasoning"": ""Gravitational wave amplitude is conventionally denoted by h (strain), and the quadrupole formula for gravitational radiation comes from Einstein's general relativity, not Newtonian gravity. Wavelength λ is the distance between successive points of maximum stretch or squeeze."",
  ""answer"": ""C""
}","{
  ""reasoning"": ""Gravitational waves are described by the strain amplitude h, which quantifies the fractional change in distance between free test masses. Their generation and amplitude variation are governed by Einstein's quadrupole formula (not Newton's), and they have frequency f and wavelength λ, where λ is the distance between successive points of maximum strain (stretch or squeeze)."",
  ""answer"": ""C""
}"
184,What is the difference between the coevolution of myrmecophytes and the mutualistic symbiosis of mycorrhiza?,A,A,A,A,"{
  ""reasoning"": ""The question asks for the difference between two mutualistic relationships: myrmecophytes with ants, and mycorrhiza with fungi. Option A correctly identifies ants as the partner for myrmecophytes, with the plant providing shelter/food and ants providing defense, while mycorrhiza involves fungi aiding in nutrient/water uptake in exchange for plant carbohydrates. The other options misidentify the symbiotic partners (butterflies, birds, bees, or bacteria/insects)."",
  ""answer"": ""A""
}","{
  ""reasoning"": ""The question asks for the correct description of two distinct mutualisms: myrmecophyte–ant coevolution and mycorrhizal symbiosis. Myrmecophytes involve ants (not butterflies, birds, or bees) receiving shelter/food in exchange for defense, while mycorrhizae involve fungi (not birds, bacteria, or insects) exchanging soil nutrients for plant carbohydrates."",
  ""answer"": ""A""
}","{
  ""reasoning"": ""The question asks for the key difference between two mutualistic relationships: myrmecophytes with ants, and mycorrhiza between plants and fungi. Option A correctly describes both interactions, while the other options misidentify the partner organisms or the exchanged resources."",
  ""answer"": ""A""
}"
185,What is the Kelvin-Helmholtz instability and how does it affect Earth's magnetosphere?,A,A,A,A,"{
  ""reasoning"": ""The Kelvin-Helmholtz instability occurs at velocity shear interfaces, such as the boundary between the solar wind and Earth's magnetosphere. It generates surface waves and vortices that can drive plasma transport and magnetic reconnection, allowing solar wind particles to enter."",
  ""answer"": ""A""
}","{
  ""reasoning"": ""The Kelvin-Helmholtz instability occurs at velocity shear interfaces, such as the boundary between the solar wind and Earth's magnetosphere. It generates surface waves and vortices that can transport solar wind plasma into the magnetosphere, often through processes like magnetic reconnection."",
  ""answer"": ""A""
}","{
  ""reasoning"": ""The Kelvin-Helmholtz instability occurs at velocity shear interfaces, such as the boundary between the solar wind and Earth's magnetosphere. It generates surface waves and vortices that can drive plasma transport and magnetic reconnection, allowing solar wind particles to enter."",
  ""answer"": ""A""
}"
186,What is the significance of the high degree of fatty-acyl disorder in the thylakoid membranes of plants?,C,C,C,C,"{
  ""reasoning"": ""The question asks about the functional significance of high fatty-acyl disorder in plant thylakoid membranes. High disorder means unsaturated fatty acids are abundant, which increases membrane fluidity and prevents solidification at low temperatures, a key adaptation for photosynthetic efficiency in varying climates."",
  ""answer"": ""C""
}","{
  ""reasoning"": ""The question focuses on the functional significance of high fatty-acyl disorder in plant thylakoid membranes. High disorder typically correlates with increased membrane fluidity at lower temperatures, which is adaptive for photosynthetic function in varying thermal conditions."",
  ""answer"": ""C""
}","{
  ""reasoning"": ""The question focuses on the functional significance of high fatty-acyl disorder in plant thylakoid membranes. High disorder means unsaturated fatty acids are abundant, which maintains membrane fluidity at low temperatures, preventing a rigid gel phase and ensuring photosynthetic processes continue in cold conditions."",
  ""answer"": ""C""
}"
187,What is the explanation for the effective supersymmetry in quark-diquark models?,A,A,A,A,"{
  ""reasoning"": ""The question addresses how a diquark cluster in a baryon can mimic an antiquark under certain conditions, leading to meson-like behavior and effective supersymmetry. The correct explanation involves color charge combination and coarse resolution, where a diquark appears as an antiquark, making the baryon resemble a meson."",
  ""answer"": ""A""
}","{
  ""reasoning"": ""The question concerns how a diquark cluster in a baryon can mimic an antiquark under certain conditions, leading to meson-like behavior. The key is that two quarks in a color-antisymmetric state combine as an anti-color (like an antiquark) when viewed at low resolution, which is the basis of quark-diquark models and effective supersymmetry."",
  ""answer"": ""A""
}","{
  ""reasoning"": ""The question concerns how a diquark cluster in a baryon can mimic an antiquark under certain conditions, leading to meson-like behavior and effective supersymmetry. The key is that two quarks in a color-antitriplet combination appear as an anti-color when viewed at low resolution, making the baryon resemble a quark–antiquark system."",
  ""answer"": ""A""
}"
188,What is the relationship between the complete electromagnetic Hamiltonian of a molecule and the parity operation?,D,D,D,D,"{
  ""reasoning"": ""The parity operation (spatial inversion) is a symmetry of the electromagnetic Hamiltonian because electromagnetic interactions are invariant under inversion. Therefore, eigenstates of the Hamiltonian can be labeled by parity eigenvalues (+ for even, − for odd)."",
  ""answer"": ""D""
}","{
  ""reasoning"": ""The parity operation (spatial inversion) is a symmetry of the full electromagnetic Hamiltonian if the system is isolated and not subject to external fields that break inversion symmetry. For such a Hamiltonian, parity is conserved, and its eigenstates can be labeled by parity eigenvalues, typically + (even) or – (odd)."",
  ""answer"": ""D""
}","{
  ""reasoning"": ""The parity operation (spatial inversion) is a symmetry of the electromagnetic Hamiltonian if the system is invariant under inversion of all spatial coordinates. For an isolated molecule, the full electromagnetic Hamiltonian (including kinetic energy, Coulomb interactions, and electromagnetic fields) is invariant under parity because the fundamental laws of electromagnetism are parity-even. Consequently, its eigenstates can be labeled by parity eigenvalues (+ for even, − for odd)."",
  ""answer"": ""D""
}"
189,What is the difference between active and passive transport in cells?,B,B,B,B,"{
  ""reasoning"": ""The question tests knowledge of cellular transport mechanisms. Active transport requires cellular energy (usually ATP) to move substances against their concentration gradient, while passive transport moves substances down their gradient without cellular energy input."",
  ""answer"": ""B""
}","{
  ""reasoning"": ""The question asks about the key distinction between active and passive transport in cellular biology. Active transport requires cellular energy (often ATP) to move substances against their concentration gradient, while passive transport moves substances down their concentration gradient without cellular energy input."",
  ""answer"": ""B""
}","{
  ""reasoning"": ""The question asks about the fundamental difference between active and passive transport in cell biology. Passive transport moves substances along a concentration gradient without cellular energy, while active transport moves substances against a gradient using energy like ATP."",
  ""answer"": ""B""
}"
190,What is the Heisenberg uncertainty principle and how does it relate to angular momentum in quantum mechanics?,E,D,D,E,"{
  ""reasoning"": ""The question asks about the Heisenberg uncertainty principle's specific relation to angular momentum. The key point is that angular momentum components do not commute, leading to uncertainty relations among them, meaning only one component can be known precisely at a time. Option D correctly captures this and notes the quantization of angular momentum eigenvalues."",
  ""answer"": ""D""
}","{
  ""reasoning"": ""The Heisenberg uncertainty principle in quantum mechanics fundamentally states that certain pairs of observables, like position and momentum, cannot both be measured with arbitrary precision simultaneously. For angular momentum, this manifests as the impossibility of knowing all three components at once—only one projection (e.g., L_z) can be definite, while the other two remain uncertain due to non-commutation of the angular momentum operators."",
  ""answer"": ""D""
}","{
  ""reasoning"": ""The question asks about the Heisenberg uncertainty principle's specific relation to angular momentum. The key point is that for angular momentum components, the uncertainty principle implies that only one component (e.g., L_z) can be known precisely at a time, while the other two remain uncertain due to non-commutation of the operators."",
  ""answer"": ""E""
}"
191,What is the difference between natural convection and forced convection?,C,C,C,C,"{
  ""reasoning"": ""The question asks about the key distinction between natural and forced convection. Natural convection is driven by buoyancy differences due to temperature gradients, while forced convection is driven by external means like fans or pumps."",
  ""answer"": ""C""
}","{
  ""reasoning"": ""The question asks to distinguish between natural and forced convection. Natural convection is driven by buoyancy differences due to temperature gradients, while forced convection involves external mechanical means to move the fluid."",
  ""answer"": ""C""
}","{
  ""reasoning"": ""The question asks to distinguish between natural and forced convection. Natural convection is driven by buoyancy due to density differences from temperature gradients, while forced convection involves external means like fans or pumps to move the fluid."",
  ""answer"": ""C""
}"
192,What is magnetic susceptibility?,B,B,B,B,"{
  ""reasoning"": ""Magnetic susceptibility quantifies the degree to which a material becomes magnetized when placed in an external magnetic field. The key distinction among the options lies in the verb describing the material's response: 'become magnetized' is the correct physical description, whereas absorb, resist, conduct, or reflect are not standard terms for this property."",
  ""answer"": ""B""
}","{
  ""reasoning"": ""Magnetic susceptibility quantifies the degree to which a material becomes magnetized when placed in an external magnetic field. Among the options, the correct description emphasizes that the material 'becomes magnetized' rather than absorbs, resists, conducts, or reflects magnetization."",
  ""answer"": ""B""
}","{
  ""reasoning"": ""Magnetic susceptibility quantifies the degree to which a material becomes magnetized when placed in an external magnetic field. The key distinction among the options is whether the material 'absorbs,' 'becomes,' 'resists,' 'conducts,' or 'reflects' magnetization; the correct physical description is that it becomes magnetized."",
  ""answer"": ""B""
}"
193,"What is a transient condensation cloud, also known as a Wilson cloud?",B,B,B,B,"{
  ""reasoning"": ""A transient condensation (Wilson) cloud forms due to rapid adiabatic cooling from the rarefaction wave after an explosion in humid air, causing water vapor to condense into tiny droplets. The key elements are humid air (not dry) and condensation of water droplets (not smoke or gas)."",
  ""answer"": ""B""
}","{
  ""reasoning"": ""A Wilson cloud is a condensation effect, not smoke or gas, so it must involve water droplets. It occurs in humid air because the rapid expansion (rarefaction) after an explosion cools the air, causing transient condensation."",
  ""answer"": ""B""
}","{
  ""reasoning"": ""A Wilson cloud is a temporary condensation effect, not smoke or gas from burning materials. It occurs in humid air because the rapid expansion (rarefaction) after an explosion cools the air, causing water vapor to condense into droplets."",
  ""answer"": ""B""
}"
194,What is a uniform tiling in the hyperbolic plane?,D,D,D,D,"{
  ""reasoning"": ""Uniform tilings in any geometry (Euclidean, spherical, hyperbolic) are defined as tilings by regular polygons that are vertex-transitive (isogonal). In hyperbolic geometry, this means an edge-to-edge tessellation with regular polygons, where all vertices are equivalent under symmetries of the tiling."",
  ""answer"": ""D""
}","{
  ""reasoning"": ""Uniform tilings are defined as tilings by regular polygons that are vertex-transitive (isogonal). In Euclidean and hyperbolic geometry, 'uniform tiling' specifically means an edge-to-edge tessellation with regular polygons and identical vertex figures, which implies vertex transitivity."",
  ""answer"": ""D""
}","{
  ""reasoning"": ""A uniform tiling in any geometry (Euclidean, spherical, hyperbolic) is defined as an edge-to-edge tessellation by regular polygons that is vertex-transitive (all vertices are equivalent under symmetries), which also makes it isogonal. Irregular polygons are not allowed in uniform tilings."",
  ""answer"": ""D""
}"
195,What is the relation between the three moment theorem and the bending moments at three successive supports of a continuous beam?,C,C,C,C,"{
  ""reasoning"": ""The question asks specifically about the relation between the three moment theorem and bending moments at three successive supports of a continuous beam. Among the options, only option C correctly defines the three moment theorem (Clapeyron's theorem) as relating bending moments at three successive supports, considering loading on adjacent spans and possible support settlements."",
  ""answer"": ""C""
}","{
  ""reasoning"": ""The three-moment theorem in structural analysis is a classic method for analyzing continuous beams. It specifically relates the bending moments at three consecutive supports when spans are loaded or when support settlements occur."",
  ""answer"": ""C""
}","{
  ""reasoning"": ""The three moment theorem (Clapeyron's theorem) is a fundamental relation in structural analysis for continuous beams. It specifically relates the bending moments at three consecutive supports, considering loads on adjacent spans and possible support settlements."",
  ""answer"": ""C""
}"
196,"What is the throttling process, and why is it important?",B,B,C,C,"{
  ""reasoning"": ""The throttling process in thermodynamics is an adiabatic flow through a restriction where enthalpy remains constant, leading to a pressure drop. In refrigeration cycles, this pressure drop causes a temperature drop in the refrigerant, which is essential for cooling."",
  ""answer"": ""B""
}","{
  ""reasoning"": ""The throttling process in thermodynamics is a steady adiabatic flow through a restriction where enthalpy remains constant, causing a pressure drop and often a temperature drop in real gases. In refrigeration cycles, this pressure drop is essential for cooling, making throttling a key component of the refrigeration cycle."",
  ""answer"": ""C""
}","{
  ""reasoning"": ""The throttling process in thermodynamics is an adiabatic steady flow through a restriction (like a valve) where enthalpy remains constant but pressure drops, leading to a temperature decrease for real gases. In refrigeration cycles, this pressure drop causes cooling and is essential for the cycle's operation."",
  ""answer"": ""C""
}"
197,What happens to excess base metal as a solution cools from the upper transformation temperature towards an insoluble state?,B,B,B,B,"{
  ""reasoning"": ""This question is about phase transformations in alloys, specifically proeutectoid formation during cooling from above the eutectoid temperature. In hypoeutectoid alloys, as the solution cools, the excess base metal (solvent) precipitates out first as proeutectoid phase (e.g., ferrite in steel) until the remaining austenite reaches eutectoid composition, which then transforms into a separate eutectoid microstructure (e.g., pearlite)."",
  ""answer"": ""B""
}","{
  ""reasoning"": ""The question describes cooling from above the eutectoid temperature in a binary alloy system where the base metal is the solvent. As the solution cools, the solubility of the solute decreases, so the excess base metal precipitates out first as proeutectoid phase until the remaining liquid (or austenite in solids) reaches the eutectoid composition, at which point the eutectoid reaction occurs."",
  ""answer"": ""B""
}","{
  ""reasoning"": ""The question describes cooling of a metal solution from above the eutectoid temperature. In such phase transformations, when the composition is not exactly at the eutectoid, the excess base metal (solvent) precipitates out first as proeutectoid phase before the remaining solution reaches the eutectoid composition and transforms into the eutectoid microstructure."",
  ""answer"": ""B""
}"
198,"What is the relationship between mass, force, and acceleration, according to Sir Isaac Newton's laws of motion?",D,D,D,D,"{
  ""reasoning"": ""Newton's second law states that force equals mass times acceleration (F = ma). Mass is indeed an inertial property, and 1 newton is defined as the force needed to accelerate 1 kg at 1 m/s²."",
  ""answer"": ""D""
}","{
  ""reasoning"": ""The question asks for the correct relationship between mass, force, and acceleration as defined by Newton's second law (F = ma). Mass is correctly described as an inertial property, and the definition of a newton is that a force of 1 N causes a 1 kg mass to accelerate at 1 m/s²."",
  ""answer"": ""D""
}","{
  ""reasoning"": ""The question asks about Newton's second law, F = ma, and the definition of mass as an inertial property. The correct statement must accurately reflect that 1 N of force on a 1 kg mass produces an acceleration of 1 m/s², and that mass is indeed an inertial property."",
  ""answer"": ""D""
}"
199,What did Arthur Eddington discover about two of Einstein's types of gravitational waves?,C,E,E,E,"{
  ""reasoning"": ""The question refers to Eddington's analysis of Einstein's early gravitational wave solutions. In 1922, Eddington demonstrated that two of the wave types Einstein identified were coordinate artifacts (non-physical) and that the remaining physical waves propagate at the speed of light."",
  ""answer"": ""E""
}","{
  ""reasoning"": ""The question concerns Eddington's analysis of Einstein's gravitational wave solutions. Eddington demonstrated that two of the wave types were coordinate artifacts and could be made to propagate at the speed of light with a suitable coordinate choice, aligning with general relativity's prediction."",
  ""answer"": ""E""
}","{
  ""reasoning"": ""The question concerns Eddington's analysis of gravitational waves in general relativity. Eddington demonstrated that two of the wave types Einstein initially proposed were coordinate artifacts, not physical, and could only be made to propagate at the speed of light by a suitable choice of coordinates."",
  ""answer"": ""E""
}"
