id,prompt,correct,trial1,trial2,trial3,raw_trial1,raw_trial2,raw_trial3
0,"Which of the following statements accurately describes the impact of Modified Newtonian Dynamics (MOND) on the observed ""missing baryonic mass"" discrepancy in galaxy clusters?",D,D,D,D,"{
  ""reasoning"": ""The background explicitly states that MOND reduces the discrepancy between velocity dispersions and the observed missing baryonic mass in galaxy clusters from a factor of about 10 to about 2, but does not fully eliminate it. This matches option D, while other options either misrepresent MOND's predictions or introduce elements not supported by the text."",
  ""answer"": ""D""
}","{
  ""reasoning"": ""The background text explicitly states that MOND reduces the discrepancy between the velocity dispersions of galaxies in clusters and the clusters' observed missing baryonic mass from a factor of around 10 to a factor of about 2, but does not fully eliminate it. This directly matches one of the provided options."",
  ""answer"": ""D""
}","{
  ""reasoning"": ""The background states that MOND reduces the discrepancy between velocity dispersions in galaxy clusters and the observed missing baryonic mass from a factor of around 10 to about 2, but does not fully eliminate it. This matches option D, while the others misrepresent MOND's effect or propose unrelated mechanisms."",
  ""answer"": ""D""
}"
1,Which of the following is an accurate definition of dynamic scaling in self-similar systems?,A,A,A,A,"{
  ""reasoning"": ""The question asks for the definition of dynamic scaling in self-similar systems. Dynamic scaling in physics and complex systems typically describes a system evolving in time while maintaining self-similarity, meaning statistical properties at different times are related by scaling functions. Option A correctly captures this idea of evolution and similarity across time snapshots tested by a time-dependent stochastic variable."",
  ""answer"": ""A""
}","{
  ""reasoning"": ""The background does not directly define dynamic scaling in self-similar systems, but the question asks for an accurate definition. In statistical physics and complex systems, dynamic scaling describes how a system evolves while maintaining self-similarity over time, often characterized by time-dependent scaling functions. Option A correctly captures the idea of evolution and similarity across different timescales with a time-dependent variable."",
  ""answer"": ""A""
}","{
  ""reasoning"": ""The question asks about dynamic scaling in self-similar systems, which is a concept from statistical physics and complex systems. Dynamic scaling typically describes how a system evolves while maintaining self-similarity over time, meaning data from different times can be related by scaling functions. Option A correctly captures this idea of evolution and similarity tested by a time-dependent variable."",
  ""answer"": ""A""
}"
2,Which of the following statements accurately describes the origin and significance of the triskeles symbol?,A,A,A,A,"{
  ""reasoning"": ""The question asks about the origin and significance of the triskeles symbol, specifically in relation to Sicily. The background context does not contain any information about the triskeles, so the answer must be based on general historical knowledge. The correct option should accurately reflect that the triskeles is linked to the ancient Greek name for Sicily, Trinacria (meaning 'three headlands'), was used by Syracuse, and features Medusa's head."",
  ""answer"": ""A""
}","{
  ""reasoning"": ""The background does not provide any information about the triskeles symbol, Sicily, or Medusa. The question requires external knowledge about the symbol's origin and significance. Based on general knowledge, the triskeles is linked to Sicily's ancient Greek name Trinacria ('three headlands'), was used by Syracuse, and features Medusa's head at the center."",
  ""answer"": ""A""
}","{
  ""reasoning"": ""The question asks about the origin and significance of the triskeles symbol, specifically its connection to Sicily. The background provided does not contain any information about the triskeles, so the answer must rely on general knowledge. The most accurate statement is that the triskeles is linked to the ancient Greek name Trinacria ('three headlands') and was used by Syracuse, with Medusa's head at the center."",
  ""answer"": ""A""
}"
3,What is the significance of regularization in terms of renormalization problems in physics?,C,A,A,A,"{
  ""reasoning"": ""The background explains regularization as a technique to control infinities by introducing a cutoff (like a finite electron radius) to handle singularities in classical physics problems. It specifically states that assuming a finite electron radius suffices to explain the system below a certain size, and similar regularization arguments work in other renormalization problems."",
  ""answer"": ""A""
}","{
  ""reasoning"": ""The background states that regularization addresses breakdowns at small scales by imposing physical constraints, like assuming a finite electron radius to avoid infinite mass-energy. This technique helps manage infinities or singularities in theories, making calculations tractable and explanations possible where they would otherwise fail."",
  ""answer"": ""A""
}","{
  ""reasoning"": ""The background explains regularization as introducing a physical cutoff (like a finite electron radius) to avoid infinities and make calculations tractable below a certain scale, which is a common technique in renormalization problems. Options involving an infinite radius contradict this idea, and the correct option should reflect regularization's role in simplifying calculations by removing singularities."",
  ""answer"": ""A""
}"
4,Which of the following statements accurately describes the relationship between the dimensions of a diffracting object and the angular spacing of features in the diffraction pattern?,D,D,D,D,"{
  ""reasoning"": ""The background states: 'The angular spacing of the features in the diffraction pattern is inversely proportional to the dimensions of the object causing the diffraction.' It then clarifies: 'The smaller the diffracting object, the wider the resulting diffraction pattern, and vice versa.' This directly matches the description in option D."",
  ""answer"": ""D""
}","{
  ""reasoning"": ""The background explicitly states: 'The angular spacing of the features in the diffraction pattern is inversely proportional to the dimensions of the object causing the diffraction. In other words: the smaller the diffracting object, the wider the resulting diffraction pattern, and vice versa.' This directly matches option D."",
  ""answer"": ""D""
}","{
  ""reasoning"": ""The background explicitly states that the angular spacing of diffraction features is inversely proportional to the object's dimensions, meaning smaller objects produce wider patterns. This directly matches option D, while the other options misrepresent the relationship."",
  ""answer"": ""D""
}"
5,"Which of the following statements accurately depicts the relationship between Gauss's law, electric flux, electric field, and symmetry in electric fields?",B,B,B,B,"{
  ""reasoning"": ""The question tests understanding of Gauss's law applicability, the definition of electric flux, and its units. Gauss's law is universally valid but practically useful for symmetric charge distributions; electric flux depends only on enclosed charge, while the electric field depends on all charges; and the SI base unit of electric flux is kg·m³·s⁻³·A⁻¹ (volt·meter)."",
  ""answer"": ""B""
}","{
  ""reasoning"": ""The question asks about the relationship between Gauss's law, electric flux, electric field, and symmetry. Gauss's law is universally valid, but symmetry simplifies calculations. Electric flux depends only on enclosed charge, while the electric field depends on all charges."",
  ""answer"": ""B""
}","{
  ""reasoning"": ""The question asks about the relationship between Gauss's law, electric flux, electric field, and symmetry. Gauss's law is universally valid, but its utility for calculating electric fields is greatest when symmetry simplifies the integration. Electric flux depends only on enclosed charge, while the electric field at a point can be influenced by charges both inside and outside the Gaussian surface."",
  ""answer"": ""B""
}"
6,Which of the following statements accurately describes the dimension of an object in a CW complex?,A,A,A,A,"{
  ""reasoning"": ""The question asks about the dimension of an object in a CW complex, which is a topological concept not directly covered in the background. However, standard algebraic topology defines the dimension of a CW complex as the supremum of dimensions of its cells, often equivalently described via skeleta. Option A matches the conventional definition: the dimension is the largest n for which the n-skeleton is nontrivial, with the empty set having dimension -1."",
  ""answer"": ""A""
}","{
  ""reasoning"": ""The question asks about the standard definition of dimension in a CW complex, which is a topological concept. In CW complexes, the dimension of an object is typically defined as the highest dimension of its cells, corresponding to the largest n for which the n-skeleton is nontrivial, with conventional dimension assignments for the empty set and boundaries."",
  ""answer"": ""A""
}","{
  ""reasoning"": ""The question asks about the standard definition of dimension for a CW complex. In CW complexes, the dimension of an object is defined as the highest dimension of its cells, which corresponds to the largest n for which the n-skeleton is nontrivial. The empty set is conventionally assigned dimension -1 in topology."",
  ""answer"": ""A""
}"
7,Which of the following statements accurately describes the blocking temperature of an antiferromagnetic layer in a spin valve?,D,D,D,D,"{
  ""reasoning"": ""The question asks about the blocking temperature of an antiferromagnetic layer in a spin valve. From the background, blocking temperature is defined as the temperature below which a system becomes 'blocked' against thermal agitation, preserving magnetic history. In spin valves, the antiferromagnetic layer pins the magnetization of an adjacent ferromagnetic layer, and this pinning is lost above the blocking temperature, which is typically below the Néel temperature of the antiferromagnet."",
  ""answer"": ""D""
}","{
  ""reasoning"": ""The background defines blocking temperature as the temperature below which a system becomes 'blocked' against thermal agitation, preserving magnetic history. In a spin valve, the antiferromagnetic layer pins the magnetization of an adjacent ferromagnetic layer below its blocking temperature, and this temperature is typically lower than the Néel temperature (the ordering temperature of the antiferromagnet)."",
  ""answer"": ""D""
}","{
  ""reasoning"": ""The question asks about the blocking temperature of an antiferromagnetic layer in a spin valve. From the background, blocking temperature is defined as the temperature below which a system becomes 'blocked' against thermal agitation, preserving magnetic history. In a spin valve, the antiferromagnetic layer pins the magnetization of an adjacent ferromagnetic layer, and this pinning effect is lost above the blocking temperature, which is typically below the Néel temperature (the ordering temperature of the antiferromagnet)."",
  ""answer"": ""D""
}"
8,What is the term used in astrophysics to describe light-matter interactions resulting in energy shifts in the radiation field?,C,A,C,C,"{
  ""reasoning"": ""The question asks for the astrophysics term describing light-matter interactions that cause energy shifts in radiation. In the background, shifts in wavelength due to relative motion (like a star moving toward or away from an observer) are described as blueshifting and redshifting, which are specific types of energy shifts in the radiation field resulting from Doppler effects."",
  ""answer"": ""A""
}","{
  ""reasoning"": ""The question asks for the astrophysics term describing light-matter interactions that cause energy shifts in the radiation field. The background mentions redshift and blueshift as specific directional shifts due to motion, but 'reddening' is a broader term for scattering processes that preferentially remove shorter wavelengths, shifting the overall spectral energy distribution."",
  ""answer"": ""C""
}","{
  ""reasoning"": ""The question asks for the general astrophysics term describing light-matter interactions that cause energy shifts in radiation. The background mentions redshift and blueshift as specific directional shifts, but the broader process involving interactions like absorption by atoms is referred to as 'reddening' in certain contexts, though not explicitly defined here. Among the options, 'redshifting' and 'blueshifting' are specific to Doppler-like shifts, while 'reddening' is the term for wavelength-dependent scattering or absorption effects."",
  ""answer"": ""C""
}"
9,What is the role of axioms in a formal theory?,A,A,A,A,"{
  ""reasoning"": ""The background defines axioms as starting points from which other statements are logically derived via rules of inference. In a formal theory, axioms are foundational statements that, together with deductive rules, generate theorems through proof systems."",
  ""answer"": ""A""
}","{
  ""reasoning"": ""The background explains that axioms are starting points or assumptions accepted without proof, which together with rules of inference form a deductive system. In a formal theory, axioms serve as foundational statements from which theorems are logically derived using proof systems."",
  ""answer"": ""A""
}","{
  ""reasoning"": ""The background explains that axioms are starting points accepted without proof, used together with inference rules to derive theorems in a formal system. This aligns with the description in option A, where axioms form the foundation and help derive theorems via proof theory."",
  ""answer"": ""A""
}"
10,What did Fresnel predict and verify with regards to total internal reflections?,E,E,E,E,"{
  ""reasoning"": ""The question asks about Fresnel's work on total internal reflection and circular polarization. Among the options, only option E specifies four total internal reflections at 68°27' with a mix of water and air as external media to achieve precise circular polarization, which matches known historical experiments by Fresnel."",
  ""answer"": ""E""
}","{
  ""reasoning"": ""The background mentions Fresnel reflection and total internal reflection, but does not provide specific details about Fresnel's experiments with circular polarization. However, based on historical knowledge, Fresnel worked on polarization by total internal reflection and is known for using combinations of reflections with different external media (like air and water) to achieve precise circular polarization at specific angles."",
  ""answer"": ""E""
}","{
  ""reasoning"": ""The question is about a specific historical optics experiment by Fresnel involving total internal reflection to produce circular polarization. The correct option should mention a combination of reflections at a specific angle with alternating media (water and air) to achieve circular polarization, which is a known experimental setup by Fresnel."",
  ""answer"": ""E""
}"
11,What is the relationship between the Wigner function and the density matrix operator?,A,A,A,A,"{
  ""reasoning"": ""The question asks about the mathematical relationship between the Wigner function and the density matrix operator. From quantum statistical mechanics, the Wigner function is defined as the Wigner transform (a Fourier transform) of the density matrix, and expectation values are given by phase-space integrals involving the Wigner function, matching option A."",
  ""answer"": ""A""
}","{
  ""reasoning"": ""The question asks about the mathematical relationship between the Wigner function and the density matrix operator. The background mentions the Wigner transport equation as the basis for Wigner-based quantum correction, which implies a phase-space formulation connecting the density matrix to a quasi-probability distribution. Among the options, only A correctly describes the Wigner function as the Wigner transform of the density matrix and relates operator traces to phase-space integrals."",
  ""answer"": ""A""
}","{
  ""reasoning"": ""The background mentions the Wigner transport equation as the basis for Wigner-based quantum correction. In quantum statistical mechanics, the Wigner function is indeed the Wigner–Weyl transform of the density matrix operator, and expectation values are computed via phase-space integrals involving the Wigner function, matching the description in option A."",
  ""answer"": ""A""
}"
12,What is one of the examples of the models proposed by cosmologists and theoretical physicists without the cosmological or Copernican principles that can be used to address specific issues in the Lambda-CDM model and distinguish between current models and other possible models?,C,C,C,C,"{
  ""reasoning"": ""The question asks for an example of a model that does not assume the cosmological or Copernican principles, addresses issues in Lambda-CDM, and helps distinguish between models. Among the options, inhomogeneous cosmology with a large void (Option C) explicitly contradicts the Copernican principle and is proposed as an alternative to dark energy, fitting the description."",
  ""answer"": ""C""
}","{
  ""reasoning"": ""The question asks for a model proposed without the cosmological or Copernican principles that addresses issues in Lambda-CDM and helps distinguish between models. Inhomogeneous cosmology, such as a large void model, challenges the assumption of homogeneity and isotropy, offering an alternative explanation for cosmic acceleration without dark energy, but violates the Copernican principle."",
  ""answer"": ""C""
}","{
  ""reasoning"": ""The question asks for a model that does not assume the cosmological or Copernican principles, addresses issues in Lambda-CDM, and helps distinguish between models. Inhomogeneous cosmology, specifically one with a large void, fits this description as it replaces dark energy with a void structure, matches observations like acceleration, but violates the Copernican principle by placing us in a special location."",
  ""answer"": ""C""
}"
13,What is the Roche limit?,D,E,E,E,"{
  ""reasoning"": ""The Roche limit is defined in the background as the distance at which a large object is so close to a planet that the planet's tidal forces will pull it apart. This matches the description of tidal forces overcoming the object's self-gravity, which depends on the object's density and the planet's mass."",
  ""answer"": ""E""
}","{
  ""reasoning"": ""The background mentions the Roche limit in the context of Saturn's rings, where it is defined as the distance at which a large object close to a planet will be pulled apart by tidal forces. This matches the concept of differential gravitational force overcoming the object's self-gravity or internal cohesion."",
  ""answer"": ""E""
}","{
  ""reasoning"": ""The background mentions the Roche limit in the context of Saturn's rings, stating it is the distance at which a large object is so close to a planet that the planet's tidal forces will pull it apart. This matches the concept of tidal disruption due to differential gravitational forces overcoming the object's self-gravity."",
  ""answer"": ""E""
}"
14,What is Martin Heidegger's view on the relationship between time and human existence?,B,B,B,B,"{
  ""reasoning"": ""The background explicitly states: 'According to Martin Heidegger we do not exist inside time, we are time.' It further explains that the past exists in the present as an awareness of having been, and the future exists in the present as anticipation of possibilities. This directly matches option B."",
  ""answer"": ""B""
}","{
  ""reasoning"": ""The background explicitly states that according to Martin Heidegger, 'we do not exist inside time, we are time.' It further explains that the past exists in the present as an awareness of having been, and the future exists in the present as anticipation of possibilities."",
  ""answer"": ""B""
}","{
  ""reasoning"": ""The background explicitly states Heidegger's view: 'we do not exist inside time, we are time.' It further explains that the past exists in the present as an awareness of having been, and the future exists in the present as anticipation of possibilities. This matches option B precisely."",
  ""answer"": ""B""
}"
15,"What is the ""ultraviolet catastrophe""?",B,D,D,D,"{
  ""reasoning"": ""The ultraviolet catastrophe refers to a historical failure of classical physics to correctly predict the spectrum of blackbody radiation at high frequencies (short wavelengths). It was resolved by Planck's quantum hypothesis, which introduced the idea of energy quantization."",
  ""answer"": ""D""
}","{
  ""reasoning"": ""The ultraviolet catastrophe refers to a historical problem in classical physics where the Rayleigh-Jeans law predicted infinite energy radiation at high frequencies (ultraviolet range), which contradicted experimental observations. This flaw was resolved by Planck's quantum theory, which correctly described blackbody radiation."",
  ""answer"": ""D""
}","{
  ""reasoning"": ""The ultraviolet catastrophe refers to a historical problem in classical physics where the Rayleigh-Jeans law predicted infinite energy radiation at high frequencies (ultraviolet wavelengths), which contradicted experimental observations. This flaw demonstrated the failure of classical mechanics to correctly describe blackbody radiation and led to the development of quantum theory."",
  ""answer"": ""D""
}"
16,What is the most popular explanation for the shower-curtain effect?,E,E,E,E,"{
  ""reasoning"": ""The shower-curtain effect is a fluid dynamics phenomenon. Bernoulli's principle, which states that an increase in fluid speed occurs simultaneously with a decrease in pressure, is the most commonly cited explanation for the curtain being pulled inward due to the moving air and water inside the shower."",
  ""answer"": ""E""
}","{
  ""reasoning"": ""The background mentions that the shower-curtain effect has been discussed in Scientific American with several theories but no definite conclusion. Among the options, Bernoulli's principle is commonly cited in popular explanations as the moving water and air inside the shower create a region of lower pressure, drawing the curtain inward."",
  ""answer"": ""E""
}","{
  ""reasoning"": ""The background notes the shower-curtain effect is often discussed in physics, with several theories but no definite conclusion. Among common explanations, Bernoulli's principle (lower pressure where air flows faster) is frequently cited to explain why the curtain moves inward due to air currents inside the shower."",
  ""answer"": ""E""
}"
17,What is the butterfly effect?,E,E,E,E,"{
  ""reasoning"": ""The background explicitly defines the butterfly effect in chaos theory as 'the sensitive dependence on initial conditions in which a small change in one state of a deterministic nonlinear system can result in large differences in a later state.' None of the options directly quote this, but option E captures its essence as a phenomenon illustrating a difference in causal notions, contrasting physical causality with more general philosophical causality like Mackie's INUS conditions."",
  ""answer"": ""E""
}","{
  ""reasoning"": ""The background explicitly defines the butterfly effect as 'the sensitive dependence on initial conditions in which a small change in one state of a deterministic nonlinear system can result in large differences in a later state.' None of the options directly quote this, but option E best captures the conceptual shift in causality—contrasting classical physics with a more nuanced view like INUS conditions—implied by such sensitivity to initial conditions in nonlinear systems."",
  ""answer"": ""E""
}","{
  ""reasoning"": ""The background explicitly defines the butterfly effect as 'the sensitive dependence on initial conditions in which a small change in one state of a deterministic nonlinear system can result in large differences in a later state.' This is a concept from chaos theory, not classical Newtonian physics, and it illustrates how causality in complex systems differs from simple linear cause-effect relationships."",
  ""answer"": ""E""
}"
18,What is the 'reactive Leidenfrost effect' observed in non-volatile materials?,A,A,A,A,"{
  ""reasoning"": ""The background describes the Leidenfrost effect as involving a vapor layer that levitates a liquid droplet above a hot surface. The 'reactive Leidenfrost effect' extends this concept to solid non-volatile particles, where they float and move erratically on a hot surface due to outgassing or reaction-produced vapor, not sinking or involving cold surfaces."",
  ""answer"": ""A""
}","{
  ""reasoning"": ""The question asks about the 'reactive Leidenfrost effect' specifically for non-volatile materials. The background discusses the classic Leidenfrost effect for volatile liquids (like water) where a vapor layer causes levitation on hot surfaces. For non-volatile solids, an analogous effect involves solid particles floating and moving erratically above a hot surface due to outgassing or sublimation, not sinking or occurring on cold surfaces."",
  ""answer"": ""A""
}","{
  ""reasoning"": ""The background mentions that the Leidenfrost effect involves a vapor layer causing levitation of droplets on a hot surface, and that it can also occur with cryogenic liquids on a colder surface. The 'reactive Leidenfrost effect' for non-volatile materials would logically extend this to solid particles floating and moving erratically on a hot surface, not sinking or on cold surfaces."",
  ""answer"": ""A""
}"
19,What is reciprocal length or inverse length?,E,E,E,E,"{
  ""reasoning"": ""The question asks for the definition of 'reciprocal length' or 'inverse length.' From the background, we see that terms like 'inverse' and 'reciprocal' denote a mathematical reciprocal relationship, such as pitch and TPI being inverses similar to period and frequency. Therefore, reciprocal length should logically be the reciprocal of length."",
  ""answer"": ""E""
}","{
  ""reasoning"": ""The term 'reciprocal length' or 'inverse length' directly indicates it is the reciprocal of a length measurement, not of time, area, mass, or interest rate. This concept is commonly used in fields like physics (e.g., wave numbers in spectroscopy) and mathematics, with units such as m⁻¹ or cm⁻¹."",
  ""answer"": ""E""
}","{
  ""reasoning"": ""The question asks for the definition of reciprocal or inverse length, which by its name implies it is the reciprocal of length. The background mentions that pitch and TPI are inverses similar to period and frequency, reinforcing that inverse length would be 1/length. Among the options, only E correctly identifies it as the reciprocal of length with appropriate units like m⁻¹."",
  ""answer"": ""E""
}"
20,Which of the following statements is true about the categorization of planetary systems according to their orbital dynamics?,D,D,D,D,"{
  ""reasoning"": ""The background does not explicitly list categories of planetary systems, but general knowledge of orbital dynamics indicates that systems are often classified by their gravitational interactions. Resonant systems have planets in orbital resonances, non-resonant-interacting systems have planets that interact without resonances, and hierarchical systems have widely separated orbits. The number of planets is not the sole basis for categorization, supporting a broader classification."",
  ""answer"": ""D""
}","{
  ""reasoning"": ""The background does not explicitly list categories of planetary systems by orbital dynamics, but the discussion of planetesimal-driven migration in multiple planet systems implies that orbital dynamics involve interactions like resonances and hierarchical arrangements. Resonant and non-resonant-interacting systems are mentioned, and hierarchical structures are implied by divergent orbits and angular momentum exchanges. Thus, a combination of these categories is plausible."",
  ""answer"": ""D""
}","{
  ""reasoning"": ""The background does not explicitly list categories of planetary systems by orbital dynamics, but general knowledge in planetary science indicates that systems are often classified by their orbital architectures, such as resonant (planets in mean-motion resonances), non-resonant but gravitationally interacting, hierarchical (with widely separated orbits), or mixtures of these. The options must be evaluated based on plausibility and completeness."",
  ""answer"": ""D""
}"
21,What is the propagation constant in sinusoidal waves?,D,E,E,E,"{
  ""reasoning"": ""The background states that the propagation constant measures the change per unit length in amplitude and phase as the wave propagates. In sinusoidal electromagnetic waves, it is a complex quantity where the real part relates to attenuation (amplitude change) and the imaginary part to phase change, and it is defined per unit length, so it remains constant with distance for a given medium."",
  ""answer"": ""E""
}","{
  ""reasoning"": ""The background states that the propagation constant measures the change per unit length in amplitude and phase as a wave propagates. In sinusoidal electromagnetic waves, it is a complex quantity (with real part for attenuation and imaginary part for phase shift) that is defined per unit length, so it remains constant with distance for a given medium and frequency."",
  ""answer"": ""E""
}","{
  ""reasoning"": ""The background states that the propagation constant measures the change per unit length in amplitude and phase as a wave propagates. In sinusoidal electromagnetic waves, it is a complex number (with attenuation and phase components) that is defined per unit length and does not itself vary with distance; it is a property of the medium and frequency."",
  ""answer"": ""E""
}"
22,What is the gravitomagnetic interaction?,C,C,C,C,"{
  ""reasoning"": ""The background text does not directly define gravitomagnetic interaction, but it discusses gravitation in the context of general relativity and mentions phenomena related to rotating matter and gravitational waves. Among the options, only C aligns with known physics: in general relativity, rotating mass generates a 'gravitomagnetic' field analogous to magnetism in electromagnetism, with strength proportional to angular momentum."",
  ""answer"": ""C""
}","{
  ""reasoning"": ""The background does not explicitly define gravitomagnetism, but the question asks about the gravitomagnetic interaction in the context of general relativity. Gravitomagnetism is a well-known effect in general relativity where rotating mass generates a field analogous to magnetism, with strength proportional to angular momentum."",
  ""answer"": ""C""
}","{
  ""reasoning"": ""The question asks about gravitomagnetism, which is a phenomenon predicted by general relativity where rotating mass generates a field analogous to magnetism in electromagnetism. The correct description should align with general relativity's prediction that rotating matter produces a gravitomagnetic field proportional to its angular momentum."",
  ""answer"": ""C""
}"
23,What did Newton's manuscripts of the 1660s show?,C,C,C,C,"{
  ""reasoning"": ""The background states that Newton's 1660s manuscripts show he combined tangential and radial displacements, which relates to combining tangential motion with radially directed force. It also notes that he had proofs of an inverse-square relation for centrifugal force by 1669, before his correspondence with Hooke. The option that matches this description is the one stating he combined tangential motion with the effects of radially directed force or endeavour and expressed linear inertia."",
  ""answer"": ""C""
}","{
  ""reasoning"": ""The background states that Newton's manuscripts from the 1660s show he had proofs involving the combination of tangential and radial displacements, which relate to tangential motion and radially directed force (centrifugal or centripetal). It also notes that his later correspondence with Hooke did not change his earlier analysis, and he already had the inverse-square relation for circular planetary motion by 1669."",
  ""answer"": ""C""
}","{
  ""reasoning"": ""The background states that Newton's 1660s manuscripts show he was combining tangential and radial displacements to compute planetary motion, and that he had arrived at an inverse-square relation for centrifugal force by 1669. This matches an option describing Newton combining tangential motion with radially directed force or endeavour."",
  ""answer"": ""C""
}"
24,What is the decay energy for the free neutron decay process?,E,E,E,E,"{
  ""reasoning"": ""The background states that if a neutron turns into a proton and the decay energy is less than 0.782343 MeV, the binding energy per nucleon decreases. This value (0.782343 MeV) is explicitly given as the mass difference between a neutron and a proton multiplied by c², which corresponds to the minimum energy release in such a transformation. For free neutron decay, the actual decay energy is slightly higher due to the electron and antineutrino sharing the available energy, but the key mass‑difference value provided is 0.782343 MeV."",
  ""answer"": ""E""
}","{
  ""reasoning"": ""The background mentions that if a neutron turns into a proton and the decay energy is less than 0.782343 MeV, the average binding energy per nucleon will decrease. This value corresponds to the mass difference between a neutron and a proton multiplied by c², which is the Q-value for free neutron decay."",
  ""answer"": ""E""
}","{
  ""reasoning"": ""The background mentions that if a neutron turns into a proton and the decay energy is less than 0.782343 MeV, the binding energy per nucleon can decrease. This value corresponds to the mass difference between a neutron and a proton (plus an electron) multiplied by c², which is the Q-value for free neutron decay. The exact value given in the context is 0.782343 MeV."",
  ""answer"": ""E""
}"
25,What is Hesse's principle of transfer in geometry?,E,E,E,E,"{
  ""reasoning"": ""The question asks about Hesse's principle of transfer specifically in geometry. Among the options, only E describes a geometric concept involving projective geometry and rational normal curves, which aligns with known mathematical principles attributed to Hesse."",
  ""answer"": ""E""
}","{
  ""reasoning"": ""The background context does not mention Hesse's principle of transfer, but the question asks specifically about its meaning in geometry. Among the options, only E describes a geometric principle involving projective geometry and transformations, which aligns with known mathematical concepts attributed to mathematicians like Otto Hesse."",
  ""answer"": ""E""
}","{
  ""reasoning"": ""The question asks about Hesse's principle of transfer specifically in geometry. Among the options, only E describes a geometric concept involving projective geometry and rational normal curves, which aligns with known mathematical principles attributed to Otto Hesse."",
  ""answer"": ""E""
}"
26,What is the relationship between the Cauchy momentum equation and the Navier-Stokes equation?,A,A,A,A,"{
  ""reasoning"": ""The Cauchy momentum equation is the most general form of the momentum equation for a continuum, derived from conservation of linear momentum without specifying the nature of the stress tensor. The Navier-Stokes equations are obtained by substituting a constitutive relation for a Newtonian fluid (stress proportional to strain rate) into the Cauchy equation, often with additional assumptions like constant density and viscosity."",
  ""answer"": ""A""
}","{
  ""reasoning"": ""The Cauchy momentum equation is the most general form of the momentum equation for a continuum, derived from conservation of linear momentum without specifying the material's constitutive behavior. The Navier-Stokes equations are obtained by substituting the Newtonian fluid constitutive relation (stress proportional to strain rate) into the Cauchy momentum equation, often with additional assumptions like constant density and viscosity."",
  ""answer"": ""A""
}","{
  ""reasoning"": ""The Cauchy momentum equation is the most general form of the momentum equation for a continuum, derived from conservation of momentum and valid for any continuous material. The Navier-Stokes equations are obtained by substituting a specific constitutive relation (Newtonian fluid) into the Cauchy momentum equation, often with assumptions like constant density and viscosity."",
  ""answer"": ""A""
}"
27,What is X-ray pulsar-based navigation (XNAV)?,D,D,D,D,"{
  ""reasoning"": ""The question asks about X-ray pulsar-based navigation (XNAV), which is not explicitly detailed in the background, but the background emphasizes X-ray astronomy and detection of X-rays from celestial objects like pulsars. Pulsars are known to emit periodic X-ray signals, and XNAV typically uses these signals for deep-space navigation, not radio signals or satellites."",
  ""answer"": ""D""
}","{
  ""reasoning"": ""The question asks about X-ray pulsar-based navigation (XNAV). The background mentions X-ray astronomy detectors and deep space exploration, but does not explicitly define XNAV. However, from general knowledge, XNAV is known to use X-ray signals from pulsars (not radio signals or satellites) for deep-space navigation, which matches one of the options."",
  ""answer"": ""D""
}","{
  ""reasoning"": ""The question asks about X-ray pulsar-based navigation (XNAV), which is a real navigation method for spacecraft. The background context emphasizes X-ray astronomy and detectors for celestial X-ray sources, including pulsars, which are known to emit periodic X-ray signals. The correct option should specify X-ray signals from pulsars for deep space navigation."",
  ""answer"": ""D""
}"
28,What is the evidence for the existence of a supermassive black hole at the center of the Milky Way galaxy?,E,E,E,E,"{
  ""reasoning"": ""The question asks for evidence of the Milky Way's supermassive black hole, which is Sagittarius A*. The correct evidence involves precise orbital tracking of stars like S2, yielding a mass of ~4 million solar masses confined within a tiny volume, ruling out other objects. Option E accurately describes S2's orbit, mass estimate, and size constraints from S14 observations."",
  ""answer"": ""E""
}","{
  ""reasoning"": ""The question asks for the specific evidence for the supermassive black hole at the Milky Way's center, which is Sagittarius A*. The strongest evidence comes from tracking stellar orbits, particularly star S2, to determine the mass and size constraints of the central object. The correct option should accurately describe S2's orbital parameters and the derived mass and size limits that imply a black hole."",
  ""answer"": ""E""
}","{
  ""reasoning"": ""The evidence for the supermassive black hole at the Milky Way's center comes from tracking stellar orbits, particularly star S2, which has a short-period, highly elliptical orbit around Sagittarius A*. The mass derived from its motion is about 4 million solar masses confined within a radius smaller than its pericenter, which is only possible for a black hole."",
  ""answer"": ""E""
}"
29,What is the function of the fibrous cardiac skeleton?,C,C,C,C,"{
  ""reasoning"": ""The question asks about the function of the fibrous cardiac skeleton. The background explicitly states that it is composed of dense connective tissue rings that encircle the AV canals and extend to the great vessels, providing support, anchoring valves, and electrically isolating atria from ventricles. This matches the structural and separative role described in option C."",
  ""answer"": ""C""
}","{
  ""reasoning"": ""The background states that the cardiac skeleton is made of dense connective tissue rings that encircle the AV canals and extend to the great vessels, providing support, anchoring valves, and electrically isolating atria from ventricles. Among the options, only C accurately describes its structural and valvular support role."",
  ""answer"": ""C""
}","{
  ""reasoning"": ""The question asks about the function of the fibrous cardiac skeleton. The background explicitly states that it is made of dense connective tissue rings that encircle the AV canals and extend to the great vessels, providing support, anchoring valves, and electrically isolating the atria from the ventricles. Among the options, only C accurately describes these structural and supportive roles."",
  ""answer"": ""C""
}"
30,What is the Carnot engine?,B,B,B,B,"{
  ""reasoning"": ""The Carnot engine is a theoretical construct in thermodynamics that defines the maximum possible efficiency any heat engine can achieve when operating between two temperatures. It operates on a reversible Carnot cycle, which is an idealized process that must be carried out infinitely slowly (quasi-statically) to avoid losses from irreversibilities."",
  ""answer"": ""B""
}","{
  ""reasoning"": ""The Carnot engine is a theoretical construct in thermodynamics that defines the maximum possible efficiency any heat engine can achieve when operating between two temperatures. It is an ideal reversible engine operating infinitely slowly in a quasi-static manner, not a real engine."",
  ""answer"": ""B""
}","{
  ""reasoning"": ""The Carnot engine is a theoretical construct in thermodynamics that defines the maximum possible efficiency any heat engine can achieve when operating between two temperatures. It operates on a reversible Carnot cycle, which requires quasi-static (infinitely slow) processes to avoid irreversible losses."",
  ""answer"": ""B""
}"
31,Which mathematical function is commonly used to characterize linear time-invariant systems?,E,E,E,E,"{
  ""reasoning"": ""The background discusses linear systems, state-space representation, and frequency-domain analysis. Linear time-invariant (LTI) systems are characterized in classical control theory by their transfer function, which relates the output to the input in the frequency domain."",
  ""answer"": ""E""
}","{
  ""reasoning"": ""The background discusses linear systems, state-space representation, and frequency-domain analysis. Linear time-invariant (LTI) systems are typically characterized in the frequency domain by their transfer function, which relates the output to the input via Laplace or Fourier transforms."",
  ""answer"": ""E""
}","{
  ""reasoning"": ""The background discusses time-domain state space representation and frequency-domain analysis for linear systems. Linear time-invariant (LTI) systems are typically characterized in the frequency domain by their transfer function, which relates the output to the input via Laplace or Fourier transforms."",
  ""answer"": ""E""
}"
32,What is the second law of thermodynamics?,E,E,E,E,"{
  ""reasoning"": ""The second law of thermodynamics fundamentally introduces entropy and restricts possible processes even when energy is conserved. Among the options, only E correctly identifies entropy as a key property and notes that the law forbids certain processes that would otherwise satisfy the first law."",
  ""answer"": ""E""
}","{
  ""reasoning"": ""The second law of thermodynamics fundamentally introduces entropy and restricts possible processes even when energy is conserved. It states that the total entropy of an isolated system never decreases over time, tending toward a maximum at equilibrium."",
  ""answer"": ""E""
}","{
  ""reasoning"": ""The second law of thermodynamics fundamentally introduces entropy and restricts possible processes even when energy is conserved. Among the options, only E correctly identifies that it establishes entropy as a physical property and uses it to predict forbidden processes, aligning with the background's emphasis on entropy and its role."",
  ""answer"": ""E""
}"
33,"What are amorphous ferromagnetic metallic alloys, and what are their advantages?",D,D,D,D,"{
  ""reasoning"": ""The background mentions that metallic glasses (amorphous metals) have special magnetic properties like low magnetization loss used in high-efficiency transformers. Amorphous ferromagnetic alloys are non-crystalline, typically produced by rapid cooling of a liquid to avoid crystallization, and their isotropic structure gives them soft magnetic properties like low coercivity and hysteresis loss."",
  ""answer"": ""D""
}","{
  ""reasoning"": ""The background mentions 'amorphous steel' and 'metallic glasses' as having special magnetic properties, particularly low magnetization loss, used in high-efficiency transformers. Amorphous materials are non-crystalline, typically formed by rapid cooling of a liquid to prevent crystallization, and their isotropic structure leads to soft magnetic properties like low coercivity and hysteresis loss."",
  ""answer"": ""D""
}","{
  ""reasoning"": ""The question asks about amorphous ferromagnetic metallic alloys and their advantages. From the background, amorphous metallic glasses are mentioned in the context of magnetic properties, specifically low magnetization loss used in high-efficiency transformers. Amorphous materials are non-crystalline, typically formed by rapid cooling of a liquid, and their isotropic nature leads to favorable soft magnetic properties."",
  ""answer"": ""D""
}"
34,What is the Penrose process?,C,C,C,C,"{
  ""reasoning"": ""The question asks about the Penrose process, which is a physics concept related to extracting energy from a rotating black hole. The correct description involves the ergosphere (not the event horizon) and results in the object gaining energy at the expense of the black hole's rotational energy, slowing its spin."",
  ""answer"": ""C""
}","{
  ""reasoning"": ""The Penrose process is a known concept in astrophysics related to extracting energy from a rotating black hole. The correct description involves objects entering the ergosphere (not the event horizon) and emerging with more energy by taking rotational energy from the black hole, which slows its rotation."",
  ""answer"": ""C""
}","{
  ""reasoning"": ""The Penrose process is a well-known concept in astrophysics related to rotating black holes. It involves extracting energy from a black hole's ergosphere (not the event horizon) by having an object split such that one part escapes with more energy than the original, slowing the black hole's rotation."",
  ""answer"": ""C""
}"
35,What was the aim of the Gravity Probe B (GP-B) mission?,B,B,B,B,"{
  ""reasoning"": ""The background mentions Gravity Probe B's mission timeline and its scientific context. Gravity Probe B was a satellite experiment designed to test two predictions of general relativity: the geodetic effect (warping of spacetime around Earth) and frame-dragging (gravitomagnetism)."",
  ""answer"": ""B""
}","{
  ""reasoning"": ""The background mentions Gravity Probe B's mission timeline and experimental campaign, but the specific aim is not detailed. However, from general knowledge, GP-B was designed to test two predictions of general relativity: the geodetic effect (de Sitter precession) and frame-dragging (gravitomagnetism) by measuring spacetime curvature near Earth."",
  ""answer"": ""B""
}","{
  ""reasoning"": ""The background mentions Gravity Probe B in the context of measuring spacetime curvature, and the mission is known for testing predictions of general relativity. Among the options, B and D refer to effects GP-B was designed to measure: gravitomagnetism (frame-dragging) and geodetic precession. However, the mission's primary aim was to measure both effects, with gravitomagnetism being a key focus."",
  ""answer"": ""B""
}"
36,What was Pierre de Fermat's solution to the problem of refraction?,E,E,E,E,"{
  ""reasoning"": ""The background mentions Fermat's principle as 'light travels between two given points along the path of shortest time.' The correct option must reflect that resistance is inversely proportional to speed (so less resistance means higher speed) and that light travels more slowly in the denser medium to yield Snell's law."",
  ""answer"": ""E""
}","{
  ""reasoning"": ""The background mentions Fermat's principle as 'light travels between two given points along the path of shortest time.' This implies that Fermat considered the path of least time, not directly least resistance, but the question frames it as a 'resistance' concept. Historically, Fermat's principle correctly predicts Snell's law when light travels slower in a denser medium, and resistance is inversely proportional to speed."",
  ""answer"": ""E""
}","{
  ""reasoning"": ""The background mentions Fermat's principle of least time for refraction, stating light travels along the path of shortest time. For the law of refraction (Snell's law) to hold, light must travel more slowly in a denser medium, and resistance is inversely proportional to speed (since less speed means more time, i.e., more resistance). The correct option should reflect that light takes the path of least time with resistance inversely proportional to speed and slower speed in denser media."",
  ""answer"": ""E""
}"
37,What is the reason behind the adoption of a logarithmic scale of 5√100 ≈ 2.512 between magnitudes in astronomy?,A,A,A,A,"{
  ""reasoning"": ""The background mentions that the AB magnitude system uses a logarithm of spectral flux density with a scaling factor of -2.5, which corresponds to a factor of 100 in brightness for a difference of 5 magnitudes. This matches the definition that each magnitude step corresponds to a brightness ratio of the fifth root of 100 (≈2.512)."",
  ""answer"": ""A""
}","{
  ""reasoning"": ""The question refers to the logarithmic scale used in astronomy for apparent magnitude, which relates to brightness. The background mentions the AB magnitude system, which uses a logarithm with a scaling factor of 2.5, where a difference of 5 magnitudes corresponds to a factor of 100 in flux density. This matches the historical definition of the magnitude scale."",
  ""answer"": ""A""
}","{
  ""reasoning"": ""The background mentions the AB magnitude system, which is defined as a logarithmic measure of spectral flux density. In astronomy, magnitude scales are logarithmic to compress the vast range of stellar brightness into a manageable scale, with a difference of 5 magnitudes corresponding to a brightness ratio of 100."",
  ""answer"": ""A""
}"
38,What is the spin quantum number?,E,E,E,E,"{
  ""reasoning"": ""The spin quantum number is an intrinsic property of particles related to their angular momentum. From the background, it is described as the quantum number for intrinsic angular momentum, and it is dimensionless because it is the spin angular momentum divided by ħ, which has dimensions of angular momentum."",
  ""answer"": ""E""
}","{
  ""reasoning"": ""The spin quantum number is an intrinsic property of particles, not a measure of spatial distance, size, charge, or rotational speed. It quantizes the spin angular momentum in units of the reduced Planck constant ħ, making it a dimensionless quantity."",
  ""answer"": ""E""
}","{
  ""reasoning"": ""The spin quantum number is an intrinsic property of particles related to their angular momentum. It quantizes the magnitude of spin angular momentum, not physical attributes like distance, size, charge, or rotational speed."",
  ""answer"": ""E""
}"
39,What is the synapstor or synapse transistor?,E,B,E,D,"{
  ""reasoning"": ""The background states that a synaptic transistor 'optimizes its own properties for the functions it has carried out in the past' and mimics 'spike-timing-dependent plasticity (STDP),' which involves activity-dependent changes in synaptic strength. STDP typically involves long-term potentiation (LTP) with activity-based weakening or forgetting, aligning with long-term potentiation and activity-based forgetting."",
  ""answer"": ""B""
}","{
  ""reasoning"": ""The background states that a synaptic transistor 'optimizes its own properties for the functions it has carried out in the past' and mimics spike-timing-dependent plasticity (STDP), which involves activity-dependent changes in synaptic strength. This implies learning through activity-based modification, and 'inactivity-based forgetting' aligns with synaptic decay when not used."",
  ""answer"": ""E""
}","{
  ""reasoning"": ""The background mentions a synaptic transistor as an electrical device that mimics spike-timing-dependent plasticity (STDP), which involves changes in synaptic strength based on activity timing. STDP typically involves both potentiation (strengthening) and depression (weakening) depending on precise spike timing, but the question asks about 'synapstor' or 'synapse transistor' specifically in terms of learning and forgetting. Among the options, only one describes a neuro-inspired circuit with short-term potentiation for learning and activity-based forgetting, which aligns with STDP-like mechanisms where activity drives changes."",
  ""answer"": ""D""
}"
40,What is spontaneous symmetry breaking?,E,E,E,E,"{
  ""reasoning"": ""The background explicitly states: 'Spontaneous symmetry breaking When the Hamiltonian of a system (or the Lagrangian) has a certain symmetry, but the vacuum does not, then one says that spontaneous symmetry breaking (SSB) has taken place.' This matches the scenario where the action (or Hamiltonian/Lagrangian) has a symmetry, but the vacuum state violates it. In such cases, a non-invariant operator acquires a nonzero vacuum expectation value."",
  ""answer"": ""E""
}","{
  ""reasoning"": ""The background explicitly states: 'Spontaneous symmetry breaking When the Hamiltonian of a system (or the Lagrangian) has a certain symmetry, but the vacuum does not, then one says that spontaneous symmetry breaking (SSB) has taken place.' This directly matches the definition where the action (Lagrangian/Hamiltonian) has a symmetry, but the vacuum state violates it. In SSB, a non-invariant operator acquires a nonzero vacuum expectation value."",
  ""answer"": ""E""
}","{
  ""reasoning"": ""The background explicitly defines spontaneous symmetry breaking as when the Hamiltonian or Lagrangian has a certain symmetry, but the vacuum does not. Among the options, only those where the action has a symmetry but the vacuum violates it match this definition, and the standard signature is a nonzero vacuum expectation value of a non-invariant operator."",
  ""answer"": ""E""
}"
41,What is the proper distance for a redshift of 8.2?,C,C,A,A,"{
  ""reasoning"": ""The background context is entirely about mathematical structures like E8 lattice, Gosset graph, and 8-dimensional spaces, but the question asks for the proper distance corresponding to a cosmological redshift of 8.2. None of the background information is relevant to cosmology or proper distance calculations, so the answer must rely on external knowledge. In standard ΛCDM cosmology with typical parameters (H0 ≈ 70 km/s/Mpc, Ωm ≈ 0.3, ΩΛ ≈ 0.7), the proper distance at z = 8.2 is roughly 30 billion light-years (~9.2 Gpc)."",
  ""answer"": ""C""
}","{
  ""reasoning"": ""The background context does not provide any cosmological formulas or data to compute proper distance from redshift; the question appears to be from astronomy/cosmology, not from the given material. Without relevant information in the background, I cannot calculate the proper distance for z = 8.2."",
  ""answer"": ""A""
}","{
  ""reasoning"": ""The background context is entirely about mathematical structures like E8 lattices, Lie algebras, and geometry, but does not contain any cosmological formulas or data for computing proper distance from redshift. Proper distance at a given redshift depends on cosmological parameters (H0, Ωm, ΩΛ) and requires integration over the scale factor, which is not provided. Without relevant cosmological information in the background, the question cannot be answered from the given material."",
  ""answer"": ""A""
}"
42,Who was the first to determine the velocity of a star moving away from the Earth using the Doppler effect?,B,B,B,B,"{
  ""reasoning"": ""The question asks about the first use of the Doppler effect to measure a star's radial velocity (motion away from Earth). Historical records indicate that in 1868, William Huggins was the first to apply Doppler's principle to starlight, measuring the radial velocity of Sirius by observing shifts in its spectral lines."",
  ""answer"": ""B""
}","{
  ""reasoning"": ""The question asks about the first use of the Doppler effect to measure a star's radial velocity (recession from Earth). Historical accounts credit William Huggins with first applying Doppler's principle to stellar spectra in 1868 to measure the radial velocity of Sirius."",
  ""answer"": ""B""
}","{
  ""reasoning"": ""The question asks about the first determination of a star's recessional velocity using the Doppler effect. While Hippolyte Fizeau proposed in 1848 that Doppler shifts could be applied to starlight, the first actual measurement of a star's radial velocity via spectroscopy was made later. Historical records credit William Huggins in 1868 for measuring the radial velocity of Sirius using the Doppler shift."",
  ""answer"": ""B""
}"
43,What is the information loss paradox in black holes?,C,C,C,C,"{
  ""reasoning"": ""The information loss paradox arises because classical black holes are described only by mass, charge, and angular momentum (no-hair theorem), so details of infalling matter seem lost. Hawking radiation appears thermal and unrelated to that information, suggesting permanent loss upon evaporation, contradicting quantum unitarity."",
  ""answer"": ""C""
}","{
  ""reasoning"": ""The information loss paradox arises because classical black holes are described only by mass, charge, and angular momentum (no-hair theorem), meaning most detailed information about infalling matter is lost. Hawking radiation appears thermal and random, so when the black hole evaporates, the information seems irretrievably lost, violating quantum mechanics."",
  ""answer"": ""C""
}","{
  ""reasoning"": ""The black hole information paradox arises because classical black holes are described only by mass, charge, and angular momentum ('no-hair theorem'), meaning most detailed information about infalling matter is lost. However, quantum mechanics requires unitarity and information conservation, so when black holes evaporate via Hawking radiation, the apparent loss of information creates a contradiction."",
  ""answer"": ""C""
}"
44,What is the Kutta condition?,A,A,A,A,"{
  ""reasoning"": ""The Kutta condition is a principle in aerodynamics that ensures a physically realistic flow pattern around an airfoil. It specifically requires that the flow from the upper and lower surfaces meets smoothly at the trailing edge, avoiding infinite velocities and selecting a unique circulation value."",
  ""answer"": ""A""
}","{
  ""reasoning"": ""The Kutta condition is a principle in aerodynamics that selects a unique circulation value for potential flow around an airfoil. It ensures the flow leaves the trailing edge smoothly, avoiding infinite velocities at the sharp edge."",
  ""answer"": ""A""
}","{
  ""reasoning"": ""The Kutta condition is a principle in aerodynamics that ensures a physically realistic flow at the trailing edge of an airfoil. It states that the flow from the upper and lower surfaces must meet smoothly at the trailing edge, avoiding infinite velocities or flow wrapping around it."",
  ""answer"": ""A""
}"
45,What is classical mechanics?,A,A,A,A,"{
  ""reasoning"": ""The background consistently describes classical mechanics as dealing with macroscopic bodies, motion, forces, and traditional Newtonian laws, excluding quantum theory and microscopic particles. Option A matches this by specifying macroscopic objects, concepts like mass and force, and a three-dimensional Euclidean framework."",
  ""answer"": ""A""
}","{
  ""reasoning"": ""The background repeatedly states that classical mechanics deals with the motion of bodies under forces, using Newton's laws, and includes sub-disciplines like statics, kinematics, and dynamics. It contrasts with quantum theory and is applied to macroscopic objects, not microscopic or subatomic particles."",
  ""answer"": ""A""
}","{
  ""reasoning"": ""The background repeatedly defines classical mechanics as dealing with macroscopic bodies and motion under forces, using Newton's laws, and includes subdisciplines like statics, dynamics, and kinematics. Option A correctly captures this by mentioning macroscopic objects, concepts like mass and force, and a three-dimensional Euclidean framework."",
  ""answer"": ""A""
}"
46,Who shared the other half of the Nobel Prize with Yoichiro Nambu for discovering the origin of the explicit breaking of CP symmetry in the weak interactions?,B,B,B,B,"{
  ""reasoning"": ""The background explicitly states that the other half of the 2008 Nobel Prize in Physics was shared by Makoto Kobayashi and Toshihide Maskawa for their work on CP symmetry breaking in weak interactions. This matches the question directly."",
  ""answer"": ""B""
}","{
  ""reasoning"": ""The background explicitly states that the other half of the 2008 Nobel Prize in Physics was shared by Makoto Kobayashi and Toshihide Maskawa for discovering the origin of the explicit breaking of CP symmetry in the weak interactions. This matches the question directly."",
  ""answer"": ""B""
}","{
  ""reasoning"": ""The background explicitly states that the other half of the 2008 Nobel Prize in Physics was shared by Makoto Kobayashi and Toshihide Maskawa for discovering the origin of the explicit breaking of CP symmetry in the weak interactions. This matches the question directly."",
  ""answer"": ""B""
}"
47,What are some models that attempt to account for all observations without invoking supplemental non-baryonic matter?,C,C,C,C,"{
  ""reasoning"": ""The question asks for models that explain observations without needing non-baryonic (dark) matter. Options A, B, D, and E are well-established physical laws or particles that do not primarily address dark matter alternatives. Option C lists theories like Modified Newtonian Dynamics (MOND) and others that modify gravity to account for galactic rotation curves without dark matter."",
  ""answer"": ""C""
}","{
  ""reasoning"": ""The question asks for models that explain astronomical observations without needing non-baryonic (dark) matter. The background mentions non-standard cosmology and alternative physics, but the specific models listed in the options that fit this description are those modifying gravity or dynamics instead of adding dark matter."",
  ""answer"": ""C""
}","{
  ""reasoning"": ""The question asks for models that explain astronomical observations without needing non-baryonic (dark) matter. Options A, B, D, and E refer to established physical effects or forces that do not specifically address this issue, while option C lists alternative gravity theories (MOND, TeVeS, entropic gravity) proposed to account for galaxy rotation curves and other phenomena without dark matter."",
  ""answer"": ""C""
}"
48,What is the purpose of the proximity-focusing design in a RICH detector?,D,D,D,D,"{
  ""reasoning"": ""The question asks about the purpose of a proximity-focusing design in a RICH (Ring Imaging Cherenkov) detector. RICH detectors are used in particle physics to identify particles via Cherenkov radiation, not Askaryan or Bremsstrahlung radiation. Proximity-focusing implies a short gap between the radiator and photon detector, so the light traverses a small distance."",
  ""answer"": ""D""
}","{
  ""reasoning"": ""The question asks about the purpose of the proximity-focusing design in a RICH (Ring Imaging Cherenkov) detector. RICH detectors are used in particle physics to identify particles via Cherenkov radiation, not Askaryan or Bremsstrahlung radiation. Proximity-focusing designs typically involve a short gap between the radiator and photon detector to allow Cherenkov photons to form a ring without extensive optics."",
  ""answer"": ""D""
}","{
  ""reasoning"": ""The question asks about the purpose of the proximity-focusing design in a RICH (Ring Imaging Cherenkov) detector. RICH detectors are used in particle physics to identify particles via Cherenkov radiation, not Askaryan or Bremsstrahlung radiation. Proximity-focusing designs typically involve a short gap between the radiator and photon detector to preserve the Cherenkov ring pattern."",
  ""answer"": ""D""
}"
49,What is a light-year?,B,B,B,B,"{
  ""reasoning"": ""A light-year is a measure of distance, not time, temperature, energy, or mass. It is defined as the distance light travels in vacuum in one Julian year, which is about 9.46 trillion kilometers."",
  ""answer"": ""B""
}","{
  ""reasoning"": ""The question asks for the definition of a light-year, which is a standard astronomical unit. The background context discusses various astronomical light phenomena but does not define a light-year, so general knowledge applies. A light-year is a unit of distance, not time, temperature, energy, or mass."",
  ""answer"": ""B""
}","{
  ""reasoning"": ""The question asks for the definition of a light-year. Although the background context discusses various astronomical light phenomena and measurement units, it does not define a light-year. The light-year is a standard astronomical unit of distance, not time, temperature, energy, or mass."",
  ""answer"": ""B""
}"
50,What is the main advantage of ferroelectric memristors?,B,B,B,B,"{
  ""reasoning"": ""The question asks about the main advantage of ferroelectric memristors. While the background does not explicitly mention memristors, it describes ferroelectric materials as having switchable electric dipoles used in memory (FeRAM) for low power, fast writes, and high endurance. Among the options, only B directly relates to tunable ferroelectric domain dynamics and electronic-based resistance changes, aligning with the reliability and engineering benefits of ferroelectric materials."",
  ""answer"": ""B""
}","{
  ""reasoning"": ""The question asks about the main advantage of ferroelectric memristors. The background highlights that ferroelectric materials allow tunable polarization and reliable switching due to electronic phenomena, not ionic movement, which enhances endurance and reliability."",
  ""answer"": ""B""
}","{
  ""reasoning"": ""The background highlights that ferroelectric materials allow stable electric dipoles to be oriented or reversed by an electric field, enabling non-volatile memory with high endurance and reliability. Among the options, only B describes a tunable response based on ferroelectric domain dynamics and purely electronic resistance changes, aligning with the reliability and engineering advantages of ferroelectric devices mentioned in the context."",
  ""answer"": ""B""
}"
51,What is the term used to describe the conduction that occurs in non-crystalline semiconductors by charges quantum tunnelling from one localised site to another?,E,E,E,E,"{
  ""reasoning"": ""The question asks about conduction in non-crystalline semiconductors via quantum tunneling between localized sites. This is a mechanism where carriers hop between localized states, and in disordered systems, the 'variable range hopping' model describes such temperature-dependent tunneling conduction over varying distances."",
  ""answer"": ""E""
}","{
  ""reasoning"": ""The question asks about conduction in non-crystalline semiconductors via quantum tunneling between localized sites. This mechanism is distinct from band transport in crystals and is commonly described as 'variable range hopping,' where carriers hop between localized states with a range that depends on temperature and distance."",
  ""answer"": ""E""
}","{
  ""reasoning"": ""The question asks about conduction in non-crystalline semiconductors via quantum tunneling between localized sites. This process is known as variable range hopping, a mechanism where charge carriers hop between localized states with varying distances and energies, especially in disordered or amorphous materials."",
  ""answer"": ""E""
}"
52,What is resistivity?,C,C,C,C,"{
  ""reasoning"": ""The background mentions resistance as the real part of impedance and resistivity in the context of a subsurface model, implying it is a fundamental material property. Resistivity is defined in physics as an intrinsic property independent of shape/size, measured in ohm-meters, and describes how strongly a material opposes current flow."",
  ""answer"": ""C""
}","{
  ""reasoning"": ""The background mentions resistance as the real part of impedance and resistivity in the context of a subsurface resistivity model, implying resistivity is a fundamental material property. Resistivity is defined in physics as an intrinsic property independent of shape or size, measured in ohm-meters, distinguishing it from resistance which depends on geometry and is measured in ohms."",
  ""answer"": ""C""
}","{
  ""reasoning"": ""Resistivity is a fundamental electrical property of a material itself, not influenced by its dimensions, which distinguishes it from resistance. The correct unit is ohm-meters, and it is an intrinsic property, not extrinsic or dependent on shape/size."",
  ""answer"": ""C""
}"
53,What did Newton adopt after his correspondence with Hooke in 1679-1680?,A,D,A,A,"{
  ""reasoning"": ""The background states that Hooke's 1679/80 correspondence provided Newton with an initial stimulus to extend his investigations of celestial motions. Hooke specifically mentioned 'compounding the celestial motions of the planetts of a direct motion by the tangent and an attractive motion towards the central body,' which involves tangential and radial components."",
  ""answer"": ""D""
}","{
  ""reasoning"": ""The background mentions that in 1679/80, Hooke wrote to Newton about 'compounding the celestial motions of the planets of a direct motion by the tangent and an attractive motion towards the central body.' This correspondence stimulated Newton to extend his investigations, leading him to adopt the concept of an attractive force toward a center, which is centripetal force."",
  ""answer"": ""A""
}","{
  ""reasoning"": ""The background states that Hooke's 1679/80 correspondence prompted Newton to extend his investigations of celestial motions, specifically mentioning Hooke's idea of 'compounding the celestial motions of the planetts of a direct motion by the tangent and an attractive motion towards the central body.' This suggests Newton adopted the concept of centripetal (inward) attraction."",
  ""answer"": ""A""
}"
54,What is the metallicity of Kapteyn's star estimated to be?,B,B,B,B,"{
  ""reasoning"": ""The background context explains that metallicity is measured relative to the Sun's [Fe/H] = 0.00, and that lower metallicity stars are bluer and emit more UV. Kapteyn's star is a very old, nearby red subdwarf known to have low metallicity, specifically about 8 times less than solar in iron abundance."",
  ""answer"": ""B""
}","{
  ""reasoning"": ""The background text explains that stellar metallicity is often measured relative to the Sun's metallicity, with the Sun's [Fe/H] defined as 0.00. Kapteyn's star is known from astronomical studies to be an old, metal-poor subdwarf with a metallicity significantly lower than the Sun's — specifically about -0.99 dex, meaning roughly 10 times less metal content than the Sun. Among the given options, '8 times less than the Sun' is the closest match to this known low metallicity."",
  ""answer"": ""B""
}","{
  ""reasoning"": ""The background context explains that stellar metallicity is measured relative to the Sun, with [Fe/H] = 0.00 for the Sun. Kapteyn's star is known from astronomical literature to be an old, metal-poor subdwarf with a metallicity roughly 8 times lower than solar, consistent with option B."",
  ""answer"": ""B""
}"
55,What is the SI base unit of time and how is it defined?,B,B,B,B,"{
  ""reasoning"": ""The background explicitly states that the SI base unit of time is the second, and it is defined by measuring the electronic transition frequency of caesium atoms. This directly matches one of the provided options."",
  ""answer"": ""B""
}","{
  ""reasoning"": ""The background explicitly states that the SI base unit of time is the second, and it is defined by measuring the electronic transition frequency of caesium atoms. This directly matches one of the provided options."",
  ""answer"": ""B""
}","{
  ""reasoning"": ""The background explicitly states that 'the SI base unit of time is the second, which is defined by measuring the electronic transition frequency of caesium atoms.' This matches one of the given options directly."",
  ""answer"": ""B""
}"
56,What is a planetary system?,C,C,C,C,"{
  ""reasoning"": ""The background mentions that within a planetary system, planets and other bodies orbit the system's barycenter, and that objects gravitationally bound to a star are part of that star's planetary system. This aligns with a definition focusing on gravitationally bound non-stellar objects orbiting a star or star system."",
  ""answer"": ""C""
}","{
  ""reasoning"": ""The background mentions that within a planetary system, planets, dwarf planets, asteroids, and other non-stellar objects orbit the system's barycenter, and that bodies gravitationally bound to a planet (like satellites) are part of that system. This implies a planetary system includes all gravitationally bound non-stellar objects orbiting a star or star system, not limited to planets alone."",
  ""answer"": ""C""
}","{
  ""reasoning"": ""The background mentions that within a planetary system, planets and other bodies orbit the system's barycenter, and that bodies gravitationally bound to planets (like moons) are part of that system. This implies a planetary system includes all gravitationally bound non-stellar objects orbiting a star or star system, not just planets."",
  ""answer"": ""C""
}"
57,What is the result of the collapse of a cavitation bubble?,C,C,C,C,"{
  ""reasoning"": ""The question asks about the immediate physical outcome when a cavitation bubble collapses. According to the background, inertial cavitation involves bubble collapse that sharply increases pressure and temperature inside the bubble, releasing energy as an acoustic shock wave and visible light."",
  ""answer"": ""C""
}","{
  ""reasoning"": ""The background describes inertial cavitation bubble collapse as causing the surrounding liquid to implode, leading to a sharp increase in pressure and temperature inside the bubble, with release of energy as an acoustic shock wave and visible light."",
  ""answer"": ""C""
}","{
  ""reasoning"": ""The background text explicitly states that during inertial cavitation, as the bubble collapses, 'the inward inertia of the surrounding liquid causes a sharp increase of pressure and temperature of the vapor within' and that this collapse 'releases a significant amount of energy in the form of an acoustic shock wave and as visible light.' This directly matches option C."",
  ""answer"": ""C""
}"
58,Who was Giordano Bruno?,D,D,D,D,"{
  ""reasoning"": ""Giordano Bruno was an Italian philosopher and cosmological theorist of the Renaissance. He famously extended the Copernican model by proposing that the stars were distant suns with their own planets, and that the universe was infinite."",
  ""answer"": ""D""
}","{
  ""reasoning"": ""The background does not mention Giordano Bruno, so I rely on general historical knowledge. Giordano Bruno was an Italian philosopher and astronomer who supported the Copernican heliocentric model and proposed that stars were distant suns with their own planets."",
  ""answer"": ""D""
}","{
  ""reasoning"": ""The question asks about Giordano Bruno, a historical figure known for his cosmological views. From general knowledge, Bruno was an Italian philosopher who extended Copernican heliocentrism and proposed that stars are suns with their own planets."",
  ""answer"": ""D""
}"
59,What are the Navier-Stokes equations?,A,A,A,A,"{
  ""reasoning"": ""The background repeatedly mentions Navier-Stokes equations as governing momentum balance for Newtonian fluids, often with constant density and viscosity, and includes the incompressible continuity equation (conservation of mass). The equations are partial differential, not algebraic, and apply to viscous flows."",
  ""answer"": ""A""
}","{
  ""reasoning"": ""The background repeatedly refers to the Navier-Stokes equations as governing momentum balance for Newtonian fluids, often with constant density and viscosity, and mentions the need for conservation of mass to fully describe flow. This matches the description in option A, while options B, C, D, and E incorrectly specify non-Newtonian fluids, non-viscous fluids, or algebraic equations."",
  ""answer"": ""A""
}","{
  ""reasoning"": ""The background repeatedly mentions the Navier-Stokes equations as governing momentum balance for Newtonian fluids (constant density and viscosity), and notes that conservation of mass is also needed for a full description. It explicitly refers to incompressible Navier-Stokes for Newtonian fluids and contrasts with non-Newtonian or inviscid cases."",
  ""answer"": ""A""
}"
60,What is the revised view of the atmosphere's nature based on the time-varying multistability that is associated with the modulation of large-scale processes and aggregated feedback of small-scale processes?,B,B,B,B,"{
  ""reasoning"": ""The question directly asks for the revised view described in the background. The first paragraph explicitly states that revised view is: 'The atmosphere possesses chaos and order; it includes, as examples, emerging organized systems (such as tornadoes) and time varying forcing from recurrent seasons.'"",
  ""answer"": ""B""
}","{
  ""reasoning"": ""The question asks for the revised view of the atmosphere's nature based on time-varying multistability linked to large-scale modulation and small-scale feedback. The background explicitly states that this refined view is: 'The atmosphere possesses chaos and order; it includes, as examples, emerging organized systems (such as tornadoes) and time varying forcing from recurrent seasons.'"",
  ""answer"": ""B""
}","{
  ""reasoning"": ""The question asks for the revised view of the atmosphere's nature, which is explicitly stated in the background. The text directly says: 'The atmosphere possesses chaos and order; it includes, as examples, emerging organized systems (such as tornadoes) and time varying forcing from recurrent seasons.' This matches option B exactly."",
  ""answer"": ""B""
}"
61,What is the reason that it is nearly impossible to see light emitted at the Lyman-alpha transition wavelength from a star farther than a few hundred light years from Earth?,B,B,B,B,"{
  ""reasoning"": ""The question asks about the absorption of Lyman-alpha light (121.5 nm) from distant stars. Lyman-alpha is a far-UV transition of atomic hydrogen, and neutral hydrogen in the interstellar medium (ISM) strongly absorbs this wavelength, limiting observations to relatively nearby stars."",
  ""answer"": ""B""
}","{
  ""reasoning"": ""The Lyman-alpha transition at 121.5 nm is a far-ultraviolet spectral line of atomic hydrogen, and neutral hydrogen in the interstellar medium (ISM) strongly absorbs this wavelength, preventing it from traveling far through the galaxy."",
  ""answer"": ""B""
}","{
  ""reasoning"": ""The Lyman-alpha transition at 121.5 nm is a far-UV spectral line of atomic hydrogen. Neutral hydrogen in the interstellar medium (ISM) strongly absorbs this wavelength, preventing observations from distant stars beyond a few hundred light-years."",
  ""answer"": ""B""
}"
62,What is a Schwarzschild black hole?,C,C,C,C,"{
  ""reasoning"": ""The background states that a Schwarzschild black hole is a static black hole with no charge or angular momentum, described by the spherically symmetric Schwarzschild metric. Birkhoff's theorem confirms the Schwarzschild metric is the most general spherically symmetric vacuum solution."",
  ""answer"": ""C""
}","{
  ""reasoning"": ""The background states that a Schwarzschild black hole is static, with no charge or angular momentum, and is described by the Schwarzschild metric. Birkhoff's theorem says the Schwarzschild metric is the most general spherically symmetric vacuum solution."",
  ""answer"": ""C""
}","{
  ""reasoning"": ""The background states that a Schwarzschild black hole is a static black hole with no charge or angular momentum, described by the Schwarzschild metric, which is spherically symmetric. Birkhoff's theorem confirms that the Schwarzschild metric is the most general spherically symmetric vacuum solution."",
  ""answer"": ""C""
}"
63,What is the definition of Atomristor?,C,C,C,C,"{
  ""reasoning"": ""The question asks for the definition of 'Atomristor,' a term not directly covered in the background. Based on general knowledge, an atomristor is a memristive device based on atomically thin materials. Among the options, only C explicitly defines it in terms of memristive behavior in atomically thin nanomaterials or atomic sheets, which aligns with the known concept."",
  ""answer"": ""C""
}","{
  ""reasoning"": ""The question asks for the definition of an 'Atomristor,' a term not explicitly covered in the background. However, based on general knowledge, an atomristor is specifically associated with memristive behavior in atomically thin materials, such as 2D nanomaterials or atomic sheets, which distinguishes it from other memristive device types."",
  ""answer"": ""C""
}","{
  ""reasoning"": ""The question asks for the definition of 'Atomristor,' which is a term from nanotechnology and electronics not directly covered in the background. Based on general knowledge, an Atomristor is specifically associated with memristive behavior in atomically thin materials, such as 2D nanomaterials or atomic sheets."",
  ""answer"": ""C""
}"
64,Who published the first theory that was able to encompass previously separate field theories to provide a unifying theory of electromagnetism?,A,A,A,A,"{
  ""reasoning"": ""The background explicitly states that James Clerk Maxwell put together a unified theory of electromagnetism, building on earlier work by Ørsted and Faraday. Maxwell's equations unified electricity and magnetism into a single theoretical framework."",
  ""answer"": ""A""
}","{
  ""reasoning"": ""The background mentions that early studies treated electricity and magnetism separately, but later developments led to a unified theory of electromagnetism. James Clerk Maxwell is credited with formulating the equations that unified these phenomena into a single theory."",
  ""answer"": ""A""
}","{
  ""reasoning"": ""The background states that early studies treated electricity and magnetism as separate phenomena, but James Clerk Maxwell unified them into a single theory of electromagnetism through Maxwell's equations. While others like Faraday and Ørsted made key discoveries, Maxwell provided the comprehensive unifying framework."",
  ""answer"": ""A""
}"
65,What is the relevant type of coherence for the Young's double-slit interferometer?,E,C,C,C,"{
  ""reasoning"": ""The Young's double-slit experiment relies on the correlation between light waves arriving at the two separate slits from the same source. This correlation determines whether an interference pattern forms and is a measure of how well the wavefront maintains phase relationships across space, which is spatial coherence."",
  ""answer"": ""C""
}","{
  ""reasoning"": ""Young's double-slit experiment relies on the ability of light from two separate slits to interfere, which depends on the correlation between the wavefronts at the two slit positions. This is explicitly described in the background as spatial coherence, since varying the slit separation affects fringe visibility."",
  ""answer"": ""C""
}","{
  ""reasoning"": ""Young's double-slit experiment involves interference of light from two spatially separated slits. The background explicitly states that Young's double-slit experiment is concerned with spatial coherence, as the visibility of fringes depends on the correlation between waves at the two slit positions."",
  ""answer"": ""C""
}"
66,What is the Peierls bracket in canonical quantization?,C,C,C,C,"{
  ""reasoning"": ""The Peierls bracket is a concept from the canonical quantization framework in theoretical physics, specifically in the context of field theory. It is defined as a Poisson bracket derived from the action functional, and it plays a role in constructing a Poisson algebra from the quotient algebra of functionals under the equations of motion."",
  ""answer"": ""C""
}","{
  ""reasoning"": ""The Peierls bracket is a concept from theoretical physics, specifically in the context of canonical quantization and field theory. It is defined as a Poisson-like bracket derived from the action functional, which helps in transitioning from classical to quantum mechanics by turning the algebra of observables into a Poisson algebra."",
  ""answer"": ""C""
}","{
  ""reasoning"": ""The question asks about the Peierls bracket in the context of canonical quantization. The Peierls bracket is a Poisson-like bracket defined using the advanced and retarded Green's functions of the linearized equations of motion, derived from the action, and it provides a symplectic structure on the space of solutions, turning the quotient algebra of observables into a Poisson algebra."",
  ""answer"": ""C""
}"
67,What is the isophotal diameter used for in measuring a galaxy's size?,E,E,E,E,"{
  ""reasoning"": ""The background explicitly states that the isophotal diameter is introduced as a conventional way of measuring a galaxy's size based on its apparent surface brightness. It is defined using isophotes, which are curves connecting points of equal brightness, and is not directly related to distance, age, mass, or temperature."",
  ""answer"": ""E""
}","{
  ""reasoning"": ""The question asks about the purpose of isophotal diameter in galaxy size measurement. The background text explicitly states that 'The isophotal diameter is introduced as a conventional way of measuring a galaxy's size based on its apparent surface brightness.' This directly matches option E."",
  ""answer"": ""E""
}","{
  ""reasoning"": ""The background explicitly defines isophotal diameter as 'a conventional way of measuring a galaxy's size based on its apparent surface brightness.' Isophotes are curves connecting points of equal brightness, and the diameter is determined at a chosen surface brightness level."",
  ""answer"": ""E""
}"
68,What is the Maxwell's Demon thought experiment?,C,C,C,C,"{
  ""reasoning"": ""The Maxwell's Demon thought experiment is a classic physics concept about a hypothetical 'demon' that violates the second law of thermodynamics by sorting molecules without work. The correct description involves a microscopic trapdoor, the same gas at equal temperatures, and the demon selectively allowing faster molecules to pass, creating a temperature difference."",
  ""answer"": ""C""
}","{
  ""reasoning"": ""The question asks about Maxwell's Demon, a classic thought experiment in physics that challenges the second law of thermodynamics. The correct description involves a microscopic demon sorting gas molecules by speed to create a temperature difference without work, violating the second law."",
  ""answer"": ""C""
}","{
  ""reasoning"": ""The question asks about Maxwell's Demon, a classic thought experiment in thermodynamics that challenges the second law. The correct description involves a microscopic demon sorting molecules by speed to create a temperature difference without work, violating the second law."",
  ""answer"": ""C""
}"
69,What is the application of Memristor?,D,D,D,D,"{
  ""reasoning"": ""The background mentions memristors in the context of neural networks (ADALINE, MADALINE) and links them to reconfigurable and memory-based computing. Among the options, only D lists applications like neural networks, reconfigurable computing, and brain–computer interfaces, which align with the technical uses described."",
  ""answer"": ""D""
}","{
  ""reasoning"": ""The background mentions memristors in the context of electronic devices and neural networks (ADALINE, MADALINE). Option D lists applications directly related to computing, signal processing, and neural networks, which aligns with the technological nature of memristors."",
  ""answer"": ""D""
}","{
  ""reasoning"": ""The background mentions memristors in the context of neural network architectures like ADALINE and MADALINE, and refers to 'physical neural networks' and 'reconfigurable computing' indirectly. Among the options, only D lists specific advanced computing and electronic applications that align with known memristor research areas, such as neural networks and in-memory computing."",
  ""answer"": ""D""
}"
70,What is the effect generated by a spinning superconductor?,C,C,C,C,"{
  ""reasoning"": ""The background does not directly mention spinning superconductors, but it covers superconductivity and electromagnetic effects. In known physics, a spinning superconductor is predicted by some models (like the London moment) to generate a magnetic field aligned with its spin axis due to Cooper pair rotation."",
  ""answer"": ""C""
}","{
  ""reasoning"": ""The question relates to a spinning superconductor, which is not directly discussed in the background, but the background covers superconductivity and electromagnetic effects. In superconductors, rotation can generate a magnetic field due to the London moment, which aligns with the spin axis. This is a known phenomenon in physics."",
  ""answer"": ""C""
}","{
  ""reasoning"": ""The question asks about a spinning superconductor, which is not directly covered in the background. However, from known physics, a spinning superconductor is predicted to generate a magnetic field due to the London moment effect, where the magnetic field aligns precisely with the spin axis."",
  ""answer"": ""C""
}"
71,What is the main focus of cryogenic and noble liquid detectors in dark matter experiments?,A,A,A,A,"{
  ""reasoning"": ""The background states that both cryogenic and noble liquid detectors focus strongly on their ability to distinguish background particles (which scatter off electrons) from dark matter particles (which scatter off nuclei). The key is the discrimination between event types, not specifically determining mass or cross-section, which are secondary goals."",
  ""answer"": ""A""
}","{
  ""reasoning"": ""The background explicitly states that both cryogenic and noble liquid detectors 'focus strongly on their ability to distinguish background particles (which predominantly scatter off electrons) from dark matter particles (that scatter off nuclei).' This matches the description in option A, which highlights the distinction between background and dark matter signals via their respective detection mechanisms."",
  ""answer"": ""A""
}","{
  ""reasoning"": ""The background explicitly states that both cryogenic and noble liquid detectors 'focus strongly on their ability to distinguish background particles (which predominantly scatter off electrons) from dark matter particles (that scatter off nuclei).' This matches option A, which directly captures the primary goal of particle discrimination via their respective detection mechanisms."",
  ""answer"": ""A""
}"
72,What is a pycnometer?,D,C,C,C,"{
  ""reasoning"": ""The background states that a gas pycnometer measures the density or volume of solids using gas displacement and Boyle's Law. It does not measure gases or liquids directly, but uses gas to determine the volume of a solid sample. Among the options, none directly match measuring solid volume, but the closest related concept is determining volume via gas displacement."",
  ""answer"": ""C""
}","{
  ""reasoning"": ""The background mentions a gas pycnometer as a device that measures the volume of solids using gas displacement and Boyle's Law. While the options focus on gases or liquids, the key function is measuring volume via gas displacement, which aligns most closely with measuring gas volume in this context."",
  ""answer"": ""C""
}","{
  ""reasoning"": ""The background states that a gas pycnometer measures the density or volume of solids using gas displacement and Boyle's Law. It does not measure gases or liquids directly, but rather the volume of solids indirectly via gas displacement. Among the options, none perfectly match, but the closest is about measuring the volume of a gas, which is part of the method."",
  ""answer"": ""C""
}"
73,"What is the estimated redshift of CEERS-93316, a candidate high-redshift galaxy observed by the James Webb Space Telescope?",B,B,B,B,"{
  ""reasoning"": ""The background text explicitly mentions CEERS-93316 as a candidate galaxy with cosmological redshift of 16.7 in one section and 16.4 in another, but the most recent and consistent reference in the question context is 16.7. This matches option B's redshift value and its corresponding early universe time."",
  ""answer"": ""B""
}","{
  ""reasoning"": ""The background mentions CEERS-93316 twice, first as a candidate galaxy at cosmological redshift 16.4 and later as redshift 16.7. Both references place it at an extremely high redshift, consistent with option B's value of z = 16.7."",
  ""answer"": ""B""
}","{
  ""reasoning"": ""The background text mentions CEERS-93316 as a candidate galaxy observed by JWST at a cosmological redshift of 16.7 in one paragraph, and 16.4 in another. The question asks for the estimated redshift, and option B matches the higher value (z = 16.7) and gives a corresponding time after the Big Bang."",
  ""answer"": ""B""
}"
74,What is bollard pull primarily used for measuring?,D,D,D,D,"{
  ""reasoning"": ""The background mentions bollard pull values can be determined in two ways, but does not explicitly define it. However, general knowledge indicates bollard pull is a measure of a vessel's pulling power, especially for tugboats, expressed in force units like kilonewtons or tons."",
  ""answer"": ""D""
}","{
  ""reasoning"": ""The background mentions 'bollard pull' but does not define it. However, in maritime and towing contexts, bollard pull is a standard measure of the pulling force a tugboat can exert, typically measured in tonnes or kilonewtons. None of the other options relate to tugboat operations or force measurement."",
  ""answer"": ""D""
}","{
  ""reasoning"": ""Bollard pull is a term in maritime and towing contexts, not directly defined in the background, but the background mentions Bollinger Bands and other unrelated formulas. Given the options, bollard pull is commonly known as a measure of the pulling power of tugboats, not weight, speed, distance, or height."",
  ""answer"": ""D""
}"
75,What is the piezoelectric strain coefficient for AT-cut quartz crystals?,B,D,D,D,"{
  ""reasoning"": ""The question asks for the piezoelectric strain coefficient (d) for AT-cut quartz crystals, which is a specific material property not directly provided in the background. However, the background establishes quartz as a piezoelectric material used in sensors like QCMs and oscillators. From known standard values in piezoelectric materials science, the d coefficient for AT-cut quartz is typically around 2.3–2.5 × 10⁻¹² m/V."",
  ""answer"": ""D""
}","{
  ""reasoning"": ""The question asks for the piezoelectric strain coefficient (d) for AT-cut quartz crystals, which is a specific material property not directly provided in the background. However, from general piezoelectric knowledge, AT-cut quartz is commonly used in oscillators and sensors, and its typical d coefficient is a known standard value. Among the options, the value 2.5·10⁻¹² m/V is a recognized standard for AT-cut quartz."",
  ""answer"": ""D""
}","{
  ""reasoning"": ""The question asks for the piezoelectric strain coefficient (d) specifically for AT-cut quartz crystals, which is a standard material property in piezoelectric sensor applications. Although the background does not provide the exact numerical value, from known piezoelectric constants, the d₁₁ coefficient for quartz is around 2.3 × 10⁻¹² m/V, and AT-cut crystals typically have a relevant coefficient near 2.3–2.5 × 10⁻¹² m/V. Among the options, 2.5 × 10⁻¹² m/V is the closest match."",
  ""answer"": ""D""
}"
76,What is the difference between probability mass function (PMF) and probability density function (PDF)?,D,D,D,D,"{
  ""reasoning"": ""The background clarifies that PMF is used in the context of discrete random variables, while PDF is used for continuous random variables. It also notes that the terms are sometimes confused, but the standard distinction is based on the type of variable."",
  ""answer"": ""D""
}","{
  ""reasoning"": ""The background clarifies that PMF is used in the context of discrete random variables, while PDF is used for continuous random variables. It also notes that 'density function' is sometimes misused for PMF, but the standard distinction holds in probability theory."",
  ""answer"": ""D""
}","{
  ""reasoning"": ""The background explicitly states that PMF is used in the context of discrete random variables, while PDF is used for continuous random variables. It also notes that using 'density function' for PMF can cause confusion, but the standard distinction is clear."",
  ""answer"": ""D""
}"
77,"How do the Lunar Laser Ranging Experiment, radar astronomy, and the Deep Space Network determine distances to the Moon, planets, and spacecraft?",B,B,B,B,"{
  ""reasoning"": ""The Lunar Laser Ranging Experiment measures the time for a laser pulse to travel to a lunar reflector and back. Radar astronomy and the Deep Space Network similarly time radio signal round trips to planets and spacecraft, converting time to distance using the known speed of light."",
  ""answer"": ""B""
}","{
  ""reasoning"": ""The Lunar Laser Ranging Experiment measures the time for a laser pulse to travel to a lunar reflector and back. Similarly, radar astronomy and the Deep Space Network track signals sent to planets or spacecraft and measure the time delay for the return echo."",
  ""answer"": ""B""
}","{
  ""reasoning"": ""The Lunar Laser Ranging Experiment measures the time for a laser pulse to travel to the Moon and back, radar astronomy measures the time delay of reflected radio waves from planets, and the Deep Space Network tracks spacecraft via radio signal round-trip times. All these methods rely on measuring the round-trip transit time of an electromagnetic signal to calculate distance using the known speed of light."",
  ""answer"": ""B""
}"
78,What is the Ozma Problem?,C,C,C,C,"{
  ""reasoning"": ""The Ozma Problem is a well-known thought experiment in physics and cosmology concerning the communication of chirality or 'handedness' across interstellar distances, tied to fundamental asymmetries in the universe. It relates to mirror asymmetry, parity, and chirality in particle physics and cosmology, which matches option C's description."",
  ""answer"": ""C""
}","{
  ""reasoning"": ""The Ozma Problem is not directly mentioned in the provided background, but the background includes discussions on chirality, asymmetry, and philosophical concepts like materialism and mechanism. Among the options, only option C explicitly addresses a conundrum about fundamental asymmetry in the universe, mirror asymmetry, chirality, and related physical concepts, which aligns with the scientific themes in the background."",
  ""answer"": ""C""
}","{
  ""reasoning"": ""The Ozma Problem is a conceptual issue in physics and cosmology regarding the fundamental symmetry or asymmetry of the universe, particularly involving mirror-image relations, chirality, and particle interactions. It is not addressed in the provided background, but from general knowledge, it aligns with the description in option C."",
  ""answer"": ""C""
}"
79,What is a Hilbert space in quantum mechanics?,E,E,E,E,"{
  ""reasoning"": ""The background repeatedly refers to Hilbert space as a complex inner product space used for quantum states, such as describing the wave function of the Universe or the state of particles. It explicitly states that each isolated physical system is associated with a separable complex Hilbert space, and rays in it correspond to quantum states."",
  ""answer"": ""E""
}","{
  ""reasoning"": ""The background repeatedly refers to a Hilbert space as a complex inner product space used to describe quantum states, such as in the definition of the Hartle–Hawking state and the description of quantum systems. It explicitly states that each isolated physical system is associated with a separable complex Hilbert space whose rays correspond to quantum states."",
  ""answer"": ""E""
}","{
  ""reasoning"": ""The background repeatedly refers to a Hilbert space as a complex inner product space used for quantum states. For example, it states that each isolated physical system is associated with a separable complex Hilbert space, and rays in it correspond to quantum states. This matches the definition of a complex vector space for quantum systems, not classical ones."",
  ""answer"": ""E""
}"
80,What is the significance of the speed of light in vacuum?,C,C,C,C,"{
  ""reasoning"": ""The background emphasizes that the speed of light is a consequence of spacetime structure, not tied to specific objects or electromagnetic waves alone, and is invariant across inertial frames. This aligns with the postulate of special relativity that the speed of light in vacuum is constant and independent of the source or observer's motion."",
  ""answer"": ""C""
}","{
  ""reasoning"": ""The background text emphasizes that the speed of light is a fundamental property of spacetime structure, not tied to specific objects or electromagnetic waves alone. It is a universal constant and limit in relativity, independent of the source or observer's motion."",
  ""answer"": ""C""
}","{
  ""reasoning"": ""The background emphasizes that the speed of light is a fundamental consequence of spacetime structure, not tied to specific objects or electromagnetic waves. This aligns with the postulate in relativity that the speed of light in vacuum is constant and independent of the source or observer's motion."",
  ""answer"": ""C""
}"
81,What is the term used to describe the proportionality factor to the Stefan-Boltzmann law that is utilized in subsequent evaluations of the radiative behavior of grey bodies?,A,A,A,A,"{
  ""reasoning"": ""The background text explicitly states that after the Stefan-Boltzmann law was derived, 'Emissivity, defined as a further proportionality factor to the Stefan-Boltzmann law, was thus implied and utilized in subsequent evaluations of the radiative behavior of grey bodies.' This directly matches the question's description."",
  ""answer"": ""A""
}","{
  ""reasoning"": ""The background explicitly states that emissivity is defined as a proportionality factor to the Stefan-Boltzmann law and is used in evaluating the radiative behavior of grey bodies. The other options are either different laws (Wien's displacement law), unrelated properties (reflectance, albedo), or a general concept (black-body radiation) rather than the specific proportionality factor mentioned."",
  ""answer"": ""A""
}","{
  ""reasoning"": ""The question asks for the term used as a proportionality factor to the Stefan-Boltzmann law for grey bodies. The background explicitly states that after Stefan and Boltzmann derived the blackbody radiation law, emissivity was defined as a further proportionality factor applied to that law for evaluating grey bodies."",
  ""answer"": ""A""
}"
82,What is the reason for the formation of stars exclusively within molecular clouds?,B,B,B,B,"{
  ""reasoning"": ""The background explicitly states that star formation occurs exclusively within molecular clouds due to their specific physical conditions. It highlights that low temperatures and high densities allow gravitational collapse to overcome outward pressures, which matches option B."",
  ""answer"": ""B""
}","{
  ""reasoning"": ""The background explicitly states that star formation occurs exclusively within molecular clouds because their low temperatures and high densities allow gravitational collapse to overcome outward pressures. This matches option B, while other options contradict the required conditions."",
  ""answer"": ""B""
}","{
  ""reasoning"": ""The background explicitly states that star formation occurs exclusively within molecular clouds due to their low temperatures and high densities. These conditions allow gravitational forces to overcome internal outward pressures, leading to collapse and star formation."",
  ""answer"": ""B""
}"
83,What is the identity operation in symmetry groups?,A,A,A,A,"{
  ""reasoning"": ""The identity operation in a symmetry group is the trivial transformation that does nothing to the object, leaving it unchanged. It corresponds to the identity element of the group, as described in the background."",
  ""answer"": ""A""
}","{
  ""reasoning"": ""The identity operation in any group, including symmetry groups, is defined as the operation that leaves the object unchanged. In the context of symmetry groups for molecules, this corresponds to doing nothing to the molecule, which serves as the identity element of the group."",
  ""answer"": ""A""
}","{
  ""reasoning"": ""The background states that there is always a trivial transformation where nothing is done to the original coordinates, and this is the identity element of the group. Among the options, only leaving the molecule unchanged corresponds to doing nothing."",
  ""answer"": ""A""
}"
84,What is a regular polytope?,C,C,C,C,"{
  ""reasoning"": ""The question asks for the definition of a regular polytope based on symmetry transitivity. In geometry, a polytope is regular if its symmetry group acts transitively on its flags, meaning all combinations of vertices, edges, faces, etc., are symmetric. This is the standard definition distinguishing regular polytopes from ones with only vertex, edge, or face transitivity."",
  ""answer"": ""C""
}","{
  ""reasoning"": ""The question asks for the definition of a regular polytope in terms of symmetry transitivity. In geometry, a regular polytope is defined by having its symmetry group act transitively on its flags (a flag is a nested set of a vertex, edge, face, etc.), which implies full symmetry across all its elements. This is the standard abstract definition distinguishing regular polytopes from other symmetrical shapes."",
  ""answer"": ""C""
}","{
  ""reasoning"": ""The background does not directly define a regular polytope, but from standard geometry, a regular polytope is one that is maximally symmetric. In any dimension, regularity is defined by the transitivity of the symmetry group on flags (incident chains of faces of all dimensions), not just on vertices, edges, or faces alone."",
  ""answer"": ""C""
}"
85,What is the reason behind the largest externally observed electrical effects when two conductors are separated by the smallest distance without touching?,D,D,D,D,"{
  ""reasoning"": ""The background states that the surface charge on a conductor depends on the magnitude of the electric field, which depends on the distance between the surfaces. This leads to the largest electrical effects when the conductors are closest without touching, as the electric field is strongest at small separations."",
  ""answer"": ""D""
}","{
  ""reasoning"": ""The background states that the surface charge on a conductor depends on the magnitude of the electric field, and that the electric field depends on the distance between the surfaces. This leads to the largest externally observed electrical effects when the conductors are closest without touching."",
  ""answer"": ""D""
}","{
  ""reasoning"": ""The background states that the surface charge on a conductor depends on the magnitude of the electric field, and that this electric field depends on the distance between the surfaces. The largest effects occur at the smallest separation because the electric field strength increases as the distance decreases."",
  ""answer"": ""D""
}"
86,What is the formalism that angular momentum is associated with in rotational invariance?,D,D,D,D,"{
  ""reasoning"": ""The question asks about the differential form degree of the Noether charge corresponding to angular momentum under rotational symmetry. In field theory, Noether's theorem associates conserved currents with symmetries; integrating the time component of a current gives a conserved charge (0-form). However, for higher-form symmetries, charges can be higher-degree forms. Rotational invariance is a spacetime symmetry, and angular momentum is associated with rotational symmetry in 3 spatial dimensions. In the context of differential forms, the Noether charge for rotational symmetry (Lorentz symmetry) is typically a 2-form because it arises from the conservation of the angular momentum tensor, which naturally yields a 2-form charge in the language of differential forms."",
  ""answer"": ""D""
}","{
  ""reasoning"": ""The question asks about the differential form degree of the Noether charge associated with rotational invariance. In classical and quantum field theory, Noether's theorem links symmetries to conserved currents. For rotational symmetry (a spacetime symmetry), the corresponding conserved charge is angular momentum, which is associated with a 2-form charge in the context of differential forms because rotations correspond to generators of the Lorentz group, and the charge arises from integrating a (d-2)-form over a codimension-2 surface in d dimensions."",
  ""answer"": ""D""
}","{
  ""reasoning"": ""The question asks about the differential form degree of the Noether charge associated with rotational invariance. In theoretical physics, Noether's theorem for continuous symmetries yields conserved currents; the corresponding conserved charge is typically a (d-1)-form in d spacetime dimensions. For rotational symmetry in 3 spatial dimensions, the Noether charge is a 2-form because rotations correspond to generators of the SO(3) group, and the charge is integrated over a 2-surface in phase space or in spacetime."",
  ""answer"": ""D""
}"
87,"Which hand should be used to apply the right-hand rule when tightening or loosening nuts, screws, bolts, bottle caps, and jar lids?",B,B,B,B,"{
  ""reasoning"": ""The question refers to the common 'right-hand rule' for fasteners, which is a mnemonic for the direction to turn a threaded fastener to tighten or loosen it. This rule states that if you point the thumb of your right hand in the direction you want the fastener to go (e.g., forward for tighten, backward for loosen), your fingers curl in the direction to turn it. The rule is defined for the right hand, regardless of the user's handedness."",
  ""answer"": ""B""
}","{
  ""reasoning"": ""The question refers to the 'right-hand rule' as a mnemonic for the standard direction to turn fasteners for tightening or loosening. The rule is typically demonstrated using one's right hand to show that turning clockwise (as viewed from above) tightens, and counterclockwise loosens. The rule's name explicitly indicates which hand to use for the demonstration."",
  ""answer"": ""B""
}","{
  ""reasoning"": ""The question asks about the 'right-hand rule' in the context of tightening or loosening fasteners. While the background does not explicitly mention this rule, it is a widely known mnemonic in mechanics: if you point the thumb of your right hand in the direction you want the fastener to move (e.g., tightening usually means moving away from you or clockwise), the direction your fingers curl indicates the direction to turn the fastener. This rule is conventionally applied using the right hand."",
  ""answer"": ""B""
}"
88,What is the Minkowski diagram used for?,E,E,E,E,"{
  ""reasoning"": ""The Minkowski diagram is a spacetime diagram used in special relativity, not general relativity or quantum mechanics. It visualizes Lorentz transformations and provides a geometric interpretation of relativistic effects, contrasting with Newtonian mechanics."",
  ""answer"": ""E""
}","{
  ""reasoning"": ""The Minkowski diagram is a spacetime diagram used in special relativity, not general relativity or quantum mechanics. It visualizes Lorentz transformations and illustrates how they generalize Newtonian mechanics to relativistic mechanics by incorporating spacetime geometry."",
  ""answer"": ""E""
}","{
  ""reasoning"": ""The Minkowski diagram is a spacetime diagram used in special relativity, not Newtonian mechanics, general relativity, or quantum mechanics. It visually represents Lorentz transformations and the geometry of spacetime in special relativity."",
  ""answer"": ""E""
}"
89,What are the two main interpretations for the disparity between the presence of matter and antimatter in the observable universe?,D,D,D,D,"{
  ""reasoning"": ""The background explicitly states the two main interpretations: either the universe began with a small preference for matter (non-zero baryonic number), or it was originally perfectly symmetric and later processes created an imbalance favoring matter. The question asks for these two interpretations, which are directly described."",
  ""answer"": ""D""
}","{
  ""reasoning"": ""The background explicitly states the two main interpretations: either the universe began with a small preference for matter (non-zero total baryonic number), or it was originally perfectly symmetric and later processes created an imbalance favoring matter."",
  ""answer"": ""D""
}","{
  ""reasoning"": ""The background explicitly states the two main interpretations: either the universe started with a non-zero baryonic number (small preference for matter) or it began perfectly symmetric and later developed an imbalance favoring matter. The question asks for these two interpretations, and only option D matches that description."",
  ""answer"": ""D""
}"
90,What is the Ramsauer-Townsend effect?,B,B,B,B,"{
  ""reasoning"": ""The background explicitly states that the Ramsauer–Townsend effect involves scattering of low-energy electrons by noble gas atoms and cannot be explained classically, requiring quantum wave theory. This directly matches option B."",
  ""answer"": ""B""
}","{
  ""reasoning"": ""The background explicitly states that the Ramsauer–Townsend effect involves scattering of low-energy electrons by atoms of a noble gas and cannot be explained classically, requiring quantum wave theory. This directly matches option B."",
  ""answer"": ""B""
}","{
  ""reasoning"": ""The background explicitly states that the Ramsauer–Townsend effect involves scattering of low-energy electrons by atoms of a noble gas and cannot be explained classically, requiring quantum wave theory. This directly matches option B."",
  ""answer"": ""B""
}"
91,What is Minkowski space?,B,B,B,B,"{
  ""reasoning"": ""The background describes Minkowski space in terms of geometry, embedding in spacetime, and its relation to the Poincaré and Lorentz groups, indicating it is a mathematical structure combining space and time into a four-dimensional continuum, not a purely physical space with forces or curved motion."",
  ""answer"": ""B""
}","{
  ""reasoning"": ""The background mentions Minkowski space in contexts like special relativity and supersymmetry, indicating it is a mathematical structure combining space and time into a four-dimensional continuum used in physics, not a description of physical motion or forces."",
  ""answer"": ""B""
}","{
  ""reasoning"": ""The background describes Minkowski space in the context of relativity, not classical mechanics. It is a mathematical model merging space and time into a four-dimensional continuum, not a physical space with forces or curved motion."",
  ""answer"": ""B""
}"
92,What is the Optical Signal-to-Noise Ratio (OSNR)?,B,B,B,B,"{
  ""reasoning"": ""The background text explicitly defines OSNR as 'the ratio between the signal power and the noise power in a given bandwidth' and notes it is used 'to describe the signal quality without taking the receiver into account.' None of the options mention dynamic range or a fixed 6.02m bandwidth in a way that matches the definition."",
  ""answer"": ""B""
}","{
  ""reasoning"": ""The background explicitly states: 'The OSNR is the ratio between the signal power and the noise power in a given bandwidth. This bandwidth is independent of the modulation format, the frequency and the receiver.' It also notes that OSNR is used 'to describe the signal quality without taking the receiver into account.'"",
  ""answer"": ""B""
}","{
  ""reasoning"": ""The background explicitly defines OSNR as the ratio between signal power and noise power in a given bandwidth, independent of receiver characteristics. Options A, C, D, and E introduce irrelevant or incorrect conditions (e.g., dynamic range, fixed bandwidth of 6.02m) not supported by the text."",
  ""answer"": ""B""
}"
93,What is the interpretation of supersymmetry in stochastic supersymmetric theory?,E,E,E,E,"{
  ""reasoning"": ""The question asks for the interpretation of supersymmetry specifically within stochastic supersymmetric theory. The background states that in this context, supersymmetry is an intrinsic property of all stochastic differential equations, linked to the preservation of continuity in phase space via continuous time flows."",
  ""answer"": ""E""
}","{
  ""reasoning"": ""The question asks specifically about the interpretation of supersymmetry within stochastic supersymmetric theory. The background states that in this context, supersymmetry is an intrinsic property of all stochastic differential equations, and its interpretation is the preservation of continuity in the model's phase space via continuous time flows."",
  ""answer"": ""E""
}","{
  ""reasoning"": ""The background explicitly states that within stochastic supersymmetric theory, supersymmetry is an intrinsic property of all stochastic differential equations, and its interpretation is that the model's phase space preserves continuity via continuous time flows. This directly matches option E, while other options incorrectly link supersymmetry to magnetic fields, dynamo strength, or deterministic chaos as an emergent property rather than the intrinsic symmetry itself."",
  ""answer"": ""E""
}"
94,"What is the purpose of expressing a map's scale as a ratio, such as 1:10,000?",E,E,E,E,"{
  ""reasoning"": ""A map scale expressed as a ratio like 1:10,000 defines how a unit of measurement on the map corresponds to the actual distance on the ground. It quantifies the reduction in size from the real world to the map representation, directly indicating the relationship between map dimensions and the actual area. This is a fundamental concept in cartography distinct from orientation, projection, or arrangement."",
  ""answer"": ""E""
}","{
  ""reasoning"": ""The question asks about the purpose of a map scale expressed as a ratio (e.g., 1:10,000). Map scales are used to represent the proportional relationship between distances on the map and corresponding distances on the ground, not orientation, projection, or arrangement."",
  ""answer"": ""E""
}","{
  ""reasoning"": ""The question asks about the purpose of a map scale expressed as a ratio. A scale ratio like 1:10,000 directly compares a unit on the map to the corresponding distance on the ground, establishing the proportional relationship between map size and real-world area."",
  ""answer"": ""E""
}"
95,What is the main sequence in astronomy?,C,C,C,C,"{
  ""reasoning"": ""The background mentions that 'almost everything about a star is determined by its initial mass, including luminosity, size, evolution, lifespan, and its eventual fate,' which aligns with the concept of the main sequence. It also refers to the 'main sequence luminosity function,' indicating that the main sequence relates to a distribution of stars by luminosity, consistent with a band on color–brightness plots."",
  ""answer"": ""C""
}","{
  ""reasoning"": ""The background mentions that 'Almost everything about a star is determined by its initial mass, including such characteristics as luminosity, size, evolution, lifespan, and its eventual fate,' which is a key concept in stellar evolution related to the main sequence. It also refers to the 'main sequence luminosity function,' confirming the main sequence as a classification of stars based on luminosity and other properties."",
  ""answer"": ""C""
}","{
  ""reasoning"": ""The background mentions that 'Almost everything about a star is determined by its initial mass, including such characteristics as luminosity, size, evolution, lifespan, and its eventual fate,' which relates to stellar classification. It also refers to the 'main sequence luminosity function,' which maps stars according to luminosity. This aligns with the definition of the main sequence as a band of stars in color-brightness plots."",
  ""answer"": ""C""
}"
96,"Who proposed the concept of ""maximal acceleration""?",C,C,C,C,"{
  ""reasoning"": ""The question asks about the proposer of 'maximal acceleration', a concept in theoretical physics that suggests an upper limit to acceleration, analogous to the speed of light limit. This idea is not mentioned in the provided background, but historical physics knowledge indicates it was introduced by Italian physicist Eduardo R. Caianiello in the 1980s, based on quantum and gravitational considerations."",
  ""answer"": ""C""
}","{
  ""reasoning"": ""The question asks about the proposer of 'maximal acceleration', a concept in theoretical physics that suggests an upper limit to acceleration, analogous to the speed of light for velocity. This idea is attributed to physicist Eduardo R. Caianiello, who introduced it in the early 1980s, linking it to quantum and gravitational principles."",
  ""answer"": ""C""
}","{
  ""reasoning"": ""The question asks about the proposer of 'maximal acceleration,' a concept in theoretical physics that suggests an upper limit to acceleration, analogous to the speed of light limit. From historical knowledge, this idea is attributed to Italian physicist Eduardo R. Caianiello in the 1980s, not the other scientists listed."",
  ""answer"": ""C""
}"
97,What is indirect photophoresis?,D,C,C,C,"{
  ""reasoning"": ""The question asks about indirect photophoresis, which is not directly described in the background. However, based on general photophoresis principles, indirect photophoresis typically involves uniform absorption of light by a particle, leading to an internal temperature gradient and motion in the direction of that gradient. This matches the description of uniform absorption and migration along the temperature gradient."",
  ""answer"": ""C""
}","{
  ""reasoning"": ""The background does not directly define indirect photophoresis, but it discusses indirect measurement methods in photothermal spectroscopy, where absorption creates a temperature gradient. Indirect photophoresis typically involves uniform light absorption creating an internal temperature gradient, leading to particle motion along that gradient."",
  ""answer"": ""C""
}","{
  ""reasoning"": ""The question asks about indirect photophoresis, which is a photophoretic effect where a particle absorbs light uniformly, leading to an internal temperature gradient and subsequent motion. The background context does not directly define it, but based on standard photophoresis knowledge, indirect photophoresis involves uniform absorption and motion along the temperature gradient."",
  ""answer"": ""C""
}"
98,What does Earnshaw's theorem state?,D,D,D,D,"{
  ""reasoning"": ""The background provided does not mention Earnshaw's theorem at all, so the answer must rely on external knowledge. Earnshaw's theorem in electromagnetism states that a set of point charges cannot be held in stable equilibrium solely through electrostatic forces."",
  ""answer"": ""D""
}","{
  ""reasoning"": ""The background context does not mention Earnshaw's theorem at all, so the answer must be based on general physics knowledge. Earnshaw's theorem in electrostatics states that a set of point charges cannot be held in stable equilibrium solely by electrostatic forces."",
  ""answer"": ""D""
}","{
  ""reasoning"": ""Earnshaw's theorem is a classical result in electrostatics, not mentioned in the provided background. The background covers various theorems in different fields, but none are Earnshaw's. From known physics, Earnshaw's theorem states that a set of point charges cannot be in stable static equilibrium under electrostatic forces alone."",
  ""answer"": ""D""
}"
99,What is radiosity in radiometry?,D,D,D,D,"{
  ""reasoning"": ""Radiosity in radiometry is defined as the total radiant flux leaving a surface per unit area, which includes all components: emitted radiation (if the surface is a source), reflected radiation, and transmitted radiation. The key distinction is that it refers to flux leaving, not entering or absorbed, and is measured per unit area, not per unit volume."",
  ""answer"": ""D""
}","{
  ""reasoning"": ""Radiosity in radiometry is defined as the total radiant flux leaving a surface per unit area, which includes both the radiation emitted by the surface itself and the radiation reflected or transmitted by it. The key distinction is that it accounts for flux leaving, not entering, and includes emitted radiation, not absorbed."",
  ""answer"": ""D""
}","{
  ""reasoning"": ""Radiosity in radiometry is defined as the total radiant flux leaving a surface per unit area, accounting for all contributions: emitted radiation (if the surface is a source) plus reflected and transmitted radiation. It does not include absorbed radiation, and it is measured per unit area, not per unit volume."",
  ""answer"": ""D""
}"
100,What is a virtual particle?,D,D,D,D,"{
  ""reasoning"": ""The background text explains that virtual particles arise from quantum fluctuations in a vacuum and are not directly observable, but their effects can be inferred through phenomena like the Casimir effect. They are associated with vacuum energy and are distinct from directly measurable particles."",
  ""answer"": ""D""
}","{
  ""reasoning"": ""The background describes virtual particles as fluctuations in quantum fields that are not eigenstates of the particle number operator, meaning they are not directly observable but can have measurable effects, such as in the Casimir effect. They arise due to the time-energy uncertainty principle and are inferred indirectly through their impact on physical systems."",
  ""answer"": ""D""
}","{
  ""reasoning"": ""The background explains that virtual particles arise as vacuum fluctuations due to the uncertainty principle, are not directly observable, but manifest through measurable effects like the Casimir force. They are not created in labs as ordinary particles, but inferred from their impact on physical systems."",
  ""answer"": ""D""
}"
101,"Who proposed the principle of ""complexity from noise"" and when was it first introduced?",B,B,B,B,"{
  ""reasoning"": ""The question asks about the origin of the principle 'complexity from noise,' which is a concept in information theory and complex systems. The background text does not mention this specific principle, so the answer must be based on external knowledge. Historically, the concept is attributed to Henri Atlan in his 1972 work on self-organization and information theory."",
  ""answer"": ""B""
}","{
  ""reasoning"": ""The question asks about the origin of the principle 'complexity from noise,' which is a concept in systems theory and cybernetics. The background provided does not mention this principle or its proponents, so the answer must be determined from external knowledge."",
  ""answer"": ""B""
}","{
  ""reasoning"": ""The question asks about the origin of the principle 'complexity from noise', which is a concept in information theory and systems biology, often associated with Henri Atlan's work on self-organization and noise in biological systems. The background provided does not mention this principle, but general knowledge indicates Atlan introduced it in 1972."",
  ""answer"": ""B""
}"
102,What is the order parameter that breaks the electromagnetic gauge symmetry in superconductors?,C,C,C,C,"{
  ""reasoning"": ""The question asks for the order parameter responsible for breaking electromagnetic gauge symmetry in superconductors. The background explicitly states that in superconductors, this is a condensed-matter collective field ψ, which acts as the order parameter breaking the electromagnetic gauge symmetry."",
  ""answer"": ""C""
}","{
  ""reasoning"": ""The question directly asks for the order parameter responsible for breaking electromagnetic gauge symmetry in superconductors. The background explicitly states that in superconductors, the order parameter is a condensed-matter collective field ψ, which breaks the gauge symmetry."",
  ""answer"": ""C""
}","{
  ""reasoning"": ""The question asks for the order parameter that breaks electromagnetic gauge symmetry in superconductors. The background explicitly states that in superconductors, there is a condensed-matter collective field ψ which acts as that order parameter."",
  ""answer"": ""C""
}"
103,What is the reason for the sun appearing slightly yellowish when viewed from Earth?,B,C,C,C,"{
  ""reasoning"": ""The background explains that sunlight appears yellow near sunrise or sunset because the longer path through the atmosphere scatters away shorter blue and green wavelengths, leaving the longer red and yellow wavelengths to reach the observer directly. This matches the description of selective scattering rather than reflection, absorption, or the sun's intrinsic color."",
  ""answer"": ""C""
}","{
  ""reasoning"": ""The background explains that sunlight appears yellow near sunrise/sunset because its path through the atmosphere is elongated, scattering away shorter wavelengths like blue and green, leaving the longer wavelengths (yellow, orange, red) to reach our eyes directly from the sun."",
  ""answer"": ""C""
}","{
  ""reasoning"": ""The background explains that sunlight appears yellow when the sun is near the horizon because the longer path through the atmosphere scatters away shorter wavelengths (blue and green), allowing longer wavelengths (yellow, orange, red) to dominate. This is a result of atmospheric scattering, not the sun's intrinsic color or selective absorption."",
  ""answer"": ""C""
}"
104,What is the Landau-Lifshitz-Gilbert equation used for in physics?,C,C,C,C,"{
  ""reasoning"": ""The background explicitly states that the Landau–Lifshitz–Gilbert equation describes the precessional motion of magnetization M in a solid. It is used in micromagnetics to model magnetization dynamics in ferromagnetic materials, not in liquids, astrophysics, or macro-magnetics."",
  ""answer"": ""C""
}","{
  ""reasoning"": ""The background explicitly states that the Landau–Lifshitz–Gilbert equation describes the precessional motion of magnetization M in a solid. It is a modification by Gilbert of the original Landau–Lifshitz equation and is widely used in micromagnetics to model magnetization dynamics in ferromagnetic materials."",
  ""answer"": ""C""
}","{
  ""reasoning"": ""The background explicitly states that the Landau–Lifshitz–Gilbert equation describes the precessional motion of magnetization M in a solid. It is a modification by Gilbert of the original Landau–Lifshitz equation and is widely used in micromagnetics to model magnetization dynamics in ferromagnetic materials."",
  ""answer"": ""C""
}"
105,What is spatial dispersion?,D,D,D,D,"{
  ""reasoning"": ""Spatial dispersion in physics refers to the dependence of material parameters (like permittivity) on the wavevector, meaning the response varies with the direction or wavelength of an applied field. This is distinct from temporal dispersion (frequency dependence) and typically becomes important at small scales, such as in nanophotonics or metamaterials."",
  ""answer"": ""D""
}","{
  ""reasoning"": ""Spatial dispersion refers to a dependence of material parameters on the wavevector (spatial frequency), not on time (which would be temporal dispersion). It describes how waves of different wavelengths propagate differently through a medium, leading to spreading effects, and is typically relevant at small scales."",
  ""answer"": ""D""
}","{
  ""reasoning"": ""The term 'dispersion' in physics often refers to how material properties depend on wave properties like frequency or wavevector. Spatial dispersion specifically involves dependence on the wavevector (spatial frequency), not time, and describes how waves spread or behave differently depending on direction and wavelength, typically at small scales."",
  ""answer"": ""D""
}"
106,What are the constituents of cold dark matter?,A,A,A,A,"{
  ""reasoning"": ""The question asks about the constituents of cold dark matter, a concept in astrophysics and cosmology. The background text does not provide any information on cold dark matter, so the answer must rely on general scientific knowledge. Cold dark matter candidates are not definitively known but include various hypothesized objects and particles."",
  ""answer"": ""A""
}","{
  ""reasoning"": ""The question asks about the constituents of cold dark matter, a topic in astrophysics/cosmology. The background provided does not contain relevant information about cold dark matter, so I must rely on general scientific knowledge. From known physics, cold dark matter candidates are not definitively identified but include MACHOs, WIMPs, and axions."",
  ""answer"": ""A""
}","{
  ""reasoning"": ""The question asks about the constituents of cold dark matter, which is a topic in astrophysics/cosmology. The provided background context does not contain any relevant information about cold dark matter; it discusses unrelated topics like haunted houses, frost, polar aviation, and abstract concepts. Therefore, I must rely on general scientific knowledge."",
  ""answer"": ""A""
}"
107,What is the mechanism of FTIR?,D,C,D,C,"{
  ""reasoning"": ""The question asks about the mechanism of FTIR, which stands for Frustrated Total Internal Reflection. This is a phenomenon in optics where total internal reflection is disrupted by bringing another medium close to the interface, allowing photon tunneling. It is commonly used as an analog to explain quantum tunneling."",
  ""answer"": ""C""
}","{
  ""reasoning"": ""The question asks about the mechanism of FTIR (Frustrated Total Internal Reflection). The background does not directly address FTIR, but based on standard optics knowledge, FTIR involves the coupling of evanescent waves when total internal reflection is frustrated by bringing another medium close to the interface."",
  ""answer"": ""D""
}","{
  ""reasoning"": ""FTIR stands for Frustrated Total Internal Reflection, which involves the phenomenon where total internal reflection is 'frustrated' by bringing another medium close enough to allow photon tunneling via an evanescent wave. This mechanism is indeed used as a classical analog to explain quantum tunneling."",
  ""answer"": ""C""
}"
108,What is the origin of the permanent moment in paramagnetism?,A,A,A,A,"{
  ""reasoning"": ""The question asks about the origin of the permanent magnetic moment in paramagnetism, which is a property of individual atoms or molecules even without an external field. The background context mentions that magnetic moments arise from spin and angular momentum, and paramagnetism specifically involves unpaired electrons whose spin contributes a permanent dipole moment."",
  ""answer"": ""A""
}","{
  ""reasoning"": ""The question asks about the origin of the permanent magnetic moment in paramagnetism, which is a property of individual atoms or molecules independent of an external field. The background context mentions that magnetic moments arise from electron spin and orbital angular momentum, and paramagnetism occurs when unpaired electrons contribute a net magnetic moment that aligns with an applied field."",
  ""answer"": ""A""
}","{
  ""reasoning"": ""The question asks about the origin of the permanent magnetic moment in paramagnetism, which is a property of materials with unpaired electrons. The permanent moment exists even without an external field and arises from electron spin and orbital angular momentum."",
  ""answer"": ""A""
}"
109,What is the reason that Newton's second law cannot be used to calculate the development of a physical system in quantum mechanics?,D,D,D,D,"{
  ""reasoning"": ""The question asks why Newton's second law fails in quantum mechanics. The background mentions that classical mechanics, including Newton's laws, does not apply to subatomic particles, and quantum mechanics involves phenomena like particles being in multiple places at once. Spin is an intrinsic form of angular momentum in quantum mechanics that is not due to point-like motion in space, making classical descriptions inadequate."",
  ""answer"": ""D""
}","{
  ""reasoning"": ""The question asks why Newton's second law fails in quantum mechanics, focusing on particle spin. Spin is an intrinsic angular momentum with no classical counterpart; it is not due to point-like motions in space, so classical mechanics cannot describe it."",
  ""answer"": ""D""
}","{
  ""reasoning"": ""The background indicates that classical mechanics, including Newton's second law, fails for subatomic particles because their behavior cannot be predicted under classical assumptions. Particle spin is an intrinsic form of angular momentum in quantum mechanics that does not arise from a point-like object rotating in space, so it cannot be described as a cumulative effect of point-like motions."",
  ""answer"": ""D""
}"
110,"What is the butterfly effect, as defined by Lorenz in his book ""The Essence of Chaos""?",C,C,C,C,"{
  ""reasoning"": ""The background explicitly quotes Lorenz's definition from 'The Essence of Chaos' as: 'The phenomenon that a small alteration in the state of a dynamical system will cause subsequent states to differ greatly from the states that would have followed without the alteration.' This matches the description of a small change in initial conditions leading to significant differences in subsequent states."",
  ""answer"": ""C""
}","{
  ""reasoning"": ""The question asks specifically for Lorenz's definition from his 1993 book 'The Essence of Chaos.' The background text explicitly quotes Lorenz's definition: 'The phenomenon that a small alteration in the state of a dynamical system will cause subsequent states to differ greatly from the states that would have followed without the alteration.' This matches the description of a small change causing significant differences in subsequent states."",
  ""answer"": ""C""
}","{
  ""reasoning"": ""The question asks specifically for Lorenz's definition from his book 'The Essence of Chaos'. The background states: 'Lorenz defined butterfly effect as: \""The phenomenon that a small alteration in the state of a dynamical system will cause subsequent states to differ greatly from the states that would have followed without the alteration.\""' This matches a small change causing significant differences."",
  ""answer"": ""C""
}"
111,What is the role of CYCLOIDEA genes in the evolution of bilateral symmetry?,D,D,D,D,"{
  ""reasoning"": ""The question asks about the role of CYCLOIDEA genes in the evolution of bilateral symmetry, specifically in plants. The background context does not directly mention CYCLOIDEA, but from biological knowledge, these genes encode transcription factors that regulate floral symmetry by controlling developmental pathways. Among the options, D best captures this general mechanism without overstating specific ecological or mutational effects."",
  ""answer"": ""D""
}","{
  ""reasoning"": ""The question asks about the role of CYCLOIDEA genes in the evolution of bilateral symmetry in plants. The background context does not directly mention CYCLOIDEA, but from general biological knowledge, CYCLOIDEA genes are known to encode transcription factors that regulate floral symmetry by controlling developmental pathways, specifically promoting bilateral symmetry in flowers like Antirrhinum (snapdragon)."",
  ""answer"": ""D""
}","{
  ""reasoning"": ""The background does not mention CYCLOIDEA genes directly, but it discusses gene regulation, transcription factors, and developmental pathways. CYCLOIDEA genes are known from plant developmental biology to encode transcription factors that influence floral symmetry by controlling gene expression patterns, leading to bilateral symmetry in flowers like Antirrhinum majus."",
  ""answer"": ""D""
}"
112,What is the required excess quark per billion quark-antiquark pairs in the early universe in order to provide all the observed matter in the universe?,A,A,A,A,"{
  ""reasoning"": ""The background states that to account for all observed matter, there must have been 'one excess quark per billion quark-antiquark pairs' in the early universe. This is a direct quote from the text, making the answer unambiguous."",
  ""answer"": ""A""
}","{
  ""reasoning"": ""The background explicitly states: 'There is a required one excess quark per billion quark-antiquark pairs in the early universe in order to provide all the observed matter in the universe.' This directly matches one of the options."",
  ""answer"": ""A""
}","{
  ""reasoning"": ""The background text explicitly states that to account for the observed matter in the universe, there is a required one excess quark per billion quark-antiquark pairs in the early universe. This is a direct fact from the provided context."",
  ""answer"": ""A""
}"
113,"What is the meaning of the term ""horror vacui""?",B,B,B,B,"{
  ""reasoning"": ""The term 'horror vacui' is a Latin phrase meaning 'fear of empty space.' It historically refers to the philosophical and scientific principle that nature avoids or abhors a vacuum, which was widely accepted before the concept of a vacuum was fully understood and demonstrated."",
  ""answer"": ""B""
}","{
  ""reasoning"": ""The question asks for the meaning of the term 'horror vacui,' which is a Latin phrase. The background context does not directly address this term, but based on general historical and philosophical knowledge, it is famously associated with the principle that 'nature abhors a vacuum.' This concept was widely held in medieval and early modern natural philosophy."",
  ""answer"": ""B""
}","{
  ""reasoning"": ""The term 'horror vacui' is a Latin phrase meaning 'nature abhors a vacuum.' It was a principle in ancient and medieval natural philosophy, not specifically tied to Descartes' metaphysics or coordinate systems. The background context does not directly cover this, but the correct meaning aligns with the historical scientific view."",
  ""answer"": ""B""
}"
114,What is the Droste effect?,D,D,D,D,"{
  ""reasoning"": ""The question asks about the Droste effect, which is not mentioned in the background context. The background covers fluid dynamics and mechanics, while the Droste effect is a visual or artistic concept involving recursive imagery. Based on general knowledge, the Droste effect refers to a picture containing a smaller version of itself, creating a recursive loop."",
  ""answer"": ""D""
}","{
  ""reasoning"": ""The question asks about the Droste effect, which is not directly covered in the provided background on fluid dynamics and mechanics. The background does not mention the Droste effect, so the answer must rely on general knowledge. The Droste effect is widely known as a visual recursion phenomenon where an image contains a smaller copy of itself, often associated with the Droste cocoa brand packaging."",
  ""answer"": ""D""
}","{
  ""reasoning"": ""The question asks about the Droste effect, which is a specific visual phenomenon involving recursion. None of the provided background context on fluid dynamics and mechanics is relevant to this question; the answer must rely on general knowledge of art and visual culture."",
  ""answer"": ""D""
}"
115,What is water hammer?,E,E,E,E,"{
  ""reasoning"": ""The background explicitly defines water hammer as a pressure surge or wave caused when a fluid in motion is forced to stop or change direction suddenly, which matches the description in option E. None of the other options accurately describe this phenomenon."",
  ""answer"": ""E""
}","{
  ""reasoning"": ""The background explicitly defines water hammer as a pressure surge or wave caused when a fluid in motion is forced to stop or change direction suddenly, often due to a valve closing quickly. This matches the description of a loud banging noise from a sudden stop of moving water and a resulting shock wave."",
  ""answer"": ""E""
}","{
  ""reasoning"": ""The background defines water hammer as a pressure surge or wave caused when a fluid in motion is forced to stop or change direction suddenly, often due to a valve closing quickly in a pipeline. This matches the description of a loud banging noise from sudden stoppage of water, creating a shock wave."",
  ""answer"": ""E""
}"
116,What is the reason for the stochastic nature of all observed resistance-switching processes?,B,B,B,B,"{
  ""reasoning"": ""The question asks about the stochastic nature of resistance-switching processes, which relates to non-equilibrium systems where thermal fluctuations drive transitions. Among the options, only B directly attributes the unpredictability to random thermal fluctuations triggering switching at unpredictable times, consistent with stochastic behavior in small-scale systems."",
  ""answer"": ""B""
}","{
  ""reasoning"": ""The question asks about the stochastic nature of resistance-switching processes, which relates to non-equilibrium thermodynamics and random thermal fluctuations triggering events. Among the options, only B directly attributes the unpredictability to random thermal fluctuations, which is consistent with stochastic behavior in physical systems near or away from equilibrium."",
  ""answer"": ""B""
}","{
  ""reasoning"": ""The question asks about the stochastic (random) nature of resistance-switching processes, which implies unpredictability in timing despite known driving factors. Among the options, only B directly attributes the randomness to thermal fluctuations, which are inherently unpredictable at the macroscopic level, making it impossible to know exactly when switching occurs."",
  ""answer"": ""B""
}"
117,What is the Einstein@Home project?,C,C,C,C,"{
  ""reasoning"": ""The question asks about the Einstein@Home project, which is not directly mentioned in the provided background. However, based on general knowledge, Einstein@Home is a distributed computing project that searches for gravitational waves using data from observatories like LIGO and GEO, and it processes data in small chunks across volunteer computers."",
  ""answer"": ""C""
}","{
  ""reasoning"": ""The question asks about the Einstein@Home project, which is a known distributed computing project for gravitational wave detection. From general knowledge, it uses data from LIGO and GEO detectors and distributes small work units to volunteers' computers to search for continuous gravitational waves, not supernovae or binary black hole signals."",
  ""answer"": ""C""
}","{
  ""reasoning"": ""The question asks about the Einstein@Home project, which is a known distributed computing project for gravitational wave astronomy. It uses data from LIGO and GEO, not SETI, and distributes small pieces to volunteer computers."",
  ""answer"": ""C""
}"
118,What happens to an initially inhomogeneous physical system that is isolated by a thermodynamic operation?,D,D,D,D,"{
  ""reasoning"": ""An isolated system does not exchange matter or energy with its surroundings, but it can still undergo internal changes due to internal processes like heat transfer, diffusion, or chemical reactions. An initially inhomogeneous isolated system will tend toward thermodynamic equilibrium over time through such internal processes."",
  ""answer"": ""D""
}","{
  ""reasoning"": ""An isolated system does not exchange energy or matter with its surroundings, but it can still undergo internal changes. An initially inhomogeneous system is not in thermodynamic equilibrium, so internal processes (like diffusion, heat conduction, or chemical reactions) will drive it toward equilibrium over time."",
  ""answer"": ""D""
}","{
  ""reasoning"": ""An isolated system does not exchange matter or energy with its surroundings, but it can still undergo internal changes. An initially inhomogeneous system is not in thermodynamic equilibrium, so internal processes (like diffusion, heat conduction, or chemical reactions) will drive it toward equilibrium over time."",
  ""answer"": ""D""
}"
119,"What is the concept of simultaneity in Einstein's book, Relativity?",A,A,A,A,"{
  ""reasoning"": ""The background mentions special relativity's treatment of time for inertial observers and the Einstein synchronisation convention. In special relativity, simultaneity is not absolute but depends on the observer's inertial frame of reference, which is a fundamental departure from Newtonian physics."",
  ""answer"": ""A""
}","{
  ""reasoning"": ""The background discusses special relativity's treatment of time and inertial observers, and the principle of relativity. In special relativity, simultaneity is not absolute but depends on the observer's inertial frame of reference."",
  ""answer"": ""A""
}","{
  ""reasoning"": ""The question asks about the concept of simultaneity in Einstein's theory of relativity. According to special relativity, simultaneity is not absolute but depends on the observer's inertial frame of reference, meaning two events simultaneous in one frame may not be simultaneous in another."",
  ""answer"": ""A""
}"
120,What is the Josephson effect?,A,A,A,A,"{
  ""reasoning"": ""The Josephson effect is a quantum phenomenon in superconductivity involving tunneling of Cooper pairs across a weak link, and is famously used in superconducting quantum interference devices (SQUIDs). The magnetic flux quantum is given by Φ0 = h/(2e), where h is Planck's constant, not the magnetic constant, and the effect is associated with superconducting, not merely magnetic, devices."",
  ""answer"": ""A""
}","{
  ""reasoning"": ""The question asks about the Josephson effect, which is a quantum phenomenon in superconductivity. The background mentions it is named after Brian David Josephson and involves superconducting devices like SQUIDs, and the magnetic flux quantum formula is h/(2e) with h being Planck's constant."",
  ""answer"": ""A""
}","{
  ""reasoning"": ""The question asks about the Josephson effect, which is a quantum phenomenon in superconductivity. From general physics knowledge, it is associated with superconducting devices like SQUIDs and involves the magnetic flux quantum formula Φ0 = h/(2e), where h is Planck's constant."",
  ""answer"": ""A""
}"
121,What is the SI unit of the physical quantity m/Q?,C,C,C,C,"{
  ""reasoning"": ""The quantity m/Q likely represents mass divided by electric charge, given common notation where m is mass and Q is electric charge. In the International System of Quantities (ISQ), the SI unit for mass is kilogram (kg) and for electric charge is coulomb (C). Therefore, the SI unit of m/Q is kilogram per coulomb."",
  ""answer"": ""C""
}","{
  ""reasoning"": ""The question asks for the SI unit of m/Q, where m likely stands for mass (SI unit kilogram) and Q likely stands for electric charge (SI unit coulomb). Therefore, the SI unit of m/Q is kilogram per coulomb (kg/C)."",
  ""answer"": ""C""
}","{
  ""reasoning"": ""The question asks for the SI unit of the physical quantity m/Q. In the context of the International System of Quantities (ISQ), m typically represents mass (SI unit: kilogram) and Q often represents electric charge (SI unit: coulomb). Therefore, m/Q is mass per charge, with SI unit kilogram per coulomb."",
  ""answer"": ""C""
}"
122,How many crystallographic point groups are there in three-dimensional space?,B,B,B,B,"{
  ""reasoning"": ""Crystallographic point groups in three-dimensional space describe the symmetry operations (rotations, reflections, inversion) around a point that are compatible with the translational symmetry of a crystal lattice. The number of such distinct groups is a well-established result in crystallography."",
  ""answer"": ""B""
}","{
  ""reasoning"": ""Crystallographic point groups are the finite symmetry groups of crystals in three dimensions, consistent with the translational periodicity of the crystal lattice. They are derived from the combination of proper and improper rotations that leave a point fixed while mapping the crystal structure onto itself. In 3D space, there are exactly 32 crystallographic point groups."",
  ""answer"": ""B""
}","{
  ""reasoning"": ""The question asks about the number of crystallographic point groups in three-dimensional space, which is a fundamental concept in crystallography. These are the finite symmetry groups compatible with the translational symmetry of crystals, and the standard number is well-established in the field."",
  ""answer"": ""B""
}"
123,What is the Liouville density?,A,B,A,A,"{
  ""reasoning"": ""The question asks about the Liouville density, which is a concept in statistical mechanics and quantum mechanics. The Liouville density in classical statistical mechanics is a probability distribution in phase space, while in quantum mechanics, the Wigner quasiprobability distribution plays an analogous role but is not a true probability distribution. Option B correctly identifies it as a quasiprobability distribution with an analogous role to a probability distribution for a quantum particle."",
  ""answer"": ""B""
}","{
  ""reasoning"": ""The question asks for the definition of the Liouville density, a concept from statistical mechanics. The background does not directly discuss Liouville density, but based on standard physics knowledge, it refers to a probability distribution in phase space for classical systems. Among the options, only A correctly describes it as a probability distribution for particles in phase space, while the others refer to quantum or quasiprobability distributions (like Wigner functions) which are not the Liouville density."",
  ""answer"": ""A""
}","{
  ""reasoning"": ""The question asks about the Liouville density, a concept from statistical mechanics and quantum theory. From the background, Liouville numbers are mentioned but unrelated; however, Liouville density is known in physics as a phase-space probability distribution for classical systems. Option A matches this classical interpretation, while the others refer to quantum quasiprobability distributions (like Wigner functions) which are not the Liouville density."",
  ""answer"": ""A""
}"
124,What are the four qualitative levels of crystallinity described by geologists?,B,B,B,B,"{
  ""reasoning"": ""The question asks for the four qualitative levels of crystallinity as defined in geology. The background explicitly states these levels: holocrystalline (completely crystalline), hypocrystalline (partially crystalline with glassy matrix), hypohyaline (partially glassy), and holohyaline (completely glassy)."",
  ""answer"": ""B""
}","{
  ""reasoning"": ""The background explicitly states: 'Geologists describe four qualitative levels of crystallinity: holocrystalline rocks are completely crystalline; hypocrystalline rocks are partially crystalline, with crystals embedded in an amorphous or glassy matrix; hypohyaline rocks are partially glassy; holohyaline rocks (such as obsidian) are completely glassy.' This directly matches the terms in option B."",
  ""answer"": ""B""
}","{
  ""reasoning"": ""The background explicitly states: 'Geologists describe four qualitative levels of crystallinity: holocrystalline rocks are completely crystalline; hypocrystalline rocks are partially crystalline, with crystals embedded in an amorphous or glassy matrix; hypohyaline rocks are partially glassy; holohyaline rocks (such as obsidian) are completely glassy.' This directly matches the set of terms in option B."",
  ""answer"": ""B""
}"
125,What is an order parameter?,D,D,D,D,"{
  ""reasoning"": ""The background mentions symmetry breaking being parametrized by an order parameter, and specifically discusses symmetry in systems where energy is invariant when the order parameter changes sign. This aligns with the concept in physics where an order parameter quantifies how much a symmetry is broken during a phase transition."",
  ""answer"": ""D""
}","{
  ""reasoning"": ""The background mentions symmetry breaking being parametrized by an order parameter, and specifically discusses a symmetric case where energy is invariant when the order parameter changes sign. This indicates an order parameter quantifies how much a symmetry is broken in a system, not directly measuring temperature, gravity, magnetic fields, or rotational symmetry alone."",
  ""answer"": ""D""
}","{
  ""reasoning"": ""The background mentions symmetry breaking being parametrized by an order parameter, specifically in the context of dynamical symmetry breaking and a system where energy is invariant under sign change of the order parameter. This indicates an order parameter quantifies how much a symmetry is broken in a system."",
  ""answer"": ""D""
}"
126,What is the significance of the discovery of the Crab pulsar?,B,B,B,B,"{
  ""reasoning"": ""The background explicitly states: 'The discovery of the Crab pulsar provided confirmation of the rotating neutron star model of pulsars.' Additionally, it notes that its 33-millisecond pulse period was too short for other proposed models."",
  ""answer"": ""B""
}","{
  ""reasoning"": ""The background explicitly states: 'The discovery of the Crab pulsar provided confirmation of the rotating neutron star model of pulsars.' This directly addresses the significance of the discovery, and no other model is supported by the text."",
  ""answer"": ""B""
}","{
  ""reasoning"": ""The background explicitly states: 'The discovery of the Crab pulsar provided confirmation of the rotating neutron star model of pulsars.' It also notes that its 33-millisecond pulse period was too short for other proposed models. Therefore, the discovery directly supported the neutron star theory."",
  ""answer"": ""B""
}"
127,What is the De Haas-Van Alphen effect?,C,C,C,C,"{
  ""reasoning"": ""The De Haas–Van Alphen effect is a quantum oscillatory phenomenon observed in the magnetic susceptibility of metals at low temperatures and high magnetic fields. It directly probes the Fermi surface geometry, with oscillation periods in 1/H related to extremal cross-sectional areas of the Fermi surface."",
  ""answer"": ""C""
}","{
  ""reasoning"": ""The De Haas-Van Alphen effect is a quantum oscillatory phenomenon observed in the magnetic susceptibility of metals at low temperatures and high magnetic fields. It directly probes the Fermi surface geometry, with oscillations periodic in 1/H, matching option C's description."",
  ""answer"": ""C""
}","{
  ""reasoning"": ""The De Haas–Van Alphen effect is a quantum mechanical phenomenon observed in metals at low temperatures and high magnetic fields, where the magnetic susceptibility oscillates as a function of the inverse magnetic field. These oscillations are directly linked to the extremal cross-sections of the Fermi surface, allowing the effect to be used to map Fermi surface properties."",
  ""answer"": ""C""
}"
128,"What is a ""coffee ring"" in physics?",E,E,E,E,"{
  ""reasoning"": ""The question asks for the physics definition of a 'coffee ring.' The background explicitly states it is a pattern left after evaporation of a particle-laden liquid, named for the ring-like deposit from spills like coffee or red wine. Option E matches this description precisely, while B omits the key evaporation aspect."",
  ""answer"": ""E""
}","{
  ""reasoning"": ""The question asks specifically about the physics definition of a 'coffee ring.' The background text explicitly states it is a pattern left after evaporation of a particle-laden liquid, named for the ring-like deposit from coffee or red wine spills. Option E matches this description exactly, while option B omits the key evaporation aspect."",
  ""answer"": ""E""
}","{
  ""reasoning"": ""The question asks specifically about the physics definition of a 'coffee ring.' The background states that in physics, a coffee ring is a pattern left after evaporation of a particle-laden liquid, named for the ring-like deposit from spills like coffee or red wine. Option E matches this definition precisely, while option B omits the key aspect of evaporation."",
  ""answer"": ""E""
}"
129,What is the significance of probability amplitudes in quantum mechanics?,E,E,E,E,"{
  ""reasoning"": ""The background states that probability amplitudes are complex numbers used to describe quantum systems, and their modulus squared gives probability densities. This directly shows they are the quantum analog of classical probabilities, but with distinct mathematical properties."",
  ""answer"": ""E""
}","{
  ""reasoning"": ""Probability amplitudes in quantum mechanics are complex numbers whose modulus squared gives the probability density for measurement outcomes. They are fundamental to the probabilistic nature of quantum mechanics, analogous to how classical probabilities describe uncertainty in classical systems, but with distinct mathematical rules (e.g., interference)."",
  ""answer"": ""E""
}","{
  ""reasoning"": ""The background states that probability amplitudes are complex numbers describing quantum systems, and their modulus squared gives probability densities. This directly supports that they function as the quantum analog of classical probabilities, but with distinct mathematical properties and rules."",
  ""answer"": ""E""
}"
130,What is the relationship between the amplitude of a sound wave and its loudness?,A,A,A,A,"{
  ""reasoning"": ""The background states that amplitude measures how forceful a sound wave is, and that loudness or intensity is measured in decibels, which describes the amplitude of a sound wave. Therefore, amplitude is directly related to loudness."",
  ""answer"": ""A""
}","{
  ""reasoning"": ""The background states that amplitude measures how forceful a sound wave is, and loudness is measured in decibels, which describes the amplitude. Therefore, amplitude is directly related to loudness."",
  ""answer"": ""A""
}","{
  ""reasoning"": ""The background states that amplitude measures how forceful a sound wave is, and that loudness (intensity) is measured in decibels, which describes the amplitude of the sound wave. Therefore, amplitude is directly related to loudness."",
  ""answer"": ""A""
}"
131,What are coherent turbulent structures?,C,C,C,C,"{
  ""reasoning"": ""The question asks about the definition of coherent turbulent structures, which are recognized in fluid dynamics as organized patterns within turbulence that exhibit temporal and spatial coherence over durations allowing statistical analysis. The background mentions complex flow fields and multi-scale motions, but does not directly define coherent structures, so the answer must rely on standard fluid dynamics knowledge."",
  ""answer"": ""C""
}","{
  ""reasoning"": ""The question asks for the definition of coherent turbulent structures. From fluid dynamics knowledge, these are organized patterns within turbulence that maintain their shape and coherence for a statistically significant duration, allowing time-averaged analysis."",
  ""answer"": ""C""
}","{
  ""reasoning"": ""The question asks about the definition of coherent turbulent structures. From fluid dynamics knowledge, coherent structures are organized, recurring patterns in turbulent flows that persist over time and can be analyzed statistically, distinguishing them from purely random fluctuations."",
  ""answer"": ""C""
}"
132,What is the main factor that determines the occurrence of each type of supernova?,E,E,E,E,"{
  ""reasoning"": ""The background does not explicitly list the main factor determining supernova types, but general astrophysical knowledge indicates that supernova classification (Type I vs. Type II) depends primarily on the presence or absence of hydrogen lines in the spectrum, which is linked to the progenitor star's mass and composition. Among the options, metallicity (the abundance of elements heavier than hydrogen and helium) influences a star's evolution, mass loss, and eventual core collapse or thermonuclear explosion, making it a key underlying factor."",
  ""answer"": ""E""
}","{
  ""reasoning"": ""The background text does not explicitly list the main factor determining supernova type, but general astronomical knowledge indicates that supernova types (Ia vs core-collapse) are primarily determined by the progenitor star's mass and composition. Among the given options, metallicity (the abundance of elements heavier than hydrogen and helium) is a key aspect of composition that influences stellar evolution and supernova outcomes, affecting processes like mass loss and nuclear burning."",
  ""answer"": ""E""
}","{
  ""reasoning"": ""The background context does not explicitly list the main factor determining supernova types, but general astronomical knowledge indicates that supernova types (Ia vs. core-collapse) are primarily determined by the progenitor star's mass and composition. Among the given options, metallicity (the abundance of elements heavier than hydrogen and helium) influences a star's evolution, mass loss, and eventual explosion mechanism, making it the most relevant factor listed."",
  ""answer"": ""E""
}"
133,What is the Erlangen program?,B,B,B,B,"{
  ""reasoning"": ""The question asks about the Erlangen program, which is a famous work in mathematics by Felix Klein. The background context does not directly mention the Erlangen program, but historical knowledge indicates it classifies geometries via group theory and projective geometry."",
  ""answer"": ""B""
}","{
  ""reasoning"": ""The Erlangen program is a well-known foundational work in geometry by Felix Klein that classifies geometries by their underlying symmetry groups, particularly through group theory and projective transformations. The background does not directly mention it, but the correct description matches option B, which specifies group theory and projective geometry."",
  ""answer"": ""B""
}","The question asks about the Erlangen program, which is a well-known concept in mathematics. The background context does not mention it, so the answer must rely on general knowledge. The Erlangen program, introduced by Felix Klein, classifies geometries by their underlying symmetry groups and is fundamentally tied to group theory and projective geometry.

{
  ""reasoning"": ""The Erlangen program is a foundational work in geometry by Felix Klein. It characterizes geometries by their invariant properties under transformation groups, emphasizing group theory and projective geometry."",
  ""answer"": ""B""
}"
134,What is emissivity?,C,C,C,C,"{
  ""reasoning"": ""The background does not directly define emissivity, but it discusses related terms like 'emit', 're-emit', and 'remission' in the context of light and radiation. Emissivity in physics is a property of a surface related to thermal radiation, not mechanical stress, heat conduction, visible light reflection, or sound waves."",
  ""answer"": ""C""
}","{
  ""reasoning"": ""The background mentions emission-related terms like 'emit' and 're-emission' in the context of light and radiation. Emissivity in physics specifically quantifies a surface's ability to emit thermal radiation compared to a perfect black body, which aligns with thermal radiation properties."",
  ""answer"": ""C""
}","{
  ""reasoning"": ""The background mentions terms related to emission, such as 're-emission' and 'emit', which involve sending out energy or particles. Emissivity in physics specifically refers to a surface's effectiveness in emitting thermal radiation relative to a black body, which ties to absorbing and emitting thermal energy."",
  ""answer"": ""C""
}"
135,Who was the first person to describe the pulmonary circulation system?,E,E,E,E,"{
  ""reasoning"": ""The question asks about the first person to describe the pulmonary circulation system. The background provided does not contain this historical information, but based on medical history, the pulmonary circulation was first accurately described by Ibn al-Nafis in the 13th century, correcting earlier misconceptions from Galen."",
  ""answer"": ""E""
}","{
  ""reasoning"": ""The question asks about the first person to describe the pulmonary circulation system. While Galen and others had earlier ideas about blood flow, the first accurate description of pulmonary circulation (blood moving from the heart to the lungs and back) is historically credited to Ibn al-Nafis in the 13th century, correcting earlier misconceptions."",
  ""answer"": ""E""
}","{
  ""reasoning"": ""The question asks about the first person to describe the pulmonary circulation system, which is a historical fact not directly covered in the provided background. The background explains pulmonary circulation's function but not its discovery. From medical history, Ibn al-Nafis is credited with the first accurate description of pulmonary circulation in the 13th century, correcting earlier misconceptions."",
  ""answer"": ""E""
}"
136,What is the fate of a carbocation formed in crystalline naphthalene?,E,A,A,A,"{
  ""reasoning"": ""The question asks about the fate of a carbocation in crystalline naphthalene, which is an aromatic hydrocarbon solid. Carbocations are electron-deficient and highly reactive; in an inert crystalline aromatic matrix like naphthalene, there are no nucleophiles or bases to trap it, but the aromatic system could stabilize it or allow electron transfer. Given the options, the most plausible outcome is that the carbocation remains trapped in the solid without further reaction, as naphthalene does not provide reactive partners like helium or pathways to become a negative ion or neutral radical easily."",
  ""answer"": ""A""
}","{
  ""reasoning"": ""The background mentions carbocations as cationic intermediates in various reactions, but the question specifically asks about a carbocation formed in crystalline naphthalene, which is an aromatic solid matrix. In such an inert, non-reactive crystalline environment, the carbocation would likely remain trapped as a positively charged species without readily reacting."",
  ""answer"": ""A""
}","{
  ""reasoning"": ""The background mentions carbocations as cationic intermediates in reactions, but the question asks about the fate of a carbocation in crystalline naphthalene, which is an aromatic solid. In such an inert, non-reactive crystalline environment, a carbocation would likely remain trapped as a positively charged species without undergoing further reaction."",
  ""answer"": ""A""
}"
137,What is the main focus of the Environmental Science Center at Qatar University?,D,D,B,B,"{
  ""reasoning"": ""The question asks about the main focus of the Environmental Science Center at Qatar University, but the background provided does not contain any information about Qatar University or its specific programs. Therefore, I cannot determine the correct answer from the given background."",
  ""answer"": ""D""
}","{
  ""reasoning"": ""The question asks about the main focus of the Environmental Science Center at Qatar University, but the background context does not provide any specific information about this center. Since the background is a general glossary of environmental science and unrelated institutions, I cannot determine the correct answer from the given text."",
  ""answer"": ""B""
}","{
  ""reasoning"": ""The background context does not provide specific information about the Qatar University Environmental Science Center's focus. However, given the interdisciplinary nature of environmental science described, which heavily integrates physical, chemical, and biological components, and the common emphasis on marine and atmospheric sciences in such centers, the most plausible answer aligns with core scientific disciplines rather than social or political sciences."",
  ""answer"": ""B""
}"
138,What is the purpose of obtaining surgical resection specimens?,A,A,A,A,"{
  ""reasoning"": ""The background explicitly states that surgical resection specimens are obtained by the therapeutic surgical removal of an entire diseased area or organ, often as definitive treatment. It emphasizes that pathological analysis of these specimens confirms diagnosis, stages disease, assesses margins, and guides postoperative care."",
  ""answer"": ""A""
}","{
  ""reasoning"": ""The background explicitly states that surgical resection specimens are obtained by the therapeutic surgical removal of an entire diseased area or organ, often as definitive treatment. It emphasizes that pathological analysis of these specimens confirms diagnosis, stages disease, assesses margins, and guides postoperative treatment."",
  ""answer"": ""A""
}","{
  ""reasoning"": ""The background explicitly states that surgical resection specimens are obtained by the therapeutic surgical removal of an entire diseased area or organ, often as definitive treatment. It emphasizes that pathological analysis of these specimens confirms diagnosis, stages disease, assesses margins, and guides postoperative treatment."",
  ""answer"": ""A""
}"
139,What is the function of mammary glands in mammals?,A,A,A,A,"{
  ""reasoning"": ""The question asks about the primary biological function of mammary glands in mammals. The background explicitly states that mammary glands produce milk to feed young offspring, which is a defining characteristic of mammals."",
  ""answer"": ""A""
}","{
  ""reasoning"": ""The question asks about the primary biological function of mammary glands in mammals. The background text explicitly states that mammary glands produce milk to feed young offspring, which is a defining characteristic of mammals."",
  ""answer"": ""A""
}","{
  ""reasoning"": ""The question asks for the primary biological function of mammary glands in mammals. The background text explicitly states that mammary glands produce milk to feed young offspring, which is a defining characteristic of mammals. The other options describe functions of other organ systems (respiratory, excretory, circulatory) not related to mammary glands."",
  ""answer"": ""A""
}"
140,What is the relationship between interstellar and cometary chemistry?,C,C,C,C,"{
  ""reasoning"": ""The background describes that organic compounds in primitive meteorites and interplanetary dust particles are thought to originate largely in the interstellar medium, and that interstellar molecules contributed to the carbon chemistry of comets and asteroids. It also mentions that research on interstellar molecule formation could impact our understanding of molecules present when the solar system formed, linking interstellar chemistry to cometary composition."",
  ""answer"": ""C""
}","{
  ""reasoning"": ""The background indicates that interstellar molecules and processes contribute to the organic compounds found in comets and asteroids, with cometary material thought to originate partly in the interstellar medium and be modified in the solar system. This suggests a connection, not a complete separation or identity."",
  ""answer"": ""C""
}","{
  ""reasoning"": ""The background text indicates that interstellar molecules contribute to the organic compounds found in comets and asteroids, and that research is exploring how interstellar chemistry relates to the molecular cloud from which the solar system formed. Specifically, it mentions that the organic compounds in primitive meteorites and interplanetary dust particles originate largely in the interstellar medium, and that comets contain material modified from interstellar sources."",
  ""answer"": ""C""
}"
141,What is the reason for recycling rare metals according to the United Nations?,E,E,E,E,"{
  ""reasoning"": ""The background text does not explicitly mention the United Nations or provide specific reasons for recycling rare metals. However, the general context emphasizes recycling non-ferrous scrap metals because secondary materials are vital to metallurgy and help conserve resources. Among the options, only E aligns with the idea that recycling low-production rare metals is urgent and a priority for conservation."",
  ""answer"": ""E""
}","{
  ""reasoning"": ""The background text does not directly mention the United Nations or rare metals recycling, but it emphasizes that non-ferrous scrap metals are vital to metallurgy and are widely recycled to support production and conserve resources. Among the options, only E aligns with the idea that recycling lower-production rare metals is urgent and a priority for conservation, which matches the general recycling rationale presented."",
  ""answer"": ""E""
}","{
  ""reasoning"": ""The background text does not directly mention the United Nations or specific reasons for recycling rare metals, but it emphasizes that non-ferrous scrap metals are vital to the metallurgy industry and that recycling conserves resources. The question asks for the UN's reasoning, which likely aligns with promoting recycling of scarce metals to address demand exceeding supply and conserve resources. Among the options, only E highlights urgency and prioritizes recycling of lower-production rare metals to conserve natural resources and energy, which fits a typical UN sustainability perspective."",
  ""answer"": ""E""
}"
142,What is radiometric dating?,B,B,B,B,"{
  ""reasoning"": ""The background repeatedly describes radiometric dating as using radioactive decay of isotopes (e.g., radiocarbon dating, Rb-Sr dating) to determine ages, and notes it was discovered in the early 20th century. This directly matches option B, while the other options refer to unrelated methods like sedimentation or fossil ages."",
  ""answer"": ""B""
}","{
  ""reasoning"": ""The background repeatedly describes radiometric dating as a method that uses radioactive decay of isotopes (like carbon-14, uranium, thorium, rubidium-strontium) to determine the age of materials. It also notes that radiometric dating providing absolute ages was discovered in the early 20th century, distinguishing it from earlier relative dating methods."",
  ""answer"": ""B""
}","{
  ""reasoning"": ""The background repeatedly describes radiometric dating as a method based on radioactive decay of isotopes (e.g., radiocarbon, Rb-Sr, U-Th-Pb) to determine ages. It also notes that radiometric dating was discovered in the early 20th century, replacing earlier relative dating techniques."",
  ""answer"": ""B""
}"
143,What is the role of methane in Fischer-Tropsch processes?,A,E,E,E,"{
  ""reasoning"": ""The Fischer-Tropsch process converts syngas (a mixture of CO and H₂) into liquid hydrocarbons. Methane is not a feedstock for the process; instead, syngas is typically derived from coal, natural gas (via reforming, not directly using methane in Fischer-Tropsch), or biomass. Methane can be a minor byproduct of Fischer-Tropsch synthesis due to side reactions."",
  ""answer"": ""E""
}","{
  ""reasoning"": ""The Fischer-Tropsch process converts synthesis gas (a mixture of CO and H₂) into liquid hydrocarbons. Methane is not a feedstock for the process; instead, synthesis gas is typically derived from coal, natural gas reforming, or biomass gasification. Methane can be a byproduct of Fischer-Tropsch reactions when lighter hydrocarbons are formed alongside longer-chain products."",
  ""answer"": ""E""
}","{
  ""reasoning"": ""The Fischer-Tropsch process typically converts synthesis gas (a mixture of CO and H₂) into liquid hydrocarbons. Methane is not a feedstock for the process; instead, methane reforming can produce the syngas, but methane itself is not directly used in Fischer-Tropsch. More commonly, methane is a minor byproduct in some Fischer-Tropsch reactions due to side reactions."",
  ""answer"": ""E""
}"
144,What is a phageome?,C,C,C,C,"{
  ""reasoning"": ""The background explicitly defines phageome as 'a community of bacteriophages and their metagenomes localized in a particular environment, similar to a microbiome.' It also clarifies that bacteriophages are viruses that infect bacteria and archaea, and that phageome is a subcategory of virome."",
  ""answer"": ""C""
}","{
  ""reasoning"": ""The background explicitly defines a phageome as 'a community of bacteriophages and their metagenomes localized in a particular environment, similar to a microbiome.' It also notes that bacteriophages are viruses that infect bacteria and archaea, but the term specifically refers to the bacteriophages themselves, not all viruses."",
  ""answer"": ""C""
}","{
  ""reasoning"": ""The background explicitly defines a phageome as a community of bacteriophages and their metagenomes in a particular environment, analogous to a microbiome. Option C matches this definition exactly, while the others incorrectly substitute bacteriophages with other microorganisms."",
  ""answer"": ""C""
}"
145,What is organography?,B,B,B,B,"{
  ""reasoning"": ""The background explicitly defines organography as 'the scientific description of the structure and function of the organs of living things.' This matches option B verbatim, while the other options are more specific or unrelated to the given definition."",
  ""answer"": ""B""
}","{
  ""reasoning"": ""The background explicitly defines organography as 'the scientific description of the structure and function of the organs of living things.' This matches option B exactly, while the other options are more specific or unrelated subfields of botany not mentioned in the provided context."",
  ""answer"": ""B""
}","{
  ""reasoning"": ""The question asks for the definition of organography. The background explicitly states: 'Organography (from Greek όργανο, organo, \""organ\""; and -γραφή, -graphy) is the scientific description of the structure and function of the organs of living things.' This directly matches one of the given options."",
  ""answer"": ""B""
}"
146,What is the definition of anatomy?,B,B,B,B,"{
  ""reasoning"": ""The background defines anatomy as a branch of biology concerned with the structure of organisms and their parts, and explicitly states it is a branch of morphology dealing with structure. Among the options, only B directly matches this definition."",
  ""answer"": ""B""
}","{
  ""reasoning"": ""The background text explicitly defines anatomy multiple times as a branch of biology or morphology concerned with the structure of organisms and their parts. It distinguishes anatomy from physiology (function) and biochemistry, aligning with a structural focus."",
  ""answer"": ""B""
}","{
  ""reasoning"": ""The background repeatedly defines anatomy as a branch of biology or morphology concerned with the structure of organisms and their parts. It distinguishes anatomy from physiology and biochemistry, which focus on function and chemical processes. Among the options, only B directly matches this core definition."",
  ""answer"": ""B""
}"
147,What is a trophic level in an ecological pyramid?,C,C,C,C,"{
  ""reasoning"": ""An ecological pyramid represents energy or biomass at each trophic level, where each level corresponds to a position in a food chain. Organisms at a given trophic level primarily obtain energy by consuming organisms from the level below them (e.g., herbivores eat producers, carnivores eat herbivores)."",
  ""answer"": ""C""
}","{
  ""reasoning"": ""The background defines an ecological pyramid as showing biomass or productivity at each trophic level, and trophic levels represent feeding positions in a food chain. Energy flows from lower to higher trophic levels, so organisms at a given level primarily obtain energy from the level below them."",
  ""answer"": ""C""
}","{
  ""reasoning"": ""An ecological pyramid represents energy or biomass at each trophic level, which corresponds to a feeding position in a food chain. Organisms at each trophic level primarily obtain energy by consuming organisms from the level below them, with producers (first trophic level) obtaining energy from abiotic sources like sunlight."",
  ""answer"": ""C""
}"
148,What is a crossover experiment?,B,B,B,B,"{
  ""reasoning"": ""The background repeatedly defines crossover experiments in chemistry as a technique to study reaction mechanisms by using labeled reactants to trace whether bonds break and re-form intramolecularly or intermolecularly. It specifically mentions distinguishing between intermolecular and intramolecular routes, as in the thermal Claisen rearrangement example."",
  ""answer"": ""B""
}","{
  ""reasoning"": ""The background repeatedly describes crossover experiments in chemistry as using labeling to distinguish between proposed reaction mechanisms, specifically mentioning the thermal Claisen rearrangement as an example of differentiating intermolecular vs. intramolecular pathways. While it also notes crossover studies in medicine, the question asks about a crossover experiment in general scientific terms, aligning with the chemical context provided."",
  ""answer"": ""B""
}","{
  ""reasoning"": ""The background explicitly describes crossover experiments in chemistry as a technique to study reaction mechanisms by using isotopic or other labels to trace whether bonds break and re-form within the same molecule or between different molecules. It specifically mentions distinguishing intermolecular vs. intramolecular routes, as in the thermal Claisen rearrangement example."",
  ""answer"": ""B""
}"
149,What is the role of IL-10 in the formation of Tr1 cells and tolerogenic DCs?,B,B,B,B,"{
  ""reasoning"": ""The question asks about the role of IL-10 in forming Tr1 cells and tolerogenic DCs. From immunology knowledge, IL-10 is known to promote the differentiation of Tr1 cells (a type of regulatory T cell) and tolerogenic dendritic cells, both of which are involved in immune tolerance. Tr1 cells characteristically produce high levels of IL-10 and TGF-β, and tolerogenic DCs produce IL-10 that supports Tr1 cell development, distinguishing them from Foxp3+ Tregs."",
  ""answer"": ""B""
}","{
  ""reasoning"": ""The question asks about the role of IL-10 in forming Tr1 cells and tolerogenic DCs. From immunology knowledge, IL-10 is known to promote the differentiation of Tr1 cells (a type of regulatory T cell) and tolerogenic dendritic cells, both of which are involved in immune tolerance. Tr1 cells are characterized by high IL-10 and TGF-β production, lack Foxp3 expression, and tolerogenic DCs can produce IL-10 to support Tr1 development."",
  ""answer"": ""B""
}","{
  ""reasoning"": ""The question asks about the role of IL-10 in forming Tr1 cells and tolerogenic DCs. Based on immunology knowledge, IL-10 promotes the development of both Tr1 cells and tolerogenic DCs, and these cells are characterized by high IL-10 production and dependence on IL-10 and TGF-β, distinct from Foxp3+ Tregs."",
  ""answer"": ""B""
}"
150,"What is the reason behind the designation of Class L dwarfs, and what is their color and composition?",B,B,B,B,"{
  ""reasoning"": ""The background context does not contain any information about astronomical stellar classifications, specifically Class L dwarfs. Therefore, the answer must rely on general astrophysical knowledge. Class L dwarfs are known to be cooler than M-type stars, appear dark red, and are brightest in infrared, with spectra featuring metal hydrides and alkali metals."",
  ""answer"": ""B""
}","{
  ""reasoning"": ""The background context does not provide information about astronomical stellar classifications, so the answer must rely on general knowledge. Class L dwarfs are known to be cooler than M-type stars, appear dark red, and are brightest in infrared due to their low temperatures. Their spectra show metal hydrides and alkali metals, and they are mostly substellar brown dwarfs."",
  ""answer"": ""B""
}","{
  ""reasoning"": ""The question asks about Class L dwarfs, which are astronomical objects, but the background provided is entirely about minerals, geology, and unrelated topics. None of the background information is relevant to stellar classification. Therefore, I must rely on general knowledge: Class L dwarfs are cooler than M-type stars, appear dark red, are brightest in infrared, and show metal hydrides and alkali metals in their spectra."",
  ""answer"": ""B""
}"
151,What was Isaac Newton's explanation for rectilinear propagation of light?,D,D,D,D,"{
  ""reasoning"": ""The question asks about Newton's explanation for rectilinear propagation of light. Historically, Newton favored a corpuscular (particle) theory of light over wave theory, and his model involved forces at interfaces to explain reflection and refraction. The correct option should reflect his rejection of wave theory, use of corpuscles, and a force perpendicular to the interface affecting the particles."",
  ""answer"": ""D""
}","{
  ""reasoning"": ""The question asks about Newton's explanation for the rectilinear propagation of light, which relates to his corpuscular theory of light. Newton rejected the wave theory and proposed that light consists of particles (corpuscles) that experience forces at interfaces. The key detail is whether he proposed the force acts perpendicular or parallel to the interface, and whether the critical angle corresponds to reaching the far or near side of the force field."",
  ""answer"": ""D""
}","{
  ""reasoning"": ""The question asks about Newton's explanation for the rectilinear propagation of light. Historically, Newton proposed a corpuscular (particle) theory of light, rejecting wave theory, and explained phenomena like refraction using forces perpendicular to the interface between media. The correct option should reflect this corpuscular model with a perpendicular force and define the critical angle in terms of the corpuscle's normal velocity reaching the far side of the force field."",
  ""answer"": ""D""
}"
152,What is the relationship between chemical potential and quarks/antiquarks?,A,A,A,A,"{
  ""reasoning"": ""The background does not explicitly define chemical potential in quark systems, but from general statistical mechanics and QCD, chemical potential (μ) for quark number is conjugate to net quark density. A positive μ favors quarks over antiquarks, creating an imbalance."",
  ""answer"": ""A""
}","{
  ""reasoning"": ""The question asks about the relationship between chemical potential (μ) and quarks/antiquarks. In particle physics and QCD, chemical potential quantifies the imbalance between particle and antiparticle number densities; for quarks, a positive μ indicates a net quark density (more quarks than antiquarks). Higher μ thus favors quarks over antiquarks."",
  ""answer"": ""A""
}","{
  ""reasoning"": ""The background mentions quark matter phases at high density and low temperature, such as in neutron stars, where a net baryon density implies more quarks than antiquarks. Chemical potential (μ) in this context quantifies the deviation from quark–antiquark symmetry; a higher μ corresponds to a greater excess of quarks over antiquarks."",
  ""answer"": ""A""
}"
153,What is the American Petroleum Institute (API) gravity?,A,A,A,A,"{
  ""reasoning"": ""The question asks about the definition of API gravity. The background does not explicitly define it, but from general petroleum engineering knowledge, API gravity is a standard measure of density for petroleum liquids relative to water. Among the options, only A correctly identifies it as a measure of how heavy or light petroleum is compared to water, consistent with its definition as an inverse density scale."",
  ""answer"": ""A""
}","{
  ""reasoning"": ""The question asks for the definition of API gravity, which is a standard petroleum industry measurement. Although the background text does not explicitly define API gravity, the correct answer is a well-known fact: API gravity quantifies the density of petroleum liquids relative to water, using an inverse scale measured in degrees."",
  ""answer"": ""A""
}","{
  ""reasoning"": ""The question asks about API gravity, which is a standard petroleum industry measure. The background does not define it directly, but general knowledge indicates API gravity is a density-based scale comparing petroleum liquids to water, not a measure of viscosity, freezing point, concentration, or pH."",
  ""answer"": ""A""
}"
154,What are the two main factors that cause resistance in a metal?,B,B,B,B,"{
  ""reasoning"": ""The question asks about the two main factors that cause electrical resistance in a metal. From general materials science knowledge, electrical resistance in metals increases with temperature due to increased lattice vibrations scattering electrons, and increases with impurities or alloying because foreign atoms disrupt the regular lattice, scattering electrons more effectively."",
  ""answer"": ""B""
}","{
  ""reasoning"": ""The question asks about the two main factors causing electrical resistance in a metal. From general physics and materials science, the primary factors are temperature (increased thermal vibrations scatter electrons) and purity (impurities or alloying elements disrupt the regular lattice, increasing scattering)."",
  ""answer"": ""B""
}","{
  ""reasoning"": ""The background mentions that in metals, electrical resistance increases with temperature due to increased atomic vibrations. It also discusses alloys and impurities affecting microstructure and properties, implying that purity (or lack thereof) influences resistance by introducing irregularities."",
  ""answer"": ""B""
}"
155,What is the significance of the redshift-distance relationship in determining the expansion history of the universe?,E,E,E,E,"{
  ""reasoning"": ""The redshift-distance relationship (Hubble's law) directly probes how expansion has changed over cosmic time. Distant galaxies, whose light has traveled for much longer times, provide a look-back into earlier expansion epochs, allowing reconstruction of the expansion history and inference of dark energy and matter content."",
  ""answer"": ""E""
}","{
  ""reasoning"": ""The redshift-distance relationship, through Hubble's law, allows us to infer the expansion rate at different cosmic times. Distant galaxies have light that has traveled for much longer times, probing earlier epochs of the universe and thus revealing the expansion history and the influence of matter and dark energy."",
  ""answer"": ""E""
}","{
  ""reasoning"": ""The redshift-distance relationship (Hubble's law) allows us to infer the expansion rate of the universe at different cosmic times, because light from more distant galaxies was emitted much earlier and thus probes the expansion history over billions of years. By comparing distances and redshifts, we can constrain the matter and energy content (like dark energy) that governs cosmic acceleration."",
  ""answer"": ""E""
}"
156,What is the Evans balance?,D,D,D,D,"{
  ""reasoning"": ""The question asks about the Evans balance, which is a specific instrument in chemistry or physics for measuring magnetic susceptibility. None of the background text directly mentions it, so I must rely on general knowledge. The Evans balance is known as a magnetic susceptibility balance that measures the force on a sample in a magnetic field gradient."",
  ""answer"": ""D""
}","{
  ""reasoning"": ""The question asks about the Evans balance, which is a classic method in chemistry and physics for measuring magnetic susceptibility. The background context does not mention Evans balance, so this relies on external knowledge: the Evans balance measures susceptibility by detecting the force change on a permanent magnet when a sample is introduced."",
  ""answer"": ""D""
}","{
  ""reasoning"": ""The question asks about the Evans balance, which is a classic method for measuring magnetic susceptibility in chemistry and physics. The Evans balance typically works by measuring the force change on a sample in a magnetic field gradient, and among the options, D correctly describes this as measuring the force change on a strong compact magnet when the sample is inserted."",
  ""answer"": ""D""
}"
157,What is the definition of dimension in mathematics?,C,C,C,C,"{
  ""reasoning"": ""The question asks for the mathematical definition of dimension. In mathematics, dimension is typically defined as the number of independent coordinates needed to specify a point on the object, and it is an intrinsic property—meaning it does not depend on any embedding space. For example, a curve is 1-dimensional regardless of whether it is embedded in 2D or 3D space."",
  ""answer"": ""C""
}","{
  ""reasoning"": ""The question asks for the mathematical definition of dimension. In mathematics, dimension is typically defined as the number of independent coordinates needed to specify a point on an object, and it is an intrinsic property, meaning it does not depend on any embedding space."",
  ""answer"": ""C""
}","{
  ""reasoning"": ""The question asks for the mathematical definition of dimension. In mathematics, dimension is typically defined as the number of independent coordinates needed to specify a point on the object, and it is an intrinsic property—meaning it does not depend on any embedding space."",
  ""answer"": ""C""
}"
158,What is accelerator-based light-ion fusion?,A,C,A,C,"{
  ""reasoning"": ""The background mentions heavy ion fusion as a fusion energy concept using a stream of high-energy ions from a particle accelerator to heat and compress fusion fuel, which is a subclass of inertial confinement fusion. This indicates that accelerator-based fusion typically involves complex systems, not simple setups, and the question specifically asks about light-ion fusion, implying the use of light ions like protons or deuterium rather than heavy ions."",
  ""answer"": ""C""
}","{
  ""reasoning"": ""The background mentions heavy ion fusion as a subclass of inertial confinement fusion using a particle accelerator to heat and compress fusion fuel. Light-ion fusion would similarly use accelerators to induce fusion with light ions, but the description of 'relatively easy to implement' with minimal equipment and low voltage (10 kV) does not align with the complexity of actual accelerator-based fusion approaches described."",
  ""answer"": ""A""
}","{
  ""reasoning"": ""The question asks about accelerator-based light-ion fusion, which is a subset of inertial confinement fusion using light ions from a particle accelerator to heat and compress fusion fuel. The background mentions heavy ion fusion as using a stream of high-energy ions from an accelerator, implying light-ion fusion is analogous but with light ions, and it is a complex accelerator-based method, not simple."",
  ""answer"": ""C""
}"
159,What is the interstellar medium (ISM)?,A,A,A,A,"{
  ""reasoning"": ""The interstellar medium (ISM) is defined as the material between stars within a galaxy, not between planets (interplanetary) or between galaxies (intergalactic). The background mentions 'interstellar medium' in contexts like methyl detection in molecular clouds, confirming it pertains to galactic interstellar space."",
  ""answer"": ""A""
}","{
  ""reasoning"": ""The question asks for the definition of the interstellar medium (ISM). The background mentions that 'Interstellar space - Interstellar medium - interstellar dust' and that methyl was discovered in the interstellar medium, which is located between stars in a galaxy. This matches the description of matter and radiation existing between stars, not between planets or galaxies."",
  ""answer"": ""A""
}","{
  ""reasoning"": ""The interstellar medium (ISM) is defined as the material between stars within a galaxy, not between galaxies or planets. The background mentions 'interstellar medium - interstellar dust' as distinct from interplanetary and intergalactic media, confirming the ISM's location within a galaxy."",
  ""answer"": ""A""
}"
160,What is the significance of the change in slope of the pinched hysteresis curves in ReRAM and other forms of two-terminal resistance memory?,A,A,A,A,"{
  ""reasoning"": ""The background text directly states that 'The change in slope of the pinched hysteresis curves demonstrates switching between different resistance states which is a phenomenon central to ReRAM and other forms of two-terminal resistance memory.' This is a clear and explicit match to one of the options."",
  ""answer"": ""A""
}","{
  ""reasoning"": ""The background explicitly states that the change in slope of the pinched hysteresis curves demonstrates switching between different resistance states, which is central to ReRAM and other two-terminal resistance memory. Other options either misrepresent the significance or refer to details not directly tied to the core phenomenon."",
  ""answer"": ""A""
}","{
  ""reasoning"": ""The question asks about the significance of the change in slope of pinched hysteresis curves in ReRAM and two-terminal resistance memory. The background explicitly states that the change in slope demonstrates switching between different resistance states, which is central to such memory technologies."",
  ""answer"": ""A""
}"
161,What is geometric quantization in mathematical physics?,E,E,E,E,"{
  ""reasoning"": ""Geometric quantization is a procedure in mathematical physics that constructs a quantum theory starting from a classical theory, preserving geometric structures and analogies between the two. The correct option should reflect that it aims to keep certain analogies manifest, not lose them."",
  ""answer"": ""E""
}","{
  ""reasoning"": ""Geometric quantization is a procedure in mathematical physics that starts from a classical system (described by symplectic geometry) and constructs a corresponding quantum system. The goal is to preserve geometric structures and analogies between classical and quantum theories, making the correspondence manifest."",
  ""answer"": ""E""
}","{
  ""reasoning"": ""Geometric quantization is a method in mathematical physics that starts from a classical theory and constructs a corresponding quantum theory. The goal is to preserve geometric structures and analogies between the classical and quantum descriptions, making the relationship manifest."",
  ""answer"": ""E""
}"
162,What is the definition of an improper rotation?,B,B,B,B,"{
  ""reasoning"": ""The background defines an improper rotation as a rotation about an axis combined with reflection in a plane perpendicular to that axis (or inversion about a point on the axis), with the operations commuting. The symmetry elements are the rotation axis and either the mirror plane, inversion point, or both."",
  ""answer"": ""B""
}","{
  ""reasoning"": ""The background states that an improper rotation is the composition of a rotation about an axis and a reflection in a plane perpendicular to that axis, or equivalently rotation plus inversion about a point on the axis. The order does not matter, and symmetry elements are the rotation axis and either the mirror plane, inversion point, or both."",
  ""answer"": ""B""
}","{
  ""reasoning"": ""The background clearly defines an improper rotation as a rotation about an axis combined with a reflection in a plane perpendicular to that axis (or inversion about a point on the axis), with the order being commutative. The symmetry elements are the rotation axis and either the mirror plane, inversion point, or both—not 'neither' nor a 'third plane'."",
  ""answer"": ""B""
}"
163,"What is power density in the context of energy systems, and how does it differ between renewable and non-renewable energy sources?",B,B,B,B,"{
  ""reasoning"": ""The question asks about power density in energy systems, which is not directly defined in the background, but the background touches on energy density and area-related factors for renewables. From general knowledge, power density (W/m²) typically refers to power output per unit land area. Fossil fuels and nuclear have high power density due to concentrated energy sources, while renewables like solar and wind have lower power density, requiring larger areas for equivalent output."",
  ""answer"": ""B""
}","{
  ""reasoning"": ""The question asks about power density, which is not directly defined in the background, but the background does discuss energy density and related concepts. Based on general energy systems knowledge, power density typically refers to power output per unit area, and fossil fuels and nuclear energy are known to have high power density, while renewables like wind and solar have lower power density, requiring larger land areas for the same output."",
  ""answer"": ""B""
}","{
  ""reasoning"": ""The question asks about power density differences between renewable and non-renewable sources. The background does not explicitly define power density, but general energy knowledge indicates fossil fuels and nuclear have high power density (large power from small areas), while renewables like wind and solar have much lower power density (requiring larger land areas for the same output)."",
  ""answer"": ""B""
}"
164,What is Modified Newtonian Dynamics (MOND)?,C,C,C,C,"{
  ""reasoning"": ""The background explicitly states: 'Modified Newtonian dynamics (MOND) is a hypothesis that proposes a modification of Newton's law of universal gravitation to account for observed properties of galaxies. It is an alternative to the hypothesis of dark matter...' This directly matches option C."",
  ""answer"": ""C""
}","{
  ""reasoning"": ""The background explicitly states: 'Modified Newtonian dynamics (MOND) is a hypothesis that proposes a modification of Newton's law of universal gravitation to account for observed properties of galaxies. It is an alternative to the hypothesis of dark matter...' This directly matches option C, while the others incorrectly reference Einstein's relativity, Coulomb's law, light behavior, or subatomic particles."",
  ""answer"": ""C""
}","{
  ""reasoning"": ""The background explicitly states that Modified Newtonian dynamics (MOND) is a hypothesis that proposes a modification of Newton's law of universal gravitation to account for observed properties of galaxies, and it is an alternative to dark matter. This directly matches one of the given options."",
  ""answer"": ""C""
}"
165,What is linear frame dragging?,D,D,D,D,"{
  ""reasoning"": ""The background mentions frame-dragging as a 'mutual' effect where an accelerated mass warps lightbeam geometry and coordinate systems, implying it arises from linear acceleration (linear momentum) as well as rotation. The description aligns with linear frame-dragging being a tiny, hard-to-detect effect compared to rotational frame-dragging."",
  ""answer"": ""D""
}","{
  ""reasoning"": ""The background mentions frame-dragging as the effect where an accelerated mass warps lightbeam geometry and coordinate systems, removing the distinction between accelerated and inertial frames. This suggests frame-dragging is a relativistic effect due to mass-energy and momentum. The question asks about linear frame dragging specifically, which should involve linear momentum (not rotational), and from general knowledge, it is a small, hard-to-measure effect compared to rotational frame-dragging."",
  ""answer"": ""D""
}","{
  ""reasoning"": ""The background mentions frame-dragging as a 'mutual' effect where an accelerated mass warps lightbeam geometry and coordinate systems, implying it relates to linear acceleration (linear momentum) as well as rotation. The question asks about linear frame dragging specifically, which is the counterpart to the more commonly discussed rotational frame-dragging (Lense-Thirring effect). Based on general relativity knowledge, linear frame-dragging is predicted but very small and hard to detect, unlike the rotational effect which has been measured but is still subtle."",
  ""answer"": ""D""
}"
166,What is explicit symmetry breaking in theoretical physics?,B,B,B,B,"{
  ""reasoning"": ""The question asks about explicit symmetry breaking, which is not directly defined in the provided background. However, from general theoretical physics knowledge, explicit symmetry breaking occurs when the Lagrangian or equations of motion contain terms that are not invariant under the symmetry, typically small perturbations that make the symmetry approximate rather than exact."",
  ""answer"": ""B""
}","{
  ""reasoning"": ""Explicit symmetry breaking refers to adding terms to the Lagrangian or equations of motion that are not invariant under the symmetry, thereby breaking it directly. This is typically considered when such terms are small perturbations, so the symmetry remains approximate, not when they are large."",
  ""answer"": ""B""
}","{
  ""reasoning"": ""Explicit symmetry breaking refers to adding terms to the Lagrangian or equations of motion that are not invariant under the symmetry, thereby breaking it directly. Typically, these terms are small, making the symmetry an approximate rather than exact property of the theory."",
  ""answer"": ""B""
}"
167,What is the role of the Higgs boson in the Standard Model?,D,D,D,D,"{
  ""reasoning"": ""The background states that the Higgs boson explains why elementary particles except the photon and gluon are massive. It explicitly mentions that the Higgs mechanism gives mass to the W and Z bosons and to leptons and quarks, but leaves the photon massless and does not give mass to gluons."",
  ""answer"": ""D""
}","{
  ""reasoning"": ""The background clearly states the Higgs boson explains why elementary particles except the photon and gluon are massive, and it gives mass to weak bosons (W and Z) and fermions like quarks and leptons. Photons and gluons remain massless in the Standard Model."",
  ""answer"": ""D""
}","{
  ""reasoning"": ""The background explicitly states that the Higgs boson explains why elementary particles except the photon and gluon are massive, and that it gives mass to the W and Z bosons and to leptons and quarks. It does not give mass to the massless photon and gluon, nor exclusively to composite particles."",
  ""answer"": ""D""
}"
168,What is Lorentz symmetry or Lorentz invariance in relativistic physics?,E,E,E,E,"{
  ""reasoning"": ""The question asks for the definition of Lorentz symmetry/invariance in relativistic physics. The background text explicitly states that it is 'an equivalence of observation or observational symmetry due to special relativity implying that the laws of physics stay the same for all observers that are moving with respect to one another within an inertial frame.' This matches the core principle of Lorentz invariance as a symmetry of physical laws under Lorentz transformations."",
  ""answer"": ""E""
}","{
  ""reasoning"": ""The question asks for the definition of Lorentz symmetry/invariance as used in relativistic physics. The background text explicitly states it is 'an equivalence of observation or observational symmetry due to special relativity implying that the laws of physics stay the same for all observers that are moving with respect to one another within an inertial frame.' This matches one option verbatim, while others describe related but distinct concepts like spacetime curvature, transformation properties, or specific effects."",
  ""answer"": ""E""
}","{
  ""reasoning"": ""The question asks for the definition of Lorentz symmetry/invariance as used in relativistic physics. The background text explicitly states: 'Lorentz symmetry or Lorentz invariance ... is an equivalence of observation or observational symmetry due to special relativity implying that the laws of physics stay the same for all observers that are moving with respect to one another within an inertial frame.' This matches one of the options verbatim."",
  ""answer"": ""E""
}"
169,What is the significance of Baryon Acoustic Oscillations (BAOs) in the study of the universe?,A,A,A,A,"{
  ""reasoning"": ""The background text explains that BAOs are fluctuations in baryonic matter density from early universe acoustic waves, creating a 'standard ruler' of about 147 Mpc in galaxy clustering. This scale is used to constrain cosmological parameters like the Hubble constant and matter density, supporting models like Lambda-CDM."",
  ""answer"": ""A""
}","{
  ""reasoning"": ""The background repeatedly states that BAOs provide a 'standard ruler' for cosmological distance measurements, with a specific scale of about 147 Mpc in today's universe. This scale is detected as a subtle statistical preference in the separation of galaxy pairs, which helps constrain cosmological parameters like the Hubble constant and matter density."",
  ""answer"": ""A""
}","{
  ""reasoning"": ""The background repeatedly emphasizes that BAO provides a 'standard ruler' length scale imprinted in the large-scale structure of matter, which is used to measure cosmological distances and constrain parameters like dark energy. Specifically, it mentions a subtle preference for galaxy pairs separated by about 147 Mpc, matching option A."",
  ""answer"": ""A""
}"
170,What can be inferred about the electronic entropy of insulators and metals based on their densities of states at the Fermi level?,B,B,B,B,"{
  ""reasoning"": ""The background states that in an insulator or semiconductor, the Fermi level lies in a band gap, meaning the density of states at the Fermi level is zero. In a metal, the Fermi level lies within a band, giving a non-zero density of states. Electronic entropy near absolute zero is proportional to temperature times the density of states at the Fermi level."",
  ""answer"": ""B""
}","{
  ""reasoning"": ""The background mentions that in a one-dimensional crystal, an even number of electrons fills whole bands, leaving a gap at the Fermi level for insulators/semiconductors, while an odd number leads to a half-filled band and metallic behavior with states at the Fermi level. Electronic entropy from the density of states near the Fermi level is proportional to temperature and the density of states at the Fermi level, which is zero for insulators but finite for metals."",
  ""answer"": ""B""
}","{
  ""reasoning"": ""The background states that for a one-dimensional crystal, an even number of electrons per atom fills whole bands, leaving a gap at the Fermi level, making the material an insulator or semiconductor with no states at the Fermi level. In contrast, an odd number leads to a half-filled band, giving a non-zero density of states at the Fermi level and metallic behavior. Electronic entropy from the density of states near the Fermi level is proportional to temperature and the density of states at the Fermi level, so metals have such entropy while insulators do not."",
  ""answer"": ""B""
}"
171,What are permutation-inversion groups?,E,E,E,E,"{
  ""reasoning"": ""The question asks for the definition of permutation-inversion groups, which are a concept in molecular symmetry. The background mentions permutations as bijections and groups acting on sets, but does not explicitly define permutation-inversion groups. However, from chemical physics context, these groups involve permutations of identical nuclei and spatial inversion, not limited to rotations about a specific axis."",
  ""answer"": ""E""
}","{
  ""reasoning"": ""The question asks about the definition of permutation-inversion groups, which are a concept in molecular symmetry and group theory, specifically concerning operations on molecules with identical nuclei. The correct definition involves symmetry operations that are energetically feasible permutations of identical nuclei and/or inversion through the center of mass, not limited to rotations about a specific axis like C3."",
  ""answer"": ""E""
}","{
  ""reasoning"": ""The question asks about the definition of permutation-inversion groups, which are a concept in molecular symmetry involving permutations of identical nuclei and spatial inversion. The background mentions permutations as bijections and groups acting on structures, but the specific term 'permutation-inversion groups' is not directly covered. However, based on standard chemical physics knowledge, these groups involve feasible permutations of identical nuclei and/or inversion through the center of mass."",
  ""answer"": ""E""
}"
172,What is the relationship between dielectric loss and the transparency of a material?,B,B,B,B,"{
  ""reasoning"": ""The background explains that dielectric constant relates to optical properties, and that absorption reduces transmittance. Dielectric loss is associated with energy dissipation in a dielectric material, which manifests as absorption of electromagnetic energy, particularly at higher frequencies where dipoles cannot follow the field, leading to reduced transparency."",
  ""answer"": ""B""
}","{
  ""reasoning"": ""The background discusses how the dielectric constant relates to optical properties, noting that the imaginary part of the refractive index (linked to dielectric loss) comes from the dielectric constant. Dielectric loss corresponds to energy absorption in the material, which reduces transmitted light, especially at higher frequencies where such losses are more pronounced."",
  ""answer"": ""B""
}","{
  ""reasoning"": ""The background discusses how dielectric constant relates to optical properties, noting that the imaginary refractive index (linked to dielectric loss) comes from the square root of the dielectric constant. Dielectric loss corresponds to absorption of electromagnetic energy, which reduces transmitted light, especially at higher frequencies where such losses are more prominent."",
  ""answer"": ""B""
}"
173,What is the purpose of measuring the Larmor precession fields at about 100 microtesla with highly sensitive superconducting quantum interference devices (SQUIDs) in ultra-low field MRI?,C,C,C,C,"{
  ""reasoning"": ""The question asks about the purpose of measuring Larmor precession fields at ~100 µT with SQUIDs in ultra-low field MRI. The background context does not directly address MRI, but the options relate to MRI principles. Ultra-low field MRI using SQUIDs aims to achieve usable MRI signals in very low magnetic fields, where traditional MRI hardware struggles. Option C correctly identifies that this approach is used to obtain sufficient signal quality in the microtesla-to-millitesla range, which aligns with the purpose of such sensitive detectors in low-field MRI."",
  ""answer"": ""C""
}","{
  ""reasoning"": ""The question asks about the purpose of measuring Larmor precession fields at about 100 microtesla with SQUIDs in ultra-low field MRI. Ultra-low field MRI operates in the microtesla-to-millitesla range, and SQUIDs are highly sensitive detectors used to achieve sufficient signal quality at such low fields, as mentioned in option C."",
  ""answer"": ""C""
}","{
  ""reasoning"": ""The question is about ultra-low field MRI using SQUIDs to measure Larmor precession at very low magnetic fields (microtesla range). The key point is that such low-field MRI has been demonstrated to achieve sufficient signal quality in the microtesla-to-millitesla range, and SQUIDs are used for their high sensitivity to detect the weak signals in this regime."",
  ""answer"": ""C""
}"
174,What is the difference between illuminance and luminance?,B,B,B,B,"{
  ""reasoning"": ""The background discusses photometric units like luminous flux (lumens) and distinguishes between luminance (brightness as perceived from a surface or source) and illuminance (light incident on a surface). Illuminance measures incident light per unit area (e.g., lux), while luminance measures light emitted, reflected, or transmitted per unit area in a given direction."",
  ""answer"": ""B""
}","{
  ""reasoning"": ""The background discusses photometric units like luminous flux and luminance, and mentions illuminance indirectly via 'lux' as a measure of intensity. Illuminance is indeed the luminous flux incident on a surface per unit area (measured in lux), while luminance is the light emitted, reflected, or transmitted by a surface per unit area in a given direction (brightness perception)."",
  ""answer"": ""B""
}","{
  ""reasoning"": ""The background discusses photometric units like luminous flux and luminance, and mentions illuminance indirectly via terms like 'lux' and 'foot-candles'. From standard photometry, illuminance is the luminous flux incident on a surface per unit area (light falling on a surface), while luminance is the luminous intensity emitted or reflected from a surface per unit area in a given direction (light emitted or reflected per unit area)."",
  ""answer"": ""B""
}"
175,What is a magnetic monopole in particle physics?,E,E,E,E,"{
  ""reasoning"": ""The background explicitly defines a magnetic monopole in particle physics as a hypothetical elementary particle that is an isolated magnet with only one magnetic pole (a north pole without a south pole or vice versa). This directly matches one of the given options."",
  ""answer"": ""E""
}","{
  ""reasoning"": ""The background text explicitly defines a magnetic monopole in particle physics as a hypothetical elementary particle that is an isolated magnet with only one magnetic pole. This means it would have either a north pole without a south pole, or vice versa."",
  ""answer"": ""E""
}","{
  ""reasoning"": ""The background explicitly defines a magnetic monopole in particle physics as a hypothetical elementary particle that is an isolated magnet with only one magnetic pole, meaning it would have a net north or south 'magnetic charge'. This directly matches one of the given options."",
  ""answer"": ""E""
}"
176,What is the difference between redshift due to the expansion of the universe and Doppler redshift?,D,E,E,E,"{
  ""reasoning"": ""The background distinguishes cosmological redshift from Doppler redshift by explaining that cosmological redshift arises from the expansion of space itself over the entire travel time of light (affecting the scale factor a(t)), while Doppler redshift is due to local relative motion at the source or observer. Therefore, cosmological redshift depends on how a(t) changes between emission and absorption, not just local velocities."",
  ""answer"": ""E""
}","{
  ""reasoning"": ""The question asks about the fundamental distinction between cosmological redshift (due to expansion of the universe) and Doppler redshift (due to local relative motion). Cosmological redshift is caused by the stretching of space itself over the entire travel time of light, which depends on the expansion factor a(t) integrated from emission to absorption. Doppler redshift is an instantaneous effect from relative velocity at the time of emission/reception, depending on the rate of change of a(t) at those specific times."",
  ""answer"": ""E""
}","{
  ""reasoning"": ""The question asks about the conceptual distinction between cosmological redshift (due to expansion of the universe) and Doppler redshift (due to relative motion). Cosmological redshift arises from the stretching of photon wavelengths as space expands over the entire travel time from emission to absorption, which depends on the change in the scale factor a(t) over that period. Doppler redshift, in contrast, is a local effect caused by the relative velocity between source and observer at the times of emission and absorption."",
  ""answer"": ""E""
}"
177,What is the relationship between Coordinated Universal Time (UTC) and Universal Time (UT1)?,D,D,C,D,"{
  ""reasoning"": ""The background states that DUT1 is the difference between UT1 (based on Earth's rotation) and UTC (based on atomic clocks). It also notes that UTC is kept close to UT1 by introducing leap seconds, which are one-second adjustments."",
  ""answer"": ""D""
}","{
  ""reasoning"": ""The background explicitly states that DUT1 is the difference between UT1 (based on Earth's rotation) and UTC (based on atomic clocks). UTC is an atomic time scale that approximates UT1 but differs by a non‑integral number of seconds, and leap seconds are inserted to keep UTC within 0.9 s of UT1."",
  ""answer"": ""C""
}","{
  ""reasoning"": ""The background states that DUT1 is the difference between UT1 (based on Earth's rotation) and UTC (based on atomic clocks). It also notes that UTC is kept close to UT1 by adding leap seconds, which are one-second adjustments."",
  ""answer"": ""D""
}"
178,What is the reason for heating metals to a temperature just above the upper critical temperature?,C,C,A,A,"{
  ""reasoning"": ""The question refers to heating metals above the upper critical temperature, which is a heat treatment step typically aimed at forming austenite in steel for processes like hardening. This heating is intended to refine the grain structure; allowing grains to grow too large from excessive temperature or time generally weakens mechanical properties. Therefore, preventing excessive grain growth helps maintain or enhance properties like toughness and strength."",
  ""answer"": ""C""
}","{
  ""reasoning"": ""The question refers to a heat treatment process where heating above the upper critical temperature is typically done to dissolve carbides and form austenite in steel, followed by quenching to produce martensite. Controlling grain size during heating is important because excessively large grains can reduce mechanical properties like toughness and strength, so the goal is to prevent grain coarsening."",
  ""answer"": ""A""
}","{
  ""reasoning"": ""The question refers to heating metals above the upper critical temperature, which is a heat treatment step (like austenitizing in steel) to dissolve carbides and form a homogeneous austenitic structure. This is typically followed by quenching to form martensite, and grain size control during heating is critical because excessively large grains can reduce toughness and strength."",
  ""answer"": ""A""
}"
179,What is the cause of the observed change in the periods of moons orbiting a distant planet when measured from Earth?,C,C,C,C,"{
  ""reasoning"": ""The question asks about an observed change in orbital periods of moons around a distant planet as measured from Earth. This is a classic astronomical effect caused by the finite speed of light and the changing distance between Earth and the planet as Earth orbits the Sun, which alters the time light takes to reach us."",
  ""answer"": ""C""
}","{
  ""reasoning"": ""The question asks about an observed change in orbital periods of moons as measured from Earth. This is a classic astronomical timing effect: when Earth is closer to the planet, light travel time is shorter, making events appear to occur earlier; when Earth is farther, light takes longer, making events appear delayed. The observed period seems to vary due to the changing distance light must travel across Earth's orbit."",
  ""answer"": ""C""
}","{
  ""reasoning"": ""The question describes a change in observed orbital periods of moons around a distant planet as seen from Earth, linked to Earth's orbital position. This is a classic light travel time effect: when Earth is closer to the planet, light arrives sooner than when Earth is farther away, altering the apparent timing of orbital events."",
  ""answer"": ""C""
}"
180,What is the origin of the radio emission observed from supernova remnants?,B,B,B,B,"{
  ""reasoning"": ""The background explicitly states that most radio emission from supernova remnants is a form of non-thermal synchrotron emission, produced by high-velocity electrons oscillating in magnetic fields. This distinguishes it from thermal emission from ionized gas, which is more prominent in optical and X-ray wavelengths."",
  ""answer"": ""B""
}","{
  ""reasoning"": ""The background explicitly states that a great amount of the radio emission from supernova remnants is a form of non-thermal emission called synchrotron emission, and that this emission originates from high-velocity electrons oscillating within magnetic fields. Options that attribute the radio emission to thermal processes, gas rebound, fusion, or simply expansion of the shell are incorrect based on the provided text."",
  ""answer"": ""B""
}","{
  ""reasoning"": ""The background states that while optical and X-ray emission from supernova remnants comes from ionized gas, the radio emission is a form of non-thermal synchrotron emission produced by high-velocity electrons oscillating in magnetic fields."",
  ""answer"": ""B""
}"
181,What is the relationship between the Hamiltonians and eigenstates in supersymmetric quantum mechanics?,A,A,A,A,"{
  ""reasoning"": ""Supersymmetric quantum mechanics involves partner Hamiltonians connected by supersymmetry transformations. A key feature is that, except possibly for a zero-energy ground state, the eigenstates of the two partner Hamiltonians are paired and share the same energy eigenvalues."",
  ""answer"": ""A""
}","{
  ""reasoning"": ""Supersymmetric quantum mechanics pairs two Hamiltonians through supercharges. The eigenstates of the two Hamiltonians are related, and except for a possible zero-energy ground state, they share the same energy spectrum."",
  ""answer"": ""A""
}","{
  ""reasoning"": ""Supersymmetric quantum mechanics (SUSY QM) involves pairs of partner Hamiltonians connected by supersymmetry transformations. A key feature is that, except possibly for a zero-energy ground state, the eigenstates of the two partner Hamiltonians are paired and share the same energy eigenvalues."",
  ""answer"": ""A""
}"
182,What is the proposed name for the field that is responsible for cosmic inflation and the metric expansion of space?,A,A,A,A,"{
  ""reasoning"": ""The question asks for the proposed name of the field responsible for cosmic inflation and metric expansion. In theoretical cosmology, the hypothetical field driving inflation is known as the 'inflaton' field, a scalar field that triggers exponential expansion."",
  ""answer"": ""A""
}","{
  ""reasoning"": ""The question asks for the proposed name of the field responsible for cosmic inflation and metric expansion. In cosmological models, the hypothetical field driving inflation is called the 'inflaton' field, which is a scalar field. The background does not directly mention this, but the term matches the context of eternal inflation and inflationary theory discussed."",
  ""answer"": ""A""
}","{
  ""reasoning"": ""The question asks for the proposed name of the field responsible for cosmic inflation and metric expansion. In inflationary cosmology, the hypothetical field driving this rapid expansion is known as the inflaton field, often modeled as a scalar field."",
  ""answer"": ""A""
}"
183,Which of the following statements accurately describes the characteristics of gravitational waves?,C,C,C,C,"{
  ""reasoning"": ""The question asks for the correct description of gravitational wave characteristics, specifically the symbols for amplitude, frequency, and wavelength, along with the correct quadrupole formula. In gravitational wave physics, amplitude is typically denoted by h (strain), frequency by f, and wavelength by λ, with the quadrupole formula originating from Einstein's general relativity, not Newtonian gravity."",
  ""answer"": ""C""
}","{
  ""reasoning"": ""The question tests knowledge of gravitational wave parameters and their correct notation. In gravitational wave astronomy, the amplitude is conventionally denoted by h (strain), frequency by f, and wavelength by λ, with the quadrupole formula originating from Einstein's general relativity, not Newtonian gravity."",
  ""answer"": ""C""
}","{
  ""reasoning"": ""The question asks for the correct description of gravitational wave characteristics. Standard notation in gravitational wave physics uses h for the dimensionless strain amplitude (size of the wave), f for frequency, and λ for wavelength. The quadrupole formula for gravitational wave emission comes from Einstein's general relativity, not Newtonian gravity."",
  ""answer"": ""C""
}"
184,What is the difference between the coevolution of myrmecophytes and the mutualistic symbiosis of mycorrhiza?,A,A,A,A,"{
  ""reasoning"": ""The question asks for the difference between two mutualistic relationships: myrmecophytes with ants and mycorrhiza with fungi. The background mentions mycorrhizas as symbiotic relationships between plants and fungi, but does not detail myrmecophytes; however, general biological knowledge indicates myrmecophytes involve ants. Option A correctly describes both interactions with accurate partners and exchanged resources."",
  ""answer"": ""A""
}","{
  ""reasoning"": ""The question asks about the difference between two mutualistic relationships: myrmecophytes with ants, and mycorrhiza with fungi. The background mentions mycorrhizas as symbiotic relationships between plants and fungi, but does not detail myrmecophytes. However, general biological knowledge confirms that myrmecophytes involve ants, not other organisms, and mycorrhiza involves fungi, not birds, bacteria, or insects. Option A correctly describes both interactions."",
  ""answer"": ""A""
}","{
  ""reasoning"": ""The question asks about the difference between two mutualistic relationships: myrmecophytes with ants, and mycorrhiza between plants and fungi. The background mentions mycorrhiza as a symbiotic relationship where fungi help plants gain water and minerals in exchange for carbohydrates, and myrmecophytes are known from general biology to involve ants receiving shelter/food and providing defense."",
  ""answer"": ""A""
}"
185,What is the Kelvin-Helmholtz instability and how does it affect Earth's magnetosphere?,A,A,A,A,"{
  ""reasoning"": ""The question asks specifically about the Kelvin-Helmholtz instability and its effect on Earth's magnetosphere. The Kelvin-Helmholtz instability arises from velocity shear between two fluids or plasmas, such as at the magnetopause boundary where the solar wind flows past the magnetosphere, leading to wave growth, turbulence, and potentially magnetic reconnection that allows solar wind entry."",
  ""answer"": ""A""
}","{
  ""reasoning"": ""The question asks about the Kelvin-Helmholtz instability and its effect on Earth's magnetosphere. The Kelvin-Helmholtz instability arises due to velocity shear between two fluids or plasmas, such as at the magnetopause boundary where the solar wind flows past the magnetosphere, leading to wave growth, turbulence, and possibly magnetic reconnection that allows solar wind entry."",
  ""answer"": ""A""
}","{
  ""reasoning"": ""The Kelvin-Helmholtz instability arises at velocity shear interfaces in fluids or plasmas, such as at the magnetopause boundary where the solar wind flows past Earth's magnetosphere. This instability can generate waves and vortices that drive magnetic reconnection, allowing solar wind particles to enter the magnetosphere."",
  ""answer"": ""A""
}"
186,What is the significance of the high degree of fatty-acyl disorder in the thylakoid membranes of plants?,C,C,C,C,"{
  ""reasoning"": ""The background discusses how membrane fluidity is regulated by the balance of saturated and unsaturated fatty acids, with increased unsaturated fatty acids at lower temperatures to maintain fluidity. Thylakoid membranes in plants likely have a high degree of fatty-acyl disorder (i.e., unsaturated fatty acids) to ensure membrane functionality in varying temperatures, especially cold."",
  ""answer"": ""C""
}","{
  ""reasoning"": ""The question relates to membrane fluidity in thylakoid membranes, which is influenced by fatty-acyl chain saturation. The background notes that unsaturated fatty acids increase at lower temperatures to maintain membrane fluidity in poikilotherms, which includes plants."",
  ""answer"": ""C""
}","{
  ""reasoning"": ""The question relates to membrane fluidity in plants, specifically thylakoid membranes. The background states that unsaturated fatty acids increase at lower temperatures to maintain membrane fluidity, which suggests that a high degree of fatty-acyl disorder (unsaturation) helps maintain fluidity even in cold conditions."",
  ""answer"": ""C""
}"
187,What is the explanation for the effective supersymmetry in quark-diquark models?,A,A,A,A,"{
  ""reasoning"": ""The question refers to the effective supersymmetry in quark-diquark models, which is a concept in hadron physics where a diquark pair inside a baryon can mimic the behavior of an antiquark under certain conditions. The key idea is that at low resolution (coarse resolution), two quarks in a color-antitriplet state combine to appear as an anti-color, making the diquark effectively resemble an antiquark, leading to baryon-meson symmetry."",
  ""answer"": ""A""
}","{
  ""reasoning"": ""The question addresses how a diquark cluster in a baryon can mimic an antiquark under certain conditions, leading to supersymmetry between baryons and mesons. The key is that two quarks in a color-antitriplet state combine to give an effective anti-color when viewed at a coarse resolution, making the baryon resemble a meson."",
  ""answer"": ""A""
}","{
  ""reasoning"": ""The question asks about effective supersymmetry in quark-diquark models, which relates to how a diquark cluster (two quarks in a color-antitriplet state) can appear as an antiquark when viewed at low resolution, making a baryon resemble a meson. This is a known concept in hadron spectroscopy where approximate supersymmetry emerges because a diquark in the color 3* representation can be treated similarly to an antiquark in the color 3 representation under coarse-grained observation."",
  ""answer"": ""A""
}"
188,What is the relationship between the complete electromagnetic Hamiltonian of a molecule and the parity operation?,D,D,D,D,"{
  ""reasoning"": ""The background states that the complete electromagnetic Hamiltonian commutes with (is invariant to) the parity operation, and its eigenvalues can be labeled + or - as they are even or odd. This directly matches an option stating invariance and the +/- labeling."",
  ""answer"": ""D""
}","{
  ""reasoning"": ""The background states that the complete electromagnetic Hamiltonian of any molecule commutes with (is invariant to) the parity operation, and its eigenvalues can be labeled + or - as they are even or odd, respectively."",
  ""answer"": ""D""
}","{
  ""reasoning"": ""The background states that the complete electromagnetic Hamiltonian of any molecule commutes with (is invariant to) the parity operation P, and its eigenvalues can be labeled + or − as they are even or odd, respectively."",
  ""answer"": ""D""
}"
189,What is the difference between active and passive transport in cells?,B,B,B,B,"{
  ""reasoning"": ""The question asks about the key difference between active and passive transport in cells. From the background, passive transport (like facilitated diffusion via uniporters) moves substances along a concentration or electrochemical gradient without cellular energy input, while active transport requires energy to move substances against a gradient."",
  ""answer"": ""B""
}","{
  ""reasoning"": ""The background mentions that transcellular transport can occur via active transport, passive transport, and transcytosis. Passive transport moves substances along a concentration gradient without cellular energy, while active transport moves substances against a gradient and requires energy input from the cell."",
  ""answer"": ""B""
}","{
  ""reasoning"": ""The question asks about the fundamental difference between active and passive transport across cell membranes. From the background, passive transport (like facilitated diffusion via uniporters) moves substances along a concentration gradient without cellular energy, while active transport moves substances against a gradient and requires energy input from the cell."",
  ""answer"": ""B""
}"
190,What is the Heisenberg uncertainty principle and how does it relate to angular momentum in quantum mechanics?,E,D,D,D,"{
  ""reasoning"": ""The question asks specifically about the Heisenberg uncertainty principle's relation to angular momentum in quantum mechanics. The background states that angular momentum is subject to the Heisenberg uncertainty principle, meaning only one component can be measured precisely at a time, leaving the other two uncertain, and that angular momentum is expressed as an operator with quantized eigenvalues."",
  ""answer"": ""D""
}","{
  ""reasoning"": ""The question asks specifically about the Heisenberg uncertainty principle's relation to angular momentum. The background states that angular momentum is subject to the Heisenberg uncertainty principle, meaning only one projection can be measured precisely at a time, leaving the other two uncertain, and that angular momentum is expressed as an operator with quantized eigenvalues."",
  ""answer"": ""D""
}","{
  ""reasoning"": ""The question asks specifically about the Heisenberg uncertainty principle's relation to angular momentum in quantum mechanics. The background states that angular momentum is subject to the Heisenberg uncertainty principle, meaning only one projection can be measured precisely at a time, leaving the other two uncertain, and that angular momentum is expressed as an operator with quantized eigenvalues."",
  ""answer"": ""D""
}"
191,What is the difference between natural convection and forced convection?,C,C,C,C,"{
  ""reasoning"": ""The background clearly distinguishes natural convection as driven by buoyancy from density differences due to temperature variations, while forced convection is driven by external means like fans or pumps. Option C correctly captures this distinction, unlike the others which either confuse the two or incorrectly equate them."",
  ""answer"": ""C""
}","{
  ""reasoning"": ""The background clearly distinguishes natural convection as driven by buoyancy from density variations due to temperature differences, while forced convection is driven by external means like fans or pumps. Option C accurately captures this distinction, whereas the other options either confuse the two or incorrectly equate them."",
  ""answer"": ""C""
}","{
  ""reasoning"": ""The background clearly distinguishes natural convection as driven by buoyancy from density variations due to temperature differences, while forced convection is driven by external means like fans or pumps. Option C correctly captures this distinction, whereas the other options either confuse the two or incorrectly equate them."",
  ""answer"": ""C""
}"
192,What is magnetic susceptibility?,B,B,B,B,"{
  ""reasoning"": ""Magnetic susceptibility quantifies the degree to which a material becomes magnetized when exposed to an external magnetic field, defined as the ratio of magnetization to the applied field strength. The background mentions that magnetic permeability describes induced magnetization in response to an external field, which aligns with susceptibility as a measure of how easily a material acquires magnetization."",
  ""answer"": ""B""
}","{
  ""reasoning"": ""Magnetic susceptibility quantifies the degree to which a material becomes magnetized when exposed to an external magnetic field. It is defined as the ratio of magnetization (M) to the applied magnetic field strength (H), indicating how easily a material acquires magnetization."",
  ""answer"": ""B""
}","{
  ""reasoning"": ""Magnetic susceptibility quantifies the degree to which a material becomes magnetized when exposed to an external magnetic field, defined as the ratio of magnetization to applied field intensity. The background mentions magnetic permeability, which relates to induced magnetization, and susceptibility is the corresponding dimensionless parameter that classifies material responses."",
  ""answer"": ""B""
}"
193,"What is a transient condensation cloud, also known as a Wilson cloud?",B,B,B,B,"{
  ""reasoning"": ""The background states that a Wilson cloud is a transient condensation cloud that forms around large explosions in humid air, caused by adiabatic cooling and pressure drop leading to condensation of water vapor. This matches the description of microscopic water droplets forming due to temporary cooling from rarefaction, not smoke or gas release."",
  ""answer"": ""B""
}","{
  ""reasoning"": ""The background states that a Wilson cloud is a transient condensation cloud observed around large explosions in humid air, caused by the cooling of air past its dew point due to pressure reduction, not by burning materials or smoke. This matches the description of microscopic water droplets forming due to temporary cooling from rarefaction in humid air."",
  ""answer"": ""B""
}","{
  ""reasoning"": ""The background describes a transient condensation cloud (Wilson cloud) as forming around large explosions in humid air due to a reduction in air pressure and temperature, causing water vapor to condense into droplets. This matches the description of microscopic water droplets from temporary cooling due to rarefaction, not smoke or gas."",
  ""answer"": ""B""
}"
194,What is a uniform tiling in the hyperbolic plane?,D,D,D,D,"{
  ""reasoning"": ""The background defines a uniform tiling as a tessellation by regular polygon faces with the restriction of being vertex-transitive, and notes such tilings exist in both Euclidean and hyperbolic planes. Vertex-transitive means the tiling is isogonal (all vertices are equivalent). The description matches an edge-to-edge filling with regular polygons, not irregular ones."",
  ""answer"": ""D""
}","{
  ""reasoning"": ""The background defines a uniform tiling as a tessellation of the plane by regular polygon faces that is vertex-transitive. This applies to both Euclidean and hyperbolic planes. Therefore, a hyperbolic uniform tiling must use regular polygons and be vertex-transitive (isogonal)."",
  ""answer"": ""D""
}","{
  ""reasoning"": ""The background defines a uniform tiling as a tessellation of the plane by regular polygon faces with the restriction of being vertex-transitive, and it notes such tilings can exist in both Euclidean and hyperbolic planes. Vertex-transitive means the tiling is isogonal (all vertices are equivalent). Therefore, a hyperbolic uniform tiling must involve regular polygons and be vertex-transitive."",
  ""answer"": ""D""
}"
195,What is the relation between the three moment theorem and the bending moments at three successive supports of a continuous beam?,C,C,C,C,"{
  ""reasoning"": ""The question asks specifically about the relation between the three moment theorem and bending moments at three successive supports. The background directly states: 'Clapeyron's theorem of three moments is a relationship among the bending moments at three consecutive supports of a horizontal beam' and gives the equation involving moments M_A, M_B, M_C. This matches the description in option C."",
  ""answer"": ""C""
}","{
  ""reasoning"": ""The question asks specifically about the relationship described by the three moment theorem regarding bending moments at three successive supports. The background explicitly states Clapeyron's theorem of three moments relates bending moments at three consecutive supports of a horizontal beam, accounting for spans and loading."",
  ""answer"": ""C""
}","{
  ""reasoning"": ""The question asks specifically about the three moment theorem in the context of bending moments at successive supports of a continuous beam. From the background, Clapeyron's theorem of three moments directly relates the bending moments at three consecutive supports for a loaded beam, which matches option C's description."",
  ""answer"": ""C""
}"
196,"What is the throttling process, and why is it important?",B,C,B,B,"{
  ""reasoning"": ""The question asks about the throttling process in refrigeration. From thermodynamics, throttling is an adiabatic flow through a restriction causing a pressure drop and often a temperature drop (Joule-Thomson effect). In domestic refrigerators, this is the expansion valve step, which is essential for cooling."",
  ""answer"": ""C""
}","{
  ""reasoning"": ""The throttling process in thermodynamics refers to a steady adiabatic flow through a restriction like a valve, causing a pressure drop without external work or heat transfer. In refrigeration cycles, this pressure drop leads to a temperature drop, which is essential for cooling."",
  ""answer"": ""B""
}","{
  ""reasoning"": ""The question asks about the throttling process in refrigeration. From thermodynamics, throttling is a steady adiabatic flow through a restriction causing a pressure drop, and in refrigerators it leads to a temperature drop due to the Joule-Thomson effect. This is a key part of the vapor-compression refrigeration cycle."",
  ""answer"": ""B""
}"
197,What happens to excess base metal as a solution cools from the upper transformation temperature towards an insoluble state?,B,B,B,B,"{
  ""reasoning"": ""The question describes cooling from an upper transformation temperature toward an insoluble state, which involves precipitation of excess solute from a solid solution. In metallurgy, proeutectoid phases form before the eutectoid reaction upon cooling; excess base metal would crystallize out as a proeutectoid phase until the remaining composition reaches the eutectoid point."",
  ""answer"": ""B""
}","{
  ""reasoning"": ""The question involves cooling from an upper transformation temperature toward an insoluble state, which relates to precipitation from a solid solution. In metallurgy, when a supersaturated solution cools, the excess solute often precipitates out as a proeutectoid phase before the eutectoid reaction occurs. This matches the concept of crystallization or solidification of the excess base metal."",
  ""answer"": ""B""
}","{
  ""reasoning"": ""The question describes cooling from an upper transformation temperature toward an insoluble state, which relates to solidification in alloy systems. When a solution with excess base metal cools, the base metal typically precipitates or crystallizes out first as a proeutectoid phase until the remaining liquid reaches the eutectoid composition, at which point the eutectoid microstructure forms."",
  ""answer"": ""B""
}"
198,"What is the relationship between mass, force, and acceleration, according to Sir Isaac Newton's laws of motion?",D,D,D,D,"{
  ""reasoning"": ""The question asks for Newton's relationship between mass, force, and acceleration. Newton's second law states F = ma, where mass is an inertial property (resistance to change in motion). One newton is defined as the force required to accelerate a 1 kg mass at 1 m/s²."",
  ""answer"": ""D""
}","{
  ""reasoning"": ""The question asks for Newton's relationship between mass, force, and acceleration. The background clarifies that mass is an inertial property (linked to inertia), and Newton's second law in modern form is F = ma, where force equals mass times acceleration. The correct numerical example must match this definition: 1 N applied to 1 kg yields 1 m/s² acceleration."",
  ""answer"": ""D""
}","{
  ""reasoning"": ""The question asks for the correct relationship among mass, force, and acceleration according to Newton's laws. The background clarifies that mass is an inertial property (Newton's first law) and that Newton's second law is expressed as F = ma, where force equals mass times acceleration."",
  ""answer"": ""D""
}"
199,What did Arthur Eddington discover about two of Einstein's types of gravitational waves?,C,E,E,E,"{
  ""reasoning"": ""The question refers to Arthur Eddington's analysis of gravitational waves in general relativity. Historical context indicates Eddington demonstrated that two of the wave types Einstein initially proposed were coordinate artifacts and could only propagate at the speed of light in appropriate coordinates."",
  ""answer"": ""E""
}","{
  ""reasoning"": ""The question refers to Arthur Eddington's analysis of gravitational wave types in general relativity. Historical context indicates that Eddington demonstrated that two of the wave solutions were coordinate artifacts (non-physical) and that only transverse-traceless waves propagate at the speed of light."",
  ""answer"": ""E""
}","{
  ""reasoning"": ""The question refers to Arthur Eddington's analysis of gravitational wave types in general relativity. Historical knowledge indicates Eddington demonstrated that two of Einstein's wave types were coordinate artifacts and could only propagate at the speed of light with proper coordinate choices."",
  ""answer"": ""E""
}"
