id,prompt,correct,trial1,trial2,trial3,raw_trial1,raw_trial2,raw_trial3
0,"Which of the following statements accurately describes the impact of Modified Newtonian Dynamics (MOND) on the observed ""missing baryonic mass"" discrepancy in galaxy clusters?",D,D,D,D,"{
  ""reasoning"": ""The background states that MOND reduces the discrepancy between velocity dispersions and the observed missing baryonic mass in galaxy clusters from a factor of around 10 to a factor of about 2, but does not fully eliminate it. This matches option D, while other options misrepresent MOND's effect or introduce unrelated elements."",
  ""answer"": ""D""
}","{
  ""reasoning"": ""The background explicitly states that MOND reduces the discrepancy between velocity dispersions and clusters' observed missing baryonic mass from a factor of around 10 to a factor of about 2, but does not fully eliminate it. This directly matches one of the provided options."",
  ""answer"": ""D""
}","{
  ""reasoning"": ""The background explicitly states that MOND reduces the discrepancy between velocity dispersions and the observed missing baryonic mass in galaxy clusters from a factor of about 10 to a factor of about 2, but does not fully eliminate it. This directly matches option D, while other options misrepresent MOND's effects or introduce unsupported claims."",
  ""answer"": ""D""
}"
1,Which of the following is an accurate definition of dynamic scaling in self-similar systems?,A,A,A,A,"{
  ""reasoning"": ""The background defines dynamic scaling as a property of evolving systems where snapshots at different times are self-similar when appropriately rescaled. Option A correctly captures that the systems evolve and exhibit similarity across time, tested via a time-dependent stochastic variable, aligning with the description in the text."",
  ""answer"": ""A""
}","{
  ""reasoning"": ""The background defines dynamic scaling as a property of evolving systems where snapshots at different times are self-similar, meaning dimensionless quantities remain invariant when rescaled appropriately. This requires the system to evolve over time, and similarity is tested via a time-dependent stochastic variable, as described in option A."",
  ""answer"": ""A""
}","{
  ""reasoning"": ""The background emphasizes that dynamic scaling is a property of evolving systems exhibiting self-similarity over time, where data from different times can be rescaled to collapse onto a universal curve. This requires evolution (not static behavior) and similarity (not dissimilarity or independence) across time snapshots, tested via a time-dependent stochastic variable."",
  ""answer"": ""A""
}"
2,Which of the following statements accurately describes the origin and significance of the triskeles symbol?,A,A,A,A,"{
  ""reasoning"": ""The background states that the triskeles was adopted as an emblem by the rulers of Syracuse, and its usage may be related to the Greek name for Sicily, Trinacria ('having three headlands'). The head of Medusa is at the center of the Sicilian version. Option A correctly captures these points without adding unsupported claims about the symbol representing Hecate or three interlinked spirals."",
  ""answer"": ""A""
}","{
  ""reasoning"": ""The background states that the triskeles was adopted as an emblem by the rulers of Syracuse, and its usage may be related to the Greek name for Sicily, Trinacria, meaning 'having three headlands.' The head of Medusa is at the center of the Sicilian version, but it is not described as representing the three headlands—that connection is to the name Trinacria."",
  ""answer"": ""A""
}","{
  ""reasoning"": ""The question asks for an accurate description of the origin and significance of the triskeles symbol based on the background. The background states that the triskeles was adopted as an emblem by the rulers of Syracuse, possibly related to the Greek name for Sicily (Trinacria, meaning 'having three headlands'), and the Sicilian version includes Medusa's head at the center. Option A correctly captures these points without adding unsupported details like representing Hecate or three interlinked spirals."",
  ""answer"": ""A""
}"
3,What is the significance of regularization in terms of renormalization problems in physics?,C,A,A,A,"{
  ""reasoning"": ""The background explains that regularization addresses breakdowns at small scales by introducing new physical constraints, such as assuming a finite electron radius to avoid infinite mass-energy. This approach helps manage infinities in calculations and can be applied to other renormalization problems."",
  ""answer"": ""A""
}","{
  ""reasoning"": ""The background explains that regularization addresses infinities by introducing a cutoff or modification at small scales, such as assuming a finite electron radius to avoid infinite mass-energy. This approach helps manage singularities in calculations and can be applied to other renormalization problems."",
  ""answer"": ""A""
}","{
  ""reasoning"": ""The background explains that regularization addresses infinities by introducing a cutoff or modification at small scales, such as assuming a finite electron radius to avoid infinite mass-energy. This approach can be applied to other renormalization problems where theories break down due to singularities."",
  ""answer"": ""A""
}"
4,Which of the following statements accurately describes the relationship between the dimensions of a diffracting object and the angular spacing of features in the diffraction pattern?,D,D,D,D,"{
  ""reasoning"": ""The background explicitly states that the angular spacing of features is inversely proportional to the dimensions of the diffracting object, meaning smaller objects produce wider diffraction patterns. This directly matches one of the given options."",
  ""answer"": ""D""
}","{
  ""reasoning"": ""The background states clearly that the angular spacing of diffraction features is inversely proportional to the object's dimensions, meaning a smaller object produces a wider pattern. This directly matches the description in option D."",
  ""answer"": ""D""
}","{
  ""reasoning"": ""The background states clearly that the angular spacing of diffraction features is inversely proportional to the dimensions of the diffracting object. This means a smaller object produces a wider diffraction pattern."",
  ""answer"": ""D""
}"
5,"Which of the following statements accurately depicts the relationship between Gauss's law, electric flux, electric field, and symmetry in electric fields?",B,B,B,B,"{
  ""reasoning"": ""The question asks about the relationship between Gauss's law, electric flux, electric field, and symmetry. From the background: Gauss's law holds in all situations but is most useful for symmetric fields; flux depends only on enclosed charge, while the electric field can be affected by external charges; and electric flux in SI base units is kg·m³·s⁻³·A⁻¹ (since 1 N·m²/C = 1 kg·m³·s⁻³·A⁻¹)."",
  ""answer"": ""B""
}","{
  ""reasoning"": ""The question asks about the relationship between Gauss's law, electric flux, electric field, and symmetry. The background states Gauss's law holds for all situations but is most useful for symmetric fields, that flux depends only on enclosed charge, and that the electric field can be affected by outside charges. It also notes electric flux units in SI base units are kg·m³·s⁻³·A⁻¹ (since 1 N·m²/C = 1 kg·m³·s⁻³·A⁻¹)."",
  ""answer"": ""B""
}","{
  ""reasoning"": ""The question asks about the relationship between Gauss's law, electric flux, electric field, and symmetry. The background states Gauss's law holds in all situations but is most useful for symmetric fields, flux depends only on enclosed charge, and the electric field can be affected by external charges."",
  ""answer"": ""B""
}"
6,Which of the following statements accurately describes the dimension of an object in a CW complex?,A,A,A,A,"{
  ""reasoning"": ""The background states that for CW complexes, the dimension of an object is the largest n for which the n-skeleton is nontrivial, and it references the inductive dimension analogy where the empty set can be taken to have dimension -1. This matches option A's description exactly."",
  ""answer"": ""A""
}","{
  ""reasoning"": ""The background states that for CW complexes, the dimension of an object is the largest n for which the n-skeleton is nontrivial. It also mentions that the empty set can be taken to have dimension -1, consistent with the inductive definition of dimension where the boundary of a discrete set of points (0-dimensional) is empty."",
  ""answer"": ""A""
}","{
  ""reasoning"": ""The background states that for CW complexes, 'the dimension of an object is the largest n for which the n-skeleton is nontrivial.' It also mentions that the empty set can be taken to have dimension -1, and the boundary of a discrete set of points is the empty set. This matches option A precisely."",
  ""answer"": ""A""
}"
7,Which of the following statements accurately describes the blocking temperature of an antiferromagnetic layer in a spin valve?,D,D,D,D,"{
  ""reasoning"": ""The background states that the blocking temperature is the temperature at or above which an antiferromagnetic layer loses its ability to 'pin' the magnetization of an adjacent ferromagnetic layer, and it is usually lower than the Néel temperature. This matches the description in option D."",
  ""answer"": ""D""
}","{
  ""reasoning"": ""The background states that the blocking temperature is the temperature at or above which an antiferromagnetic layer loses its ability to 'pin' the magnetization direction of an adjacent ferromagnetic layer, and it is usually lower than the Néel temperature. This matches option D, which correctly describes both the loss of pinning function and the relative temperature comparison."",
  ""answer"": ""D""
}","{
  ""reasoning"": ""The question asks about the blocking temperature of an antiferromagnetic layer in a spin valve. From the background, blocking temperature is defined as the temperature at or above which the antiferromagnetic layer loses its ability to 'pin' the adjacent ferromagnetic layer, and it is typically lower than the Néel temperature."",
  ""answer"": ""D""
}"
8,What is the term used in astrophysics to describe light-matter interactions resulting in energy shifts in the radiation field?,C,C,C,C,"{
  ""reasoning"": ""The background explicitly states that in astrophysics, light-matter interactions that result in energy shifts are generally referred to as 'reddening' rather than 'redshifting', which is reserved for Doppler-like effects. Reddening involves scattering processes that change the color without shifting spectral lines, as seen in interstellar dust scattering."",
  ""answer"": ""C""
}","{
  ""reasoning"": ""The background explicitly states that in astrophysics, light-matter interactions that cause energy shifts in the radiation field are generally called 'reddening' rather than 'redshifting,' which is reserved for effects like Doppler shifts. Reddening involves scattering processes that change the color without shifting spectral lines."",
  ""answer"": ""C""
}","{
  ""reasoning"": ""The background explicitly states that in astrophysics, light-matter interactions that cause energy shifts in the radiation field are generally called 'reddening,' reserving 'redshifting' for effects related to reference-frame changes like the Doppler effect. Reddening is distinct because it involves scattering processes that dim and distort light without shifting spectral lines."",
  ""answer"": ""C""
}"
9,What is the role of axioms in a formal theory?,A,A,A,A,"{
  ""reasoning"": ""The background describes axioms as foundational statements from which theorems are derived using inference rules. This aligns with option A, which correctly identifies axioms as the basis of a formal theory, used together with deducing rules to derive theorems via proof theory."",
  ""answer"": ""A""
}","{
  ""reasoning"": ""The background explains that axioms are the foundational statements of a theory, from which theorems are derived using inference rules. Axioms are not supplementary, redundant, experimental, or solely for proving truth irrespective of reality; they are the core starting assumptions."",
  ""answer"": ""A""
}","{
  ""reasoning"": ""The background explains that axioms are foundational statements from which theorems are derived via inference rules. They are not supplementary, redundant, or meant for experimental validation, but serve as the basis for the deductive structure of the theory."",
  ""answer"": ""A""
}"
10,What did Fresnel predict and verify with regards to total internal reflections?,E,E,E,E,"{
  ""reasoning"": ""The background explicitly states that Fresnel predicted and verified that four total internal reflections at 68°27' would give an accurate circular polarization if two of the reflections had water as the external medium while the other two had air, but not if the reflecting surfaces were all wet or all dry. This matches the description in option E."",
  ""answer"": ""E""
}","{
  ""reasoning"": ""The background explicitly states: 'Fresnel predicted and verified that four total internal reflections at 68°27' would give an accurate circular polarization if two of the reflections had water as the external medium while the other two had air, but not if the reflecting surfaces were all wet or all dry.' This directly matches option E."",
  ""answer"": ""E""
}","{
  ""reasoning"": ""The background explicitly states that Fresnel predicted and verified that four total internal reflections at 68°27' would give accurate circular polarization if two reflections had water as the external medium and two had air, but not if all surfaces were wet or all dry. This matches option E precisely."",
  ""answer"": ""E""
}"
11,What is the relationship between the Wigner function and the density matrix operator?,A,A,A,A,"{
  ""reasoning"": ""The background states explicitly that the Wigner function is the Wigner transform of the density matrix operator, and that the trace of an operator with the density matrix corresponds to a phase-space integral involving the Wigner function. This directly matches option A, while the other options misrepresent the relationship."",
  ""answer"": ""A""
}","{
  ""reasoning"": ""The background explicitly states that the Wigner function is the Wigner transform of the density matrix operator, and that the trace of an operator with the density matrix transforms to a phase-space integral overlap involving the Wigner function. This matches option A precisely."",
  ""answer"": ""A""
}","{
  ""reasoning"": ""The background explicitly states that the Wigner function is the Wigner transform of the density matrix operator, and that the trace of an operator with the density matrix corresponds to a phase-space integral involving the Wigner function. This directly matches option A, while the other options misrepresent the relationship as a derivative, product, Hamiltonian, or time derivative."",
  ""answer"": ""A""
}"
12,What is one of the examples of the models proposed by cosmologists and theoretical physicists without the cosmological or Copernican principles that can be used to address specific issues in the Lambda-CDM model and distinguish between current models and other possible models?,C,C,C,C,"{
  ""reasoning"": ""The question asks for a model that does not assume the cosmological or Copernican principle, addresses issues in ΛCDM, and helps distinguish between models. Inhomogeneous cosmology (such as a large void model) explicitly challenges the cosmological principle by suggesting we might be in a special location, and it offers an alternative to dark energy for explaining cosmic acceleration."",
  ""answer"": ""C""
}","{
  ""reasoning"": ""The question asks for an example of a model proposed without the cosmological or Copernican principles to address issues in ΛCDM and distinguish between models. Option C describes 'inhomogeneous cosmology' involving a large void, which explicitly contradicts the Copernican principle and is proposed as an alternative to dark energy, fitting the description."",
  ""answer"": ""C""
}","{
  ""reasoning"": ""The question asks for a model that does not assume the cosmological or Copernican principle and can address issues in ΛCDM. Inhomogeneous cosmology, such as a large void model, explicitly violates the Copernican principle by placing observers in a special location, and it has been proposed as an alternative to dark energy to explain cosmic acceleration."",
  ""answer"": ""C""
}"
13,What is the Roche limit?,D,E,E,E,"{
  ""reasoning"": ""The Roche limit is defined as the distance from a planet within which tidal forces exceed the self-gravity holding a secondary object together, leading to its disintegration. The description must account for differential tidal force overcoming internal attraction, and it depends on densities and sizes."",
  ""answer"": ""E""
}","{
  ""reasoning"": ""The Roche limit is defined as the distance from a celestial body within which a second body, held together only by its own gravity, will disintegrate because tidal forces exceed its self-gravity. Options D and E both capture this idea, but E adds important details about dependence on density, composition, mass, and size, which align with the background description."",
  ""answer"": ""E""
}","{
  ""reasoning"": ""The question asks for the definition of the Roche limit. The background explains it as the distance from a celestial body where tidal forces from the primary overcome the self-gravity of a secondary body, causing it to disintegrate. The definition depends on factors like density and size of both bodies."",
  ""answer"": ""E""
}"
14,What is Martin Heidegger's view on the relationship between time and human existence?,B,B,B,B,"{
  ""reasoning"": ""The background explicitly states that Heidegger's view is that 'we do not exist inside time, we are time.' It describes the past as a 'present awareness of having been' and the future as 'anticipating a potential possibility, task, or engagement.' This matches option B precisely."",
  ""answer"": ""B""
}","{
  ""reasoning"": ""The background states that Heidegger argues we do not exist inside time, we are time. It describes the past as a present awareness of having been and the future as anticipating possibilities, which aligns with his concept of ecstatic temporality."",
  ""answer"": ""B""
}","{
  ""reasoning"": ""The background states that Heidegger argues we do not exist inside time, we are time, and that the past exists in the present as an awareness of having been, while the future exists in the present as anticipation of possibility. This directly matches the description in option B."",
  ""answer"": ""B""
}"
15,"What is the ""ultraviolet catastrophe""?",B,D,D,D,"{
  ""reasoning"": ""The ultraviolet catastrophe refers to the failure of classical physics (specifically the Rayleigh-Jeans law) to correctly predict blackbody radiation at short wavelengths, leading to an infinite energy prediction. It highlights a fundamental flaw in classical energy distribution assumptions, which was resolved by Planck's quantum hypothesis."",
  ""answer"": ""D""
}","{
  ""reasoning"": ""The ultraviolet catastrophe refers to a failure of classical physics to correctly predict blackbody radiation at short wavelengths, leading to an infinite energy prediction. It highlights a fundamental flaw in classical theory regarding energy distribution among frequencies."",
  ""answer"": ""D""
}","{
  ""reasoning"": ""The ultraviolet catastrophe refers to the failure of classical physics, specifically the Rayleigh-Jeans law, to correctly predict blackbody radiation at short wavelengths (high frequencies). It arises from the equipartition theorem assigning equal energy to each mode, leading to an infinite prediction for total radiated energy, which contradicts experimental observations."",
  ""answer"": ""D""
}"
16,What is the most popular explanation for the shower-curtain effect?,E,E,E,E,"{
  ""reasoning"": ""The question asks for the most popular explanation, which is explicitly stated in the background as the Bernoulli effect hypothesis. This hypothesis directly invokes Bernoulli's principle to explain the inward movement of the curtain due to a pressure differential caused by airflow."",
  ""answer"": ""E""
}","{
  ""reasoning"": ""The background states that the most popular explanation given for the shower-curtain effect is Bernoulli's principle, which describes how increased air velocity leads to decreased pressure, pulling the curtain inward. Other hypotheses exist, but Bernoulli's is explicitly identified as the most popular."",
  ""answer"": ""E""
}","{
  ""reasoning"": ""The background explicitly states that the Bernoulli effect hypothesis is the most popular explanation, describing how moving air parallel to the curtain lowers pressure inside, causing the curtain to move inward. This directly matches option E."",
  ""answer"": ""E""
}"
17,What is the butterfly effect?,E,E,E,E,"{
  ""reasoning"": ""The question asks for the definition of the butterfly effect as understood in the context of chaos theory and causality. The background describes it as a phenomenon where small changes in initial conditions can lead to large differences in outcomes, and it is linked to distributed causality and sensitivity in nonlinear systems."",
  ""answer"": ""E""
}","{
  ""reasoning"": ""The question asks for the definition of the butterfly effect based on the background, which describes it as a concept in chaos theory where small changes in initial conditions can lead to large differences in outcomes. Among the options, only E connects to a broader philosophical interpretation of causality (like Mackie's INUS conditions) that aligns with the butterfly effect's implications beyond strict physics."",
  ""answer"": ""E""
}","{
  ""reasoning"": ""The butterfly effect is a concept from chaos theory describing sensitive dependence on initial conditions, where a small change can lead to vastly different outcomes. It is not about classical physics proportionality or specific mechanical examples like a sphere on a slope, but rather about nonlinear dynamics and distributed causality."",
  ""answer"": ""E""
}"
18,What is the 'reactive Leidenfrost effect' observed in non-volatile materials?,A,A,A,A,"{
  ""reasoning"": ""The question asks about the 'reactive Leidenfrost effect' specifically for non-volatile materials, as described in the background. The background states that non-volatile materials like cellulose particles were observed to float above hot surfaces and skitter around erratically, which matches the description in option A."",
  ""answer"": ""A""
}","{
  ""reasoning"": ""The background explicitly states that non-volatile materials were discovered in 2015 to exhibit a 'reactive Leidenfrost effect' where solid particles float above hot surfaces and skitter around erratically. This matches option A, while the other options incorrectly describe the surface temperature, material volatility, or particle behavior."",
  ""answer"": ""A""
}","{
  ""reasoning"": ""The question asks about the 'reactive Leidenfrost effect' specifically for non-volatile materials, as described in the background. The background states that non-volatile materials like cellulose particles were observed to float above hot surfaces and skitter around erratically, which matches the description in option A."",
  ""answer"": ""A""
}"
19,What is reciprocal length or inverse length?,E,E,E,E,"{
  ""reasoning"": ""The background clearly defines reciprocal length as the reciprocal of length, not of time, area, mass, or interest rate. It explicitly mentions its use in multiple scientific fields and lists the reciprocal metre (m⁻¹) and reciprocal centimetre (cm⁻¹) as common units."",
  ""answer"": ""E""
}","{
  ""reasoning"": ""The background explicitly defines reciprocal length as the reciprocal of length, not time, area, mass, or interest rate. It also lists the reciprocal metre (m⁻¹) and reciprocal centimetre (cm⁻¹) as common units, matching option E."",
  ""answer"": ""E""
}","{
  ""reasoning"": ""The question asks for the definition of reciprocal length or inverse length. The background clearly states it is the reciprocal of length, used in several branches of science and mathematics, with units like reciprocal metre (m⁻¹) or reciprocal centimetre (cm⁻¹). This matches option E exactly."",
  ""answer"": ""E""
}"
20,Which of the following statements is true about the categorization of planetary systems according to their orbital dynamics?,D,D,D,D,"{
  ""reasoning"": ""The background explicitly states that planetary systems can be categorized according to their orbital dynamics as resonant, non-resonant-interacting, hierarchical, or some combination of these. This directly matches one of the options without additional restrictions like the number of planets."",
  ""answer"": ""D""
}","{
  ""reasoning"": ""The background explicitly states that planetary systems can be categorized according to their orbital dynamics as resonant, non-resonant-interacting, hierarchical, or some combination of these. This directly matches one of the options without additional restrictions like the number of planets."",
  ""answer"": ""D""
}","{
  ""reasoning"": ""The background explicitly states that planetary systems can be categorized according to their orbital dynamics as resonant, non-resonant-interacting, hierarchical, or some combination of these. This directly matches one of the options, and it does not restrict categorization to only the number of planets or to a subset of these categories."",
  ""answer"": ""D""
}"
21,What is the propagation constant in sinusoidal waves?,D,E,E,E,"{
  ""reasoning"": ""The background states that the propagation constant measures the change in amplitude and phase per unit length as a sinusoidal wave propagates. It is expressed logarithmically with base e and, because the phase varies with distance, the propagation constant is a complex number (with real and imaginary parts representing attenuation and phase change). The propagation constant itself is a property of the medium and frequency, so it remains constant with distance for a given sinusoidal wave in a uniform medium."",
  ""answer"": ""E""
}","{
  ""reasoning"": ""The background states that the propagation constant is a complex number because it accounts for both amplitude attenuation and phase change per unit length. It is a property of the medium and wave frequency, not a function of distance, so it remains constant with distance for a given sinusoidal wave in a linear medium."",
  ""answer"": ""E""
}","{
  ""reasoning"": ""The background states that the propagation constant measures the change in amplitude and phase per unit length and is expressed as a complex number because the phase varies with distance. It is a property of the medium and frequency, so it does not vary with distance along a uniform medium."",
  ""answer"": ""E""
}"
22,What is the gravitomagnetic interaction?,C,C,C,C,"{
  ""reasoning"": ""The background describes gravitomagnetism as an effect predicted by general relativity in the weak-field limit, arising from mass-currents (rotating matter) and producing velocity-dependent forces analogous to magnetism in electromagnetism. Among the options, only C directly captures that it is a relativistic effect generated by rotating matter with intensity related to spin."",
  ""answer"": ""C""
}","{
  ""reasoning"": ""The background describes gravitomagnetism as an effect predicted by general relativity in the weak-field limit, arising from mass currents (rotating matter) and producing velocity-dependent forces analogous to magnetism in electromagnetism. The interaction is not specific to materials or neutron stars, but is a general relativistic effect due to rotating mass."",
  ""answer"": ""C""
}","{
  ""reasoning"": ""The background describes gravitomagnetic effects as arising from mass-currents (rotating matter) in the weak-field limit of general relativity, analogous to magnetism in electromagnetism. The interaction is velocity-dependent and produces forces like frame-dragging, consistent with a force generated by rotating matter with intensity related to spin."",
  ""answer"": ""C""
}"
23,What did Newton's manuscripts of the 1660s show?,C,C,C,C,"{
  ""reasoning"": ""The background explicitly states that Newton's manuscripts from the 1660s show him combining tangential motion with radially directed force or endeavour, as in his derivation of the inverse square relation for circular planetary motion. It also notes that these manuscripts show Newton clearly expressing the concept of linear inertia, which he owed to Descartes' 1644 work, not to Hooke."",
  ""answer"": ""C""
}","{
  ""reasoning"": ""The background states that Newton's manuscripts from the 1660s show him combining tangential motion with radially directed force or endeavour, and that he clearly expressed the concept of linear inertia. It also notes that he was indebted to Descartes for the concept of linear inertia, but the key point is the combination of motions and inertia."",
  ""answer"": ""C""
}","{
  ""reasoning"": ""The background states that Newton's manuscripts from the 1660s show him combining tangential motion with radially directed force or endeavor, and that he clearly expressed the concept of linear inertia, which he owed to Descartes' work from 1644. This directly matches option C, while contradicting options A, B, and D."",
  ""answer"": ""C""
}"
24,What is the decay energy for the free neutron decay process?,E,E,E,E,"{
  ""reasoning"": ""The background explicitly states the decay energy for free neutron decay is 0.782343 MeV, which is the mass difference between the neutron and the sum of the proton and electron masses. The measured maximal electron energy of 0.782±0.013 MeV is consistent with this value but includes experimental uncertainty."",
  ""answer"": ""E""
}","{
  ""reasoning"": ""The background explicitly states the decay energy for free neutron decay is based on the rest mass difference between the neutron and the sum of the proton and electron masses, which is given as 0.782343 MeV. This value is also described as the kinetic energy carried away in the decay."",
  ""answer"": ""E""
}","{
  ""reasoning"": ""The background explicitly states that the decay energy for free neutron decay, based on the rest masses of the neutron, proton, and electron, is 0.782343 MeV. This value is also referred to as the Q value, representing the kinetic energy released in the decay."",
  ""answer"": ""E""
}"
25,What is Hesse's principle of transfer in geometry?,E,E,E,E,"{
  ""reasoning"": ""The question asks specifically about Hesse's principle of transfer in geometry. The background clearly defines it as a geometric principle relating projective transformations and rational normal curves. Among the options, only E accurately reflects this geometric definition."",
  ""answer"": ""E""
}","{
  ""reasoning"": ""The question asks specifically about Hesse's principle of transfer in geometry. The background clearly states that in geometry, Hesse's principle of transfer relates to projective geometry, rational normal curves, and isomorphism between transformation groups, which matches option E."",
  ""answer"": ""E""
}","{
  ""reasoning"": ""The background clearly describes Hesse's principle of transfer as a geometric concept related to projective geometry and transformations. Among the options, only E accurately reflects this geometric definition, while the others refer to unrelated scientific fields."",
  ""answer"": ""E""
}"
26,What is the relationship between the Cauchy momentum equation and the Navier-Stokes equation?,A,A,A,A,"{
  ""reasoning"": ""The background repeatedly states that the Navier–Stokes equation is derived from the Cauchy momentum equation by specifying a constitutive relation for the stress tensor (e.g., Newtonian viscous stress) and making assumptions like constant density and viscosity. The Cauchy momentum equation is the general balance of momentum for continua, while Navier–Stokes is a specific case for Newtonian fluids."",
  ""answer"": ""A""
}","{
  ""reasoning"": ""The background repeatedly states that the Navier-Stokes equation is derived from the Cauchy momentum equation by specifying a constitutive relation for the stress tensor (e.g., Newtonian fluid with viscosity) and making assumptions like constant density and viscosity. The Cauchy momentum equation is a general momentum balance for continua, while Navier-Stokes is a specific case for Newtonian fluids."",
  ""answer"": ""A""
}","{
  ""reasoning"": ""The background repeatedly states that the Navier-Stokes equation can be derived from the Cauchy momentum equation by specifying a constitutive relation for the stress tensor (e.g., Newtonian fluid with viscosity) and making assumptions like constant density and viscosity. The Cauchy momentum equation is a general momentum balance for continua, while Navier-Stokes is a specific case for Newtonian fluids."",
  ""answer"": ""A""
}"
27,What is X-ray pulsar-based navigation (XNAV)?,D,D,D,D,"{
  ""reasoning"": ""The background repeatedly defines XNAV as using periodic X-ray signals from pulsars (not radio signals or satellites) for navigation in deep space, such as for spacecraft. Options that mention radio signals, satellites, or Earth's atmosphere are incorrect based on the provided text."",
  ""answer"": ""D""
}","{
  ""reasoning"": ""The background consistently defines XNAV as using periodic X-ray signals (not radio) from pulsars (not satellites) for navigation in deep space, such as for spacecraft. Options mentioning radio signals or Earth's atmosphere are incorrect."",
  ""answer"": ""D""
}","{
  ""reasoning"": ""The background repeatedly defines XNAV as using periodic X-ray signals (not radio) from pulsars (not satellites) for navigation in deep space (not Earth's atmosphere). Option D matches this definition exactly."",
  ""answer"": ""D""
}"
28,What is the evidence for the existence of a supermassive black hole at the center of the Milky Way galaxy?,E,E,E,E,"{
  ""reasoning"": ""The background text states that the star S2 orbits with a 15.2-year period and a pericenter of 17 light-hours, allowing estimation of the central mass at about 4 million solar masses. The radius must be smaller than the pericenter, and observations of S14 constrain it further to ≤6.25 light-hours, implying a density only possible for a black hole."",
  ""answer"": ""E""
}","{
  ""reasoning"": ""The background states that the star S2 orbits with a 15.2-year period and a pericenter of 17 light-hours, allowing mass estimation of ~4.3 million solar masses. The radius of the central object must be smaller than 17 light-hours, and observations of another star (S14 or S2 in some sources) constrain it further to about 6.25 light-hours. This density rules out other objects."",
  ""answer"": ""E""
}","{
  ""reasoning"": ""The question asks for the specific evidence supporting a supermassive black hole at the Milky Way's center. The background text explicitly states that star S2 orbits with a 15.2-year period and a pericenter of 17 light-hours, allowing mass estimation of ~4 million solar masses, and that the radius is constrained by S14 observations to ≤6.25 light-hours, implying a black hole. Options must correctly match these details."",
  ""answer"": ""E""
}"
29,What is the function of the fibrous cardiac skeleton?,C,C,C,C,"{
  ""reasoning"": ""The background text repeatedly emphasizes that the fibrous cardiac skeleton is made of dense connective tissue that provides structural support, forms the atrioventricular septum and valve rings, and electrically insulates the atria from the ventricles. Among the options, only C accurately captures its primary structural and supportive roles."",
  ""answer"": ""C""
}","{
  ""reasoning"": ""The question asks about the function of the fibrous cardiac skeleton. The background repeatedly states that it provides structural support, forms the atrioventricular septum and valve rings, and electrically insulates the atria from ventricles."",
  ""answer"": ""C""
}","{
  ""reasoning"": ""The question asks about the function of the fibrous cardiac skeleton based on the background. The background clearly states that the fibrous cardiac skeleton 'provides crucial support and structure to the heart, anchoring the heart valves and ensuring their proper function.' This directly matches option C, which describes providing structural support and anchoring valves. Options A, B, D, and E describe other anatomical features but not the specific structural support function mentioned for the fibrous skeleton."",
  ""answer"": ""C""
}"
30,What is the Carnot engine?,B,B,B,B,"{
  ""reasoning"": ""The background explicitly states that a Carnot engine is an ideal heat engine operated in the quasi-static (extremely slow) limit, and it represents the theoretical maximum efficiency between two temperature reservoirs. It is a theoretical construct, not a real engine."",
  ""answer"": ""B""
}","{
  ""reasoning"": ""The background explicitly states that a Carnot engine is an ideal heat engine operated in a quasi-static (extremely slow) manner, and it represents the theoretical maximum efficiency between two temperature reservoirs. Options describing it as real, dynamic, or representing minimum efficiency are incorrect."",
  ""answer"": ""B""
}","{
  ""reasoning"": ""The background explicitly states that a Carnot engine is an ideal heat engine operated in the quasi-static (extremely slow) limit, and it represents the theoretical maximum efficiency between two temperature reservoirs. It is a theoretical construct, not a real engine."",
  ""answer"": ""B""
}"
31,Which mathematical function is commonly used to characterize linear time-invariant systems?,E,E,E,E,"{
  ""reasoning"": ""The background repeatedly emphasizes that linear time-invariant (LTI) systems are most commonly characterized by their transfer function, which is derived from the Laplace or Fourier transform of the impulse response. Other options like trigonometric, quadratic, exponential, or logarithmic functions are not the primary characterizing mathematical functions for LTI systems."",
  ""answer"": ""E""
}","{
  ""reasoning"": ""The background repeatedly emphasizes that linear time-invariant (LTI) systems are most commonly characterized by their transfer function, which is derived from the Laplace or Fourier transform of the impulse response. Other descriptions exist, but the transfer function is the standard mathematical function used for specification and analysis."",
  ""answer"": ""E""
}","{
  ""reasoning"": ""The background repeatedly states that linear time-invariant (LTI) systems are commonly characterized by their transfer function, which is derived from the Laplace or Fourier transform of the impulse response. This function is central to analyzing system behavior in both continuous and discrete-time domains."",
  ""answer"": ""E""
}"
32,What is the second law of thermodynamics?,E,E,E,E,"{
  ""reasoning"": ""The second law of thermodynamics introduces entropy and restricts possible processes even when energy is conserved. Among the options, only E correctly states that it establishes entropy as a property and can forbid processes that satisfy the first law, aligning with the background descriptions of entropy increase and natural directionality."",
  ""answer"": ""E""
}","{
  ""reasoning"": ""The second law of thermodynamics introduces entropy and restricts possible processes even when energy is conserved. Options A and C misstate the direction of heat flow or work conversion, while D incorrectly says entropy can decrease. Option B mentions internal energy, which is more relevant to the first law."",
  ""answer"": ""E""
}","{
  ""reasoning"": ""The second law of thermodynamics introduces entropy and restricts possible processes even when energy is conserved. Among the options, only E correctly states that it establishes entropy as a physical property and can forbid processes that satisfy the first law."",
  ""answer"": ""E""
}"
33,"What are amorphous ferromagnetic metallic alloys, and what are their advantages?",D,D,D,D,"{
  ""reasoning"": ""The question asks about the nature and advantages of amorphous ferromagnetic metallic alloys. From the background, these are non-crystalline alloys made by very rapid quenching (cooling) of a liquid alloy, and their near-isotropic properties lead to low coercivity, low hysteresis loss, high permeability, and high electrical resistivity."",
  ""answer"": ""D""
}","{
  ""reasoning"": ""The background clearly states that amorphous ferromagnetic metallic alloys are non-crystalline (glassy) and are produced by very rapid quenching (cooling) of a liquid alloy. Their key advantage is that their properties are nearly isotropic, leading to low coercivity, low hysteresis loss, high permeability, and high electrical resistivity."",
  ""answer"": ""D""
}","{
  ""reasoning"": ""The background states that amorphous ferromagnetic metallic alloys are made by very rapid quenching (cooling) of an alloy, are non-crystalline, and have nearly isotropic properties leading to low coercivity, low hysteresis loss, high permeability, and high electrical resistivity."",
  ""answer"": ""D""
}"
34,What is the Penrose process?,C,C,C,C,"{
  ""reasoning"": ""The Penrose process involves extracting energy from a rotating black hole's ergosphere, not the event horizon. Particles entering the ergosphere can gain energy and escape, with the black hole losing rotational energy and slowing down."",
  ""answer"": ""C""
}","{
  ""reasoning"": ""The Penrose process involves extracting energy from a rotating black hole's ergosphere, not the event horizon. Particles entering the ergosphere can gain energy and escape, with the black hole losing rotational energy and slowing down as a result."",
  ""answer"": ""C""
}","{
  ""reasoning"": ""The Penrose process involves extracting energy from a rotating black hole's ergosphere, not the event horizon. Particles entering the ergosphere can gain energy and escape, with the black hole losing rotational energy and slowing down as a result."",
  ""answer"": ""C""
}"
35,What was the aim of the Gravity Probe B (GP-B) mission?,B,B,B,B,"{
  ""reasoning"": ""The background explicitly states the mission aim: 'The mission aim was to measure spacetime curvature near Earth, with particular emphasis on gravitomagnetism.' This directly matches option B. While GP-B did confirm the geodetic effect (mentioned in D), that was one of its results, not its primary stated aim."",
  ""answer"": ""B""
}","{
  ""reasoning"": ""The background explicitly states the mission aim was to measure spacetime curvature near Earth, with particular emphasis on gravitomagnetism. While GP-B did confirm the geodetic effect (option D describes it), that was a predicted outcome, not the stated primary aim."",
  ""answer"": ""B""
}","{
  ""reasoning"": ""The background explicitly states the mission aim was to measure spacetime curvature near Earth, with particular emphasis on gravitomagnetism. While GP-B did confirm the geodetic effect, its broader objective was testing two predictions of general relativity: the geodetic effect and frame-dragging (gravitomagnetism)."",
  ""answer"": ""B""
}"
36,What was Pierre de Fermat's solution to the problem of refraction?,E,E,E,E,"{
  ""reasoning"": ""The background states that Fermat assumed light takes the path of least resistance, with resistance varying by medium and being inversely proportional to speed, leading to the principle of least time. It also explicitly says his derivation required light to travel more slowly in a denser medium to match Snell's law."",
  ""answer"": ""E""
}","{
  ""reasoning"": ""The background states that Fermat's solution assumed light takes the path of least time, with resistance inversely proportional to speed, and that light travels more slowly in a denser medium. Only option E matches all these details correctly."",
  ""answer"": ""E""
}","{
  ""reasoning"": ""The background states that Fermat's solution assumed light takes the path of least resistance, with resistance inversely proportional to speed (so least time), and that light travels more slowly in a denser medium. This matches the description in option E."",
  ""answer"": ""E""
}"
37,What is the reason behind the adoption of a logarithmic scale of 5√100 ≈ 2.512 between magnitudes in astronomy?,A,A,A,A,"{
  ""reasoning"": ""The background text states that Norman Pogson proposed the logarithmic scale so that a difference of five magnitudes corresponds exactly to a factor of 100 in brightness. This definition formalized the ancient magnitude system into a precise mathematical relationship."",
  ""answer"": ""A""
}","{
  ""reasoning"": ""The background repeatedly states that the logarithmic scale with a ratio of 5√100 between magnitudes was formalized to make a difference of 5 magnitudes correspond exactly to a brightness ratio of 100. This links directly to Pogson's definition standardizing the ancient magnitude system."",
  ""answer"": ""A""
}","{
  ""reasoning"": ""The background explains that Norman Pogson formalized the magnitude system by defining that a difference of five magnitudes corresponds exactly to a factor of 100 in brightness. This required a logarithmic scale where each magnitude step corresponds to a brightness ratio of the fifth root of 100, approximately 2.512."",
  ""answer"": ""A""
}"
38,What is the spin quantum number?,E,E,E,E,"{
  ""reasoning"": ""The background text explicitly states that spin is a quantum number describing intrinsic angular momentum, and that it is often given as a dimensionless number by dividing spin angular momentum by the reduced Planck constant. Among the options, only E accurately reflects this definition."",
  ""answer"": ""E""
}","{
  ""reasoning"": ""The background states that spin quantum number describes the intrinsic angular momentum (spin) of a particle. It is a dimensionless quantity obtained by dividing spin angular momentum by the reduced Planck constant ħ, which matches option E."",
  ""answer"": ""E""
}","{
  ""reasoning"": ""The question asks for the definition of the spin quantum number. The background text states that spin is usually given as a dimensionless spin quantum number by dividing the spin angular momentum by ħ, and it describes intrinsic angular momentum, not physical distance, size, charge, or classical rotation speed."",
  ""answer"": ""E""
}"
39,What is the synapstor or synapse transistor?,E,E,E,E,"{
  ""reasoning"": ""The background states that the NOMFET (synapstor) was used to demonstrate a neuro-inspired circuit showing associative memory with pavlovian learning, but the question focuses on a different neuro-inspired circuit described in 2012 using organic ion-based memristors. That circuit demonstrated long-term potentiation for learning and inactivity-based forgetting."",
  ""answer"": ""E""
}","{
  ""reasoning"": ""The background states that the NOMFET (synapstor) mimics short-term plasticity (STP) and spike-timing dependent plasticity (STDP), and was used to demonstrate an associative memory with Pavlovian learning. However, the specific option referencing long-term potentiation and inactivity-based forgetting corresponds to the 2012 work by Crupi et al. using organic ion-based memristors, which is described as a separate proof-of-concept design for neural synaptic memory circuits."",
  ""answer"": ""E""
}","{
  ""reasoning"": ""The background mentions that the NOMFET (synapstor) was used to demonstrate a neuro-inspired circuit showing associative memory with Pavlovian learning, and later in 2012, a separate organic ion-based memristor design demonstrated long-term potentiation for learning and inactivity-based forgetting. The question specifically asks about the synapstor or synapse transistor, but the background explicitly links such devices to long-term potentiation and inactivity-based forgetting in a 2012 proof-of-concept design."",
  ""answer"": ""E""
}"
40,What is spontaneous symmetry breaking?,E,E,E,E,"{
  ""reasoning"": ""The background consistently defines spontaneous symmetry breaking as a situation where the equations of motion or Lagrangian (action) are symmetric, but the lowest-energy vacuum state does not respect that symmetry. This leads to a nonzero vacuum expectation value for some operator that is not invariant under the symmetry."",
  ""answer"": ""E""
}","{
  ""reasoning"": ""The background repeatedly states that spontaneous symmetry breaking occurs when the laws (Lagrangian/Hamiltonian) possess a symmetry, but the vacuum state (lowest-energy configuration) does not exhibit that same symmetry. This mismatch leads to a nonzero vacuum expectation value for a non-invariant operator, signaling the broken symmetry."",
  ""answer"": ""E""
}","{
  ""reasoning"": ""The background emphasizes that spontaneous symmetry breaking (SSB) happens when the laws (action/Lagrangian) are symmetric, but the lowest-energy vacuum state is not symmetric under that same symmetry. This mismatch leads to non-invariant operators acquiring nonzero vacuum expectation values, as seen in the Higgs mechanism and Goldstone boson examples."",
  ""answer"": ""E""
}"
41,What is the proper distance for a redshift of 8.2?,C,C,C,C,"{
  ""reasoning"": ""The background explicitly states that for GRB 090423 with redshift 8.2, the proper distance is about 9.2 Gpc, or about 30 billion light-years. This matches one of the provided options."",
  ""answer"": ""C""
}","{
  ""reasoning"": ""The background text explicitly states that for GRB 090423 at redshift 8.2, the proper distance is about 9.2 Gpc, or about 30 billion light-years. This matches one of the given options exactly."",
  ""answer"": ""C""
}","{
  ""reasoning"": ""The background explicitly states that the proper distance for a redshift of 8.2 is about 9.2 Gpc, or about 30 billion light-years, using GRB 090423 as the example."",
  ""answer"": ""C""
}"
42,Who was the first to determine the velocity of a star moving away from the Earth using the Doppler effect?,B,B,B,B,"{
  ""reasoning"": ""The background explicitly states that in 1868, British astronomer William Huggins was the first to determine the velocity of a star moving away from the Earth using the Doppler effect. Hippolyte Fizeau described the redshift in 1848, but Huggins performed the first actual velocity measurement."",
  ""answer"": ""B""
}","{
  ""reasoning"": ""The background states that Hippolyte Fizeau first pointed out in 1848 that spectral line shifts in stars are due to the Doppler effect, but it was William Huggins in 1868 who first actually determined the velocity of a star moving away from Earth using that method."",
  ""answer"": ""B""
}","{
  ""reasoning"": ""The question asks for the first person to determine a star's recessional velocity using the Doppler effect. The background explicitly states that in 1868, British astronomer William Huggins was the first to determine the velocity of a star moving away from Earth by this method."",
  ""answer"": ""B""
}"
43,What is the information loss paradox in black holes?,C,C,C,C,"{
  ""reasoning"": ""The information loss paradox arises because black holes, according to the no-hair theorem, are characterized only by mass, charge, and angular momentum, so details of infalling matter are lost. When black holes evaporate via Hawking radiation, this radiation appears independent of the initial matter, suggesting information is permanently lost, contradicting quantum unitarity."",
  ""answer"": ""C""
}","{
  ""reasoning"": ""The information loss paradox arises because classical black holes are described by only mass, charge, and angular momentum (no-hair theorem), so details of infalling matter are lost. When black holes evaporate via Hawking radiation—which depends only on those few parameters—the information seems permanently destroyed, violating quantum unitarity."",
  ""answer"": ""C""
}","{
  ""reasoning"": ""The information loss paradox arises because black holes are described by only mass, charge, and angular momentum (no-hair theorem), so details of infalling matter are lost. When black holes evaporate via Hawking radiation, this radiation appears independent of the initial matter, suggesting information is permanently lost, contradicting quantum unitarity."",
  ""answer"": ""C""
}"
44,What is the Kutta condition?,A,A,A,A,"{
  ""reasoning"": ""The Kutta condition is a physical principle that ensures the flow leaves the trailing edge of an airfoil smoothly, preventing flow around the sharp corner. This condition is explicitly described in the background as requiring the fluid from the upper and lower surfaces to meet at the trailing edge without wrapping around it."",
  ""answer"": ""A""
}","{
  ""reasoning"": ""The question asks for the definition of the Kutta condition. The background repeatedly describes it as a physical flow condition where the upper and lower surface flows meet smoothly at the sharp trailing edge, with no flow around that edge, which selects a unique circulation value."",
  ""answer"": ""A""
}","{
  ""reasoning"": ""The Kutta condition is a physical principle that ensures the flow leaves the trailing edge smoothly, preventing flow around the sharp corner. It is explicitly described in the background as requiring the upper and lower surface flows to meet at the trailing edge without wrapping around it."",
  ""answer"": ""A""
}"
45,What is classical mechanics?,A,A,A,A,"{
  ""reasoning"": ""The question asks for the definition of classical mechanics, which the background consistently describes as dealing with macroscopic objects (not microscopic or subatomic) and using concepts like force, mass, and motion. Option A correctly captures this scope and the use of three-dimensional Euclidean space, while the other options refer to quantum mechanics, relativity, optics, or fluid dynamics."",
  ""answer"": ""A""
}","{
  ""reasoning"": ""The background consistently defines classical mechanics as the branch of physics dealing with the motion of macroscopic objects (like projectiles, planets, and machinery) using concepts such as force, mass, and motion. It contrasts with quantum mechanics for atomic-scale objects and relativity for high speeds or strong gravity."",
  ""answer"": ""A""
}","{
  ""reasoning"": ""The question asks for the definition of classical mechanics. The background repeatedly states that classical mechanics describes the motion of macroscopic objects (not microscopic or subatomic) using concepts like force and motion, and it operates in a three-dimensional Euclidean framework, distinguishing it from quantum mechanics or relativity."",
  ""answer"": ""A""
}"
46,Who shared the other half of the Nobel Prize with Yoichiro Nambu for discovering the origin of the explicit breaking of CP symmetry in the weak interactions?,B,B,B,B,"{
  ""reasoning"": ""The background explicitly states that Yoichiro Nambu won half the prize for spontaneous broken symmetry, while the other half was shared by Makoto Kobayashi and Toshihide Maskawa for discovering the origin of explicit CP symmetry breaking in weak interactions."",
  ""answer"": ""B""
}","{
  ""reasoning"": ""The background states that Yoichiro Nambu won half the 2008 Nobel Prize in Physics for spontaneous broken symmetry in strong interactions. The other half was shared by Makoto Kobayashi and Toshihide Maskawa for discovering the origin of explicit CP symmetry breaking in weak interactions."",
  ""answer"": ""B""
}","{
  ""reasoning"": ""The question asks for the scientists who shared the other half of the 2008 Nobel Prize in Physics with Yoichiro Nambu for work on CP symmetry breaking in weak interactions. The background explicitly states that Makoto Kobayashi and Toshihide Maskawa shared the other half for discovering the origin of explicit CP symmetry breaking."",
  ""answer"": ""B""
}"
47,What are some models that attempt to account for all observations without invoking supplemental non-baryonic matter?,C,C,C,A,"{
  ""reasoning"": ""The question asks for models that explain observations without invoking non-baryonic dark matter. The background explicitly mentions Modified Newtonian dynamics (MOND), tensor–vector–scalar gravity (TeVeS), and entropic gravity as alternative theories that modify gravity instead of requiring dark matter."",
  ""answer"": ""C""
}","{
  ""reasoning"": ""The question asks for models that try to explain observations (like galaxy rotation curves) without invoking non-baryonic dark matter. The background explicitly mentions Modified Newtonian dynamics (MOND), tensor–vector–scalar gravity (TeVeS), and entropic gravity as alternative theories that modify gravity instead of requiring dark matter."",
  ""answer"": ""C""
}",
48,What is the purpose of the proximity-focusing design in a RICH detector?,D,D,D,A,"{
  ""reasoning"": ""The proximity-focusing design in a RICH detector uses a thin radiator to emit Cherenkov light, which travels a short distance (the proximity gap) before detection, forming a ring image. The radius of this ring depends on the Cherenkov angle and the proximity gap, as described in the background."",
  ""answer"": ""D""
}","{
  ""reasoning"": ""The question asks about the purpose of the proximity-focusing design in a RICH detector. The background repeatedly states that in this design, a thin radiator emits a cone of Cherenkov light that traverses a small distance (the proximity gap) to form a ring image on the photon detector."",
  ""answer"": ""D""
}",
49,What is a light-year?,B,B,B,A,"{
  ""reasoning"": ""The background clearly defines a light-year as a unit of length, not time, temperature, energy, or mass. It specifies that it is the distance light travels in a vacuum in one Julian year, approximately 9.46 trillion kilometers or 5.88 trillion miles."",
  ""answer"": ""B""
}","{
  ""reasoning"": ""The background clearly defines a light-year as a unit of length, not time, temperature, energy, or mass. It is the distance light travels in a vacuum in one Julian year, approximately 9.46 trillion kilometers."",
  ""answer"": ""B""
}",
50,What is the main advantage of ferroelectric memristors?,B,B,B,B,"{
  ""reasoning"": ""The question asks for the main advantage of ferroelectric memristors as described in the background. The text explicitly states that their main advantages are tunable ferroelectric domain dynamics for engineering the response and purely electronic resistance variations aiding reliability."",
  ""answer"": ""B""
}","{
  ""reasoning"": ""The question asks for the main advantage of ferroelectric memristors as described in the background. The background explicitly states that their main advantages are tunable ferroelectric domain dynamics for engineering the response and purely electronic resistance variations aiding reliability."",
  ""answer"": ""B""
}","{
  ""reasoning"": ""The question asks for the main advantage of ferroelectric memristors as described in the background. The text explicitly states that their main advantages are tunable ferroelectric domain dynamics for engineering the response and purely electronic resistance variations aiding reliability."",
  ""answer"": ""B""
}"
51,What is the term used to describe the conduction that occurs in non-crystalline semiconductors by charges quantum tunnelling from one localised site to another?,E,E,E,E,"{
  ""reasoning"": ""The question asks for the term describing conduction via quantum tunneling between localized sites in non-crystalline semiconductors. The background explicitly states that this is known as variable range hopping, with a characteristic conductivity dependence on temperature."",
  ""answer"": ""E""
}","{
  ""reasoning"": ""The question asks for the term describing conduction via quantum tunneling between localized sites in non-crystalline semiconductors. The background explicitly states that this process is known as variable range hopping and gives its characteristic form."",
  ""answer"": ""E""
}","{
  ""reasoning"": ""The question asks for the term describing conduction via quantum tunneling between localized sites in non-crystalline semiconductors. The background explicitly states that this is known as variable range hopping, with a characteristic form depending on dimensionality."",
  ""answer"": ""E""
}"
52,What is resistivity?,C,C,C,C,"{
  ""reasoning"": ""The background defines resistivity as a fundamental specific property of a material that quantifies how strongly it resists electric current, with SI unit ohm-meter (Ω⋅m). It is explicitly described as an intrinsic property that depends only on the material, not on its shape or size."",
  ""answer"": ""C""
}","{
  ""reasoning"": ""The background defines resistivity as a fundamental specific property of a material that quantifies how strongly it resists electric current, measured in ohm-meters (Ω·m). It explicitly states that resistivity is an intrinsic property, depending only on the material and not on its shape or size, unlike resistance which is geometry-dependent."",
  ""answer"": ""C""
}","{
  ""reasoning"": ""The background defines resistivity as a fundamental specific property of a material that quantifies its opposition to electric current, with SI units of ohm-meters (Ω·m). It explicitly states that resistivity is an intrinsic property, depending only on the material and not on its shape or size, unlike resistance which does depend on geometry."",
  ""answer"": ""C""
}"
53,What did Newton adopt after his correspondence with Hooke in 1679-1680?,A,A,A,A,"{
  ""reasoning"": ""The background explicitly states that after the 1679–1680 correspondence with Hooke, Newton adopted the language of inward or centripetal force, replacing his earlier terminology of 'endeavour to recede' (centrifugal force). This change in language is highlighted as a shift in perspective, though his underlying mathematical analysis remained consistent."",
  ""answer"": ""A""
}","{
  ""reasoning"": ""The background explicitly states that after his 1679–1680 correspondence with Hooke, Newton adopted the language of inward or centripetal force, shifting from his earlier terminology of 'endeavour to recede' (centrifugal force). This change in perspective did not alter the underlying mathematical analysis."",
  ""answer"": ""A""
}","{
  ""reasoning"": ""The background text explicitly states that after his 1679–1680 correspondence with Hooke, Newton adopted the language of inward or centripetal force. This is a specific change in terminology, not a new concept, as his earlier work already used the idea of 'endeavour to recede' (centrifugal force)."",
  ""answer"": ""A""
}"
54,What is the metallicity of Kapteyn's star estimated to be?,B,B,B,B,"{
  ""reasoning"": ""The background explicitly states: 'The metallicity of Kapteyn's star is estimated to be about 8 times less than the Sun.' This directly answers the question about metallicity, not distance."",
  ""answer"": ""B""
}","{
  ""reasoning"": ""The question asks specifically for the metallicity of Kapteyn's star relative to the Sun. The background explicitly states: 'The metallicity of Kapteyn's star is estimated to be about 8 times less than the Sun.' This directly matches one of the options."",
  ""answer"": ""B""
}","{
  ""reasoning"": ""The background explicitly states: 'The metallicity of Kapteyn's star is estimated to be about 8 times less than the Sun.' This is a direct numerical comparison of metallicity, not a distance measurement."",
  ""answer"": ""B""
}"
55,What is the SI base unit of time and how is it defined?,B,B,B,B,"{
  ""reasoning"": ""The background repeatedly states that the SI base unit of time is the second, and it is defined by a specific hyperfine transition of the caesium-133 atom. None of the other units (week, hour, day, minute) are the SI base unit."",
  ""answer"": ""B""
}","{
  ""reasoning"": ""The background explicitly states that the SI base unit of time is the second, and it is defined by the electronic transition frequency of the caesium-133 atom. All other options list different time units that are not SI base units."",
  ""answer"": ""B""
}","{
  ""reasoning"": ""The background repeatedly states that the SI base unit of time is the second, and it is defined by the fixed numerical value of the caesium-133 atom's hyperfine transition frequency. All other options list units (week, hour, day, minute) that are not SI base units."",
  ""answer"": ""B""
}"
56,What is a planetary system?,C,C,C,C,"{
  ""reasoning"": ""The background explicitly defines a planetary system as any set of gravitationally bound non-stellar objects orbiting or associated with a star or star system, which includes planets, dwarf planets, moons, asteroids, and other bodies. This definition is not restricted by location within a solar system or galaxy, nor by composition, size, or shape of the objects."",
  ""answer"": ""C""
}","{
  ""reasoning"": ""The background explicitly defines a planetary system as 'any set of gravitationally bound non-stellar objects in or out of orbit around a star or star system.' This definition is broad and not restricted to a single solar system, galaxy, size, shape, or composition."",
  ""answer"": ""C""
}","{
  ""reasoning"": ""The background explicitly defines a planetary system as any set of gravitationally bound non-stellar objects orbiting or associated with a star or star system. This definition includes planets, dwarf planets, moons, asteroids, and other bodies, without restrictions on size, composition, location, or galaxy."",
  ""answer"": ""C""
}"
57,What is the result of the collapse of a cavitation bubble?,C,C,C,C,"{
  ""reasoning"": ""The background repeatedly describes that when a cavitation bubble collapses, the inward rush of liquid compresses the vapor inside, creating extremely high temperatures and pressures (e.g., 5000 K, 1000 atm), and this rapid collapse releases energy as shock waves and sometimes light (sonoluminescence)."",
  ""answer"": ""C""
}","{
  ""reasoning"": ""The background repeatedly states that when a cavitation bubble collapses, the inward rush of surrounding liquid compresses the vapor inside, creating extremely high temperatures and pressures. This rapid compression releases energy as a shock wave and sometimes visible light (sonoluminescence)."",
  ""answer"": ""C""
}","{
  ""reasoning"": ""The background repeatedly describes that when a cavitation bubble collapses, the inward rush of surrounding liquid compresses the vapor inside, leading to extremely high temperatures and pressures. This rapid collapse releases energy as shock waves and sometimes light."",
  ""answer"": ""C""
}"
58,Who was Giordano Bruno?,D,D,D,D,"{
  ""reasoning"": ""The background repeatedly identifies Giordano Bruno as an Italian philosopher, a supporter of the Copernican heliocentric theory, and a proponent of the idea that fixed stars are suns with their own planets."",
  ""answer"": ""D""
}","{
  ""reasoning"": ""The background repeatedly identifies Giordano Bruno as an Italian philosopher who supported the Copernican heliocentric theory. It also states he believed fixed stars are similar to the Sun and are accompanied by planets, making him an early proponent of a plurality of worlds."",
  ""answer"": ""D""
}","{
  ""reasoning"": ""The background consistently identifies Giordano Bruno as an Italian philosopher who supported the Copernican heliocentric theory and argued that fixed stars are suns with their own planets. This directly matches option D, while the other options misrepresent his nationality, supported theory, or beliefs."",
  ""answer"": ""D""
}"
59,What are the Navier-Stokes equations?,A,A,A,A,"{
  ""reasoning"": ""The background states that the Navier-Stokes equations are partial differential equations describing viscous fluid motion, based on Newton's second law for Newtonian fluids. They include viscosity, unlike the Euler equations for inviscid flow, and express momentum balance and mass conservation."",
  ""answer"": ""A""
}","{
  ""reasoning"": ""The background repeatedly states that the Navier–Stokes equations are partial differential equations describing viscous fluid motion, based on Newton's second law for Newtonian fluids. They explicitly contrast with the Euler equations, which model inviscid flow, and emphasize viscosity as a key feature."",
  ""answer"": ""A""
}","{
  ""reasoning"": ""The background repeatedly states that the Navier-Stokes equations are partial differential equations describing viscous fluid motion, based on Newton's second law, and that they express momentum balance and mass conservation for Newtonian fluids. Options with 'non-Newtonian', 'non-viscous', or 'algebraic' are inconsistent with the provided context."",
  ""answer"": ""A""
}"
60,What is the revised view of the atmosphere's nature based on the time-varying multistability that is associated with the modulation of large-scale processes and aggregated feedback of small-scale processes?,B,B,B,B,"{
  ""reasoning"": ""The background explicitly states that the revised view, refined by considering time-varying multistability and feedbacks, is: 'The atmosphere possesses chaos and order; it includes, as examples, emerging organized systems (such as tornadoes) and time varying forcing from recurrent seasons.' This directly matches one of the options."",
  ""answer"": ""B""
}","{
  ""reasoning"": ""The background explicitly states that the revised view, refined by considering time-varying multistability from large-scale and small-scale processes, is: 'The atmosphere possesses chaos and order; it includes, as examples, emerging organized systems (such as tornadoes) and time varying forcing from recurrent seasons.' This directly matches option B."",
  ""answer"": ""B""
}","{
  ""reasoning"": ""The question asks for the revised view of the atmosphere's nature based on time-varying multistability, which integrates large-scale modulation (e.g., seasonal forcing) and small-scale feedback (e.g., convection). The background explicitly states that this revised view is: 'The atmosphere possesses chaos and order; it includes, as examples, emerging organized systems (such as tornadoes) and time varying forcing from recurrent seasons.'"",
  ""answer"": ""B""
}"
61,What is the reason that it is nearly impossible to see light emitted at the Lyman-alpha transition wavelength from a star farther than a few hundred light years from Earth?,B,B,B,B,"{
  ""reasoning"": ""The background explicitly states that far ultraviolet light is absorbed effectively by neutral hydrogen gas in the ISM, specifically at the Lyman-alpha transition wavelength of about 121.5 nm. This absorption prevents such light from stars beyond a few hundred light-years from reaching Earth."",
  ""answer"": ""B""
}","{
  ""reasoning"": ""The question asks why Lyman-alpha light from distant stars is nearly impossible to see. The background states that atomic hydrogen in the ISM strongly absorbs far ultraviolet light at about 121.5 nm, the Lyman-alpha transition, making such light from stars beyond a few hundred light years undetectable."",
  ""answer"": ""B""
}","{
  ""reasoning"": ""The background states that neutral hydrogen gas in the ISM strongly absorbs far ultraviolet light at the Lyman-alpha transition (121.5 nm), making it nearly impossible to see such light from distant stars. This matches an option specifying neutral components (not charged) and atomic hydrogen (not helium) with the correct wavelength."",
  ""answer"": ""B""
}"
62,What is a Schwarzschild black hole?,C,C,C,C,"{
  ""reasoning"": ""The background repeatedly states that a Schwarzschild black hole is a static black hole with mass but no electric charge and no angular momentum, and it is spherically symmetric. Birkhoff's theorem confirms that the Schwarzschild metric is the most general spherically symmetric vacuum solution."",
  ""answer"": ""C""
}","{
  ""reasoning"": ""The background repeatedly states that a Schwarzschild black hole is static, meaning it has no electric charge and no angular momentum, and it is spherically symmetric. Birkhoff's theorem confirms that the Schwarzschild metric is the unique spherically symmetric vacuum solution, depending only on mass."",
  ""answer"": ""C""
}","{
  ""reasoning"": ""The background repeatedly states that a Schwarzschild black hole is static, with no electric charge and no angular momentum, and is spherically symmetric. Birkhoff's theorem confirms the Schwarzschild metric is the unique spherically symmetric vacuum solution, depending only on mass."",
  ""answer"": ""C""
}"
63,What is the definition of Atomristor?,C,C,C,C,"{
  ""reasoning"": ""The question asks for the definition of Atomristor. The background explicitly states: 'Atomristor is defined as the electrical devices showing memristive behavior in atomically thin nanomaterials or atomic sheets.' This matches one of the options exactly."",
  ""answer"": ""C""
}","{
  ""reasoning"": ""The question asks for the definition of Atomristor. The background explicitly states: 'Atomristor is defined as the electrical devices showing memristive behavior in atomically thin nanomaterials or atomic sheets.' This matches option C directly, while the other options describe different structures, effects, or technologies not matching the given definition."",
  ""answer"": ""C""
}","{
  ""reasoning"": ""The question asks for the definition of an Atomristor, which is explicitly provided in the background context. The background states: 'Atomristor is defined as the electrical devices showing memristive behavior in atomically thin nanomaterials or atomic sheets.' This matches one of the given options exactly."",
  ""answer"": ""C""
}"
64,Who published the first theory that was able to encompass previously separate field theories to provide a unifying theory of electromagnetism?,A,A,A,A,"{
  ""reasoning"": ""The background explicitly states that in 1864, Maxwell published his famous paper on a dynamical theory of the electromagnetic field, which was the first example of a theory that encompassed previously separate field theories (electricity and magnetism) into a unifying theory of electromagnetism. While Faraday and others contributed foundational discoveries, it was Maxwell who formulated the unified theory."",
  ""answer"": ""A""
}","{
  ""reasoning"": ""The background explicitly states that in 1864, Maxwell published his paper on a dynamical theory of the electromagnetic field, which was the first theory to unify electricity and magnetism. While Faraday and others contributed foundational discoveries, it was Maxwell who provided the unifying theoretical framework."",
  ""answer"": ""A""
}","{
  ""reasoning"": ""The background states that Maxwell's 1864 paper presented the first theory to unify electricity and magnetism into electromagnetism. While others contributed foundational work, Maxwell's equations provided the comprehensive unifying framework."",
  ""answer"": ""A""
}"
65,What is the relevant type of coherence for the Young's double-slit interferometer?,E,E,E,E,"{
  ""reasoning"": ""The background explicitly states that the coherence area (Ac) is the relevant type of coherence for the Young's double-slit interferometer. While spatial coherence is also discussed in connection with the experiment, the question specifically asks for the relevant type, and the text directly identifies Ac as such."",
  ""answer"": ""E""
}","{
  ""reasoning"": ""The background explicitly states that the coherence area (Ac) is the relevant type of coherence for Young's double-slit interferometer, and that this experiment is concerned with spatial coherence. The diameter of the coherence area (Ac) quantifies the spatial extent over which the wave can interfere, which directly determines whether both slits are illuminated coherently."",
  ""answer"": ""E""
}","{
  ""reasoning"": ""The background explicitly states that Ac (coherence area) is the relevant type of coherence for the Young's double-slit interferometer. It also clarifies that coherence length is usually an industrial term related to the source's coherence time, not the coherence area in the medium, and that Young's experiment is concerned with spatial coherence."",
  ""answer"": ""E""
}"
66,What is the Peierls bracket in canonical quantization?,C,C,C,C,"{
  ""reasoning"": ""The background explains that the Peierls bracket is defined directly from the action and serves as a Poisson bracket derivable from that action, converting the quotient algebra into a Poisson algebra in the canonical quantization framework. Among the options, only C accurately captures this definition and its role."",
  ""answer"": ""C""
}","{
  ""reasoning"": ""The background states that the Peierls bracket is introduced as a Poisson bracket derivable from the action, converting the quotient algebra into a Poisson algebra as part of the canonical quantization procedure. It is not merely a symbol for the algebra itself, nor a tool for generating the Hamiltonian or Euler-Lagrange equations."",
  ""answer"": ""C""
}","{
  ""reasoning"": ""The background explains that the Peierls bracket is introduced from the action and converts the quotient algebra (modulo Euler–Lagrange equations) into a Poisson algebra, which is then used in canonical quantization. Among the options, only C accurately captures this definition."",
  ""answer"": ""C""
}"
67,What is the isophotal diameter used for in measuring a galaxy's size?,E,E,E,A,"{
  ""reasoning"": ""The background explicitly defines isophotal diameter as a conventional way of measuring a galaxy's size based on its apparent surface brightness, using curves (isophotes) that connect points of equal brightness. This directly matches option E, while the other options describe unrelated properties (distance, age, mass, temperature) not tied to this definition."",
  ""answer"": ""E""
}","{
  ""reasoning"": ""The background explicitly states that isophotal diameter is introduced as a conventional way of measuring a galaxy's size based on its apparent surface brightness, using curves of equal brightness (isophotes) to define the galaxy's extent. The examples provided (e.g., Milky Way, Andromeda) illustrate its application for size measurement, not distance, age, mass, or temperature."",
  ""answer"": ""E""
}",
68,What is the Maxwell's Demon thought experiment?,C,C,C,A,"{
  ""reasoning"": ""The question asks for the correct description of Maxwell's Demon thought experiment. The background repeatedly states that the container is divided into two parts filled with the same gas at equal temperatures, and the demon selectively allows faster molecules to pass one way and slower ones the other, creating a temperature difference that seemingly violates the second law."",
  ""answer"": ""C""
}","{
  ""reasoning"": ""The question asks for the correct description of Maxwell's Demon. The key elements from the background are: the demon guards a microscopic trapdoor between two chambers filled with the same gas at equal temperatures, and it selectively allows faster molecules to pass in one direction, creating a temperature difference that seems to violate the second law of thermodynamics."",
  ""answer"": ""C""
}",
69,What is the application of Memristor?,D,D,D,A,"{
  ""reasoning"": ""The background text explicitly lists several application areas for memristors, including programmable logic signal processing, super-resolution imaging, physical neural networks, control systems, reconfigurable computing, in-memory computing, brain–computer interfaces, and RFID. None of the other options (electric cars, food production, solar panels, or optical fiber communication) are mentioned as direct applications in the provided context."",
  ""answer"": ""D""
}","{
  ""reasoning"": ""The background text explicitly lists several application areas for memristors, including programmable logic signal processing, super-resolution imaging, physical neural networks, control systems, reconfigurable computing, in-memory computing, brain–computer interfaces, and RFID. None of the other options (electric vehicles, food production, renewable energy generation, or communication technologies) are mentioned as direct applications in the provided context."",
  ""answer"": ""D""
}",
70,What is the effect generated by a spinning superconductor?,C,C,C,C,"{
  ""reasoning"": ""The background explicitly mentions the London moment as a quantum-mechanical phenomenon where a spinning superconductor generates a magnetic field aligned with its spin axis. This effect is distinct from other superconducting phenomena like the Meissner effect or flux pinning."",
  ""answer"": ""C""
}","{
  ""reasoning"": ""The background explicitly mentions the London moment as a quantum-mechanical phenomenon where a spinning superconductor generates a magnetic field aligned with the spin axis. This is directly stated in the first paragraph and reiterated later."",
  ""answer"": ""C""
}","{
  ""reasoning"": ""The background explicitly describes the London moment, which is a quantum-mechanical phenomenon where a spinning superconductor generates a magnetic field. It states that the field's axis lines up exactly with the spin axis."",
  ""answer"": ""C""
}"
71,What is the main focus of cryogenic and noble liquid detectors in dark matter experiments?,A,A,A,A,"{
  ""reasoning"": ""The background states that both cryogenic and noble liquid detectors focus strongly on their ability to distinguish background particles (which scatter off electrons) from dark matter particles (which scatter off nuclei). They achieve this by detecting heat (phonons) in cryogenic detectors or scintillation in noble liquids, but the primary goal is discrimination, not direct measurement of mass or cross-section."",
  ""answer"": ""A""
}","{
  ""reasoning"": ""The background states that both cryogenic and noble liquid detectors focus on distinguishing background particles (which predominantly scatter off electrons) from dark matter particles (that scatter off nuclei). The key is their ability to discriminate between electron recoils (background) and nuclear recoils (potential dark matter signals). The question asks for the 'main focus' of these detectors, which is explicitly stated in the background as distinguishing background particles from dark matter particles."",
  ""answer"": ""A""
}",
72,What is a pycnometer?,D,D,D,D,"{
  ""reasoning"": ""The background explicitly states that a pycnometer is a device used to determine the density of a liquid, and it can also be used for solids. While there are gas pycnometers for measuring volume of solids, the core definition focuses on liquid density measurement."",
  ""answer"": ""D""
}","{
  ""reasoning"": ""The background states that a pycnometer is a device used to determine the density of a liquid, and it can also be used for solids. While there are gas pycnometers for measuring solid volume, the core definition focuses on liquid density measurement."",
  ""answer"": ""D""
}","{
  ""reasoning"": ""The background states that a pycnometer is primarily used to determine the density of a liquid, though it can also measure the density of solids via gas or liquid displacement methods. The key definition given is that it is a device used to determine the density of a liquid, which matches option D."",
  ""answer"": ""D""
}"
73,"What is the estimated redshift of CEERS-93316, a candidate high-redshift galaxy observed by the James Webb Space Telescope?",B,B,B,B,"{
  ""reasoning"": ""The background text explicitly states multiple times that CEERS-93316 is a candidate high-redshift galaxy observed by JWST with an estimated redshift of approximately z = 16.7, corresponding to 235.8 million years after the Big Bang. This matches option B exactly."",
  ""answer"": ""B""
}","{
  ""reasoning"": ""The background explicitly states that CEERS-93316 is a candidate high-redshift galaxy observed by JWST with an estimated redshift of approximately z = 16.7, corresponding to 235.8 million years after the Big Bang. This is directly mentioned multiple times in the provided text."",
  ""answer"": ""B""
}","{
  ""reasoning"": ""The background explicitly states that CEERS-93316 is a candidate high-redshift galaxy observed by JWST with an estimated redshift of approximately z = 16.7, corresponding to 235.8 million years after the Big Bang. This information is directly provided in multiple sections of the text."",
  ""answer"": ""B""
}"
74,What is bollard pull primarily used for measuring?,D,D,D,D,"{
  ""reasoning"": ""The background explicitly states that bollard pull is primarily (but not only) used for measuring the strength of tugboats. While it mentions equivalent measurements for land vehicles like drawbar pull, the primary maritime application is emphasized."",
  ""answer"": ""D""
}","{
  ""reasoning"": ""The background explicitly states that bollard pull is primarily (but not only) used for measuring the strength of tugboats, and it gives examples of tugboat bollard pull ratings. While it mentions analogous measurements like drawbar pull for land vehicles, the primary maritime application is emphasized."",
  ""answer"": ""D""
}","{
  ""reasoning"": ""The background states that bollard pull is primarily (but not only) used for measuring the strength of tugboats, and it specifically mentions tugboats as the main application. While it also mentions analogous measurements for land vehicles, the primary use is clearly for tugboats."",
  ""answer"": ""D""
}"
75,What is the piezoelectric strain coefficient for AT-cut quartz crystals?,B,B,B,B,"{
  ""reasoning"": ""The background explicitly states the piezoelectric strain coefficient for AT-cut quartz crystals as d = 3.1·10⁻¹² m/V. This value is directly provided in the section discussing the amplitude of motion, making it a straightforward retrieval."",
  ""answer"": ""B""
}","{
  ""reasoning"": ""The background explicitly states the piezoelectric strain coefficient for AT-cut quartz crystals as d = 3.1·10⁻¹² m/V. This value is directly provided in the text, making it straightforward to identify the correct option."",
  ""answer"": ""B""
}","{
  ""reasoning"": ""The background explicitly states the piezoelectric strain coefficient for AT-cut quartz crystals as d = 3.1·10⁻¹² m/V. This value is directly provided in the text, making it a straightforward factual recall."",
  ""answer"": ""B""
}"
76,What is the difference between probability mass function (PMF) and probability density function (PDF)?,D,D,D,D,"{
  ""reasoning"": ""The background clearly states that a PMF is used for discrete random variables, giving the probability that the variable is exactly equal to some value. In contrast, a PDF is used for continuous random variables, describing the density such that probabilities are obtained by integration over an interval."",
  ""answer"": ""D""
}","{
  ""reasoning"": ""The background clearly states that PMF applies to discrete random variables, giving the probability that the variable equals a specific value, while PDF applies to continuous random variables, describing the density such that probabilities are obtained by integration over intervals."",
  ""answer"": ""D""
}","{
  ""reasoning"": ""The background clarifies that PMF is defined for discrete random variables, giving the probability that the variable equals a specific value. PDF is defined for continuous random variables, describing the density such that probabilities are obtained by integration over an interval."",
  ""answer"": ""D""
}"
77,"How do the Lunar Laser Ranging Experiment, radar astronomy, and the Deep Space Network determine distances to the Moon, planets, and spacecraft?",B,B,B,B,"{
  ""reasoning"": ""The background explicitly states that these methods determine distances by measuring the round-trip transit time of signals (laser or radio) and multiplying by the speed of light. This applies to Lunar Laser Ranging (laser pulses), radar astronomy (radio waves), and the Deep Space Network (radio signals)."",
  ""answer"": ""B""
}","{
  ""reasoning"": ""The background explicitly states that these methods determine distances by measuring the round-trip transit times of signals (laser pulses or radio waves) and using the speed of light to calculate distance. This matches the description for Lunar Laser Ranging, radar astronomy, and the Deep Space Network."",
  ""answer"": ""B""
}","{
  ""reasoning"": ""The background explicitly states that Lunar Laser Ranging, radar astronomy, and the Deep Space Network determine distances by measuring the time it takes for a signal (laser or radio) to travel to a target and back. This round-trip transit time, combined with the known speed of light, allows distance calculation."",
  ""answer"": ""B""
}"
78,What is the Ozma Problem?,C,C,C,C,"{
  ""reasoning"": ""The background clearly states that the Ozma Problem is a conundrum examining fundamental asymmetry in the universe, specifically in the context of mirror asymmetry, parity violation, and related physical concepts. Option C accurately captures this definition, while the others focus on narrower or unrelated aspects."",
  ""answer"": ""C""
}","{
  ""reasoning"": ""The background explicitly defines the Ozma Problem as a conundrum examining fundamental asymmetry in the universe, relating to mirror asymmetry, chirality, parity, and subatomic physics. This directly matches option C, while the other options focus on narrower or unrelated aspects."",
  ""answer"": ""C""
}","{
  ""reasoning"": ""The Ozma Problem is explicitly defined in the background as a conundrum examining whether there is any fundamental asymmetry to the universe, relating to mirror asymmetry, chirality, parity, and subatomic physics. This directly matches option C, while the other options either misrepresent the problem or describe tangential topics."",
  ""answer"": ""C""
}"
79,What is a Hilbert space in quantum mechanics?,E,E,E,E,"{
  ""reasoning"": ""The background repeatedly states that in quantum mechanics, the state of a system is represented by a vector in a complex Hilbert space. This is an abstract mathematical (complex vector) space, not a physical space, and it is used for quantum systems, not classical ones."",
  ""answer"": ""E""
}","{
  ""reasoning"": ""The background consistently describes a Hilbert space in quantum mechanics as a complex vector space (often infinite-dimensional) where quantum states are represented by vectors (kets) like |Ψ⟩. It is a mathematical construct, not a physical space, and is specifically used for quantum systems, not classical ones."",
  ""answer"": ""E""
}","{
  ""reasoning"": ""The background repeatedly states that in quantum mechanics, the state of a system is represented by a vector |Ψ⟩ in a complex Hilbert space, which is a complete inner product space over the complex numbers. This distinguishes it from a classical description and from merely a physical or mathematical space without the quantum context."",
  ""answer"": ""E""
}"
80,What is the significance of the speed of light in vacuum?,C,C,C,C,"{
  ""reasoning"": ""The background repeatedly emphasizes that the speed of light in vacuum is invariant and independent of both the source's motion and the observer's inertial frame, a cornerstone of special relativity. This is a fundamental property distinguishing it from speeds in material media."",
  ""answer"": ""C""
}","{
  ""reasoning"": ""The background repeatedly states that the speed of light in vacuum is invariant: it does not depend on the motion of the source or the observer's inertial frame. This is a cornerstone of special relativity and distinguishes it from speeds in classical physics."",
  ""answer"": ""C""
}","{
  ""reasoning"": ""The background repeatedly emphasizes that the speed of light in vacuum is invariant—it does not change regardless of the motion of the source or the observer's inertial frame. This is a cornerstone of special relativity."",
  ""answer"": ""C""
}"
81,What is the term used to describe the proportionality factor to the Stefan-Boltzmann law that is utilized in subsequent evaluations of the radiative behavior of grey bodies?,A,A,A,A,"{
  ""reasoning"": ""The question asks for the term used as the proportionality factor in the Stefan-Boltzmann law when evaluating grey bodies. The background repeatedly states that emissivity (ε) is the factor that modifies the blackbody radiation law for real materials, and it is specifically used for grey bodies."",
  ""answer"": ""A""
}","{
  ""reasoning"": ""The question asks for the term used as the proportionality factor to the Stefan-Boltzmann law in evaluations of grey bodies. The background explicitly states that emissivity is defined as that proportionality factor in the equation M = εσT⁴ and is used to describe radiative behavior of grey bodies."",
  ""answer"": ""A""
}","{
  ""reasoning"": ""The question asks for the term used as the proportionality factor in the Stefan-Boltzmann law when evaluating grey bodies. The background repeatedly states that emissivity (ε) is the factor that modifies the blackbody radiation law for real materials, and it is explicitly defined in the equation M = εσT⁴."",
  ""answer"": ""A""
}"
82,What is the reason for the formation of stars exclusively within molecular clouds?,B,B,B,B,"{
  ""reasoning"": ""The background states that star formation occurs exclusively within molecular clouds due to their low temperatures and high densities, which allow gravitational collapse to overcome internal outward pressures. This directly matches option B, while other options contradict the conditions described."",
  ""answer"": ""B""
}","{
  ""reasoning"": ""The background explicitly states that star formation occurs exclusively within molecular clouds due to their low temperatures and high densities, which allow gravitational collapse to overcome outward pressure. This directly matches the condition described in option B, while other options contradict the given information."",
  ""answer"": ""B""
}","{
  ""reasoning"": ""The background states that star formation occurs exclusively within molecular clouds due to their low temperatures and high densities, which allow gravitational collapse to overcome outward pressure. This directly matches option B's description of the conditions enabling collapse."",
  ""answer"": ""B""
}"
83,What is the identity operation in symmetry groups?,A,A,A,A,"{
  ""reasoning"": ""The question asks for the definition of the identity operation in symmetry groups. The background repeatedly states that the identity operation leaves the molecule unchanged and corresponds to doing nothing, forming the identity element of the group."",
  ""answer"": ""A""
}","{
  ""reasoning"": ""The identity operation is defined as doing nothing to the molecule, leaving it completely unchanged. It is a fundamental element in group theory, present even in asymmetric molecules."",
  ""answer"": ""A""
}","{
  ""reasoning"": ""The identity operation is defined as doing nothing to the molecule, leaving it completely unchanged. It is a fundamental element in group theory and is present even in asymmetric molecules."",
  ""answer"": ""A""
}"
84,What is a regular polytope?,C,C,C,C,"{
  ""reasoning"": ""The background explicitly defines a regular polytope as one whose symmetry group acts transitively on its flags. This is a standard definition in the study of polytopes, distinguishing it from weaker conditions like transitivity only on vertices, edges, or faces."",
  ""answer"": ""C""
}","{
  ""reasoning"": ""The background text explicitly defines a regular polytope multiple times in terms of flag transitivity. For example, it states: 'A regular polytope is one whose symmetry group is transitive on its flags.' This is the standard definition in polytope theory."",
  ""answer"": ""C""
}","{
  ""reasoning"": ""The background defines a regular polytope multiple times by stating that its symmetry group acts transitively on its flags. This is the standard definition, distinguishing it from weaker conditions like transitivity only on vertices, edges, or faces."",
  ""answer"": ""C""
}"
85,What is the reason behind the largest externally observed electrical effects when two conductors are separated by the smallest distance without touching?,D,D,D,D,"{
  ""reasoning"": ""The background explicitly states that the surface charge on a conductor depends on the magnitude of the electric field, and that the electric field depends on the distance between the surfaces. This explains why the effects are largest at the smallest separation without touching, as the electric field strength increases with decreasing distance."",
  ""answer"": ""D""
}","{
  ""reasoning"": ""The background text explicitly states that the surface charge on a conductor depends on the magnitude of the electric field, and that this electric field depends on the distance between the surfaces. This is why the electrical effects are largest at the smallest separation without touching."",
  ""answer"": ""D""
}","{
  ""reasoning"": ""The background states that the surface charge on a conductor depends on the magnitude of the electric field, and this electric field depends on the distance between the surfaces. This explains why effects are largest at the smallest separation without touching."",
  ""answer"": ""D""
}"
86,What is the formalism that angular momentum is associated with in rotational invariance?,D,D,D,D,"{
  ""reasoning"": ""The background text explicitly states: 'In modern (20th century) theoretical physics, angular momentum ... is described using a different formalism ... angular momentum is the 2-form Noether charge associated with rotational invariance.' This directly matches one of the given options."",
  ""answer"": ""D""
}","{
  ""reasoning"": ""The background explicitly states that in modern theoretical physics, angular momentum is described as the 2-form Noether charge associated with rotational invariance. This is a direct match to one of the provided options."",
  ""answer"": ""D""
}","{
  ""reasoning"": ""The background explicitly states that in modern theoretical physics, angular momentum is described as the 2-form Noether charge linked to rotational invariance. This contrasts with the classical pseudovector description and fits within the geometric formalism of differential forms."",
  ""answer"": ""D""
}"
87,"Which hand should be used to apply the right-hand rule when tightening or loosening nuts, screws, bolts, bottle caps, and jar lids?",B,B,B,B,"{
  ""reasoning"": ""The background explicitly states that the right-hand rule is applied using the right hand, with the thumb pointing in the desired direction of movement and curled fingers indicating the turning direction. This is consistently described for typical fasteners, which follow right-handed threads."",
  ""answer"": ""B""
}","{
  ""reasoning"": ""The background explicitly states that typical fasteners are tightened clockwise and loosened counterclockwise according to the right-hand rule. It specifies that to apply the rule, one uses the right hand, with the thumb pointing in the desired direction of motion and curled fingers indicating the turning direction."",
  ""answer"": ""B""
}","{
  ""reasoning"": ""The background explicitly states that the right-hand rule is applied using the right hand, with the thumb indicating desired motion and curled fingers indicating turning direction. This is consistently described for tightening and loosening threaded objects."",
  ""answer"": ""B""
}"
88,What is the Minkowski diagram used for?,E,E,E,E,"{
  ""reasoning"": ""The background explicitly states that Minkowski used his diagram 'to define concepts and demonstrate properties of Lorentz transformations' and to give a 'geometrical interpretation to the generalization of Newtonian mechanics to relativistic mechanics.' This matches the description in option E, which correctly identifies the role of Lorentz transformations and the generalization from Newtonian mechanics."",
  ""answer"": ""E""
}","{
  ""reasoning"": ""The background states that Minkowski diagrams are used to define concepts and demonstrate properties of Lorentz transformations, and to provide a geometrical interpretation for generalizing Newtonian mechanics to relativistic mechanics. This matches option E, which explicitly mentions Lorentz transformations and the generalization from Newtonian mechanics."",
  ""answer"": ""E""
}","{
  ""reasoning"": ""The background explicitly states that Minkowski used his diagram to define concepts and demonstrate properties of Lorentz transformations (e.g., proper time and length contraction) and to provide a geometrical interpretation for the generalization of Newtonian mechanics to relativistic mechanics. This directly matches the description in option E."",
  ""answer"": ""E""
}"
89,What are the two main interpretations for the disparity between the presence of matter and antimatter in the observable universe?,D,D,D,D,"{
  ""reasoning"": ""The background explicitly states the two main interpretations: either the universe began with a small preference for matter (total baryonic number different from zero), or it was originally perfectly symmetric and processes later created an imbalance favoring matter. Option D matches this description exactly."",
  ""answer"": ""D""
}","{
  ""reasoning"": ""The background explicitly states the two main interpretations: either the universe began with a small preference for matter (non-zero initial baryonic number), or it was originally perfectly symmetric and later developed an imbalance favoring matter through processes like baryogenesis. Option D correctly captures both interpretations, while the others misstate the initial conditions or the direction of the imbalance."",
  ""answer"": ""D""
}","{
  ""reasoning"": ""The background explicitly states the two main interpretations: either the universe started with a small initial matter preference (nonzero baryonic number), or it started perfectly symmetric and later processes created an imbalance favoring matter. Only option D correctly captures both interpretations—initial matter preference or perfect symmetry followed by matter-favoring processes."",
  ""answer"": ""D""
}"
90,What is the Ramsauer-Townsend effect?,B,B,B,B,"{
  ""reasoning"": ""The background explicitly states that the Ramsauer–Townsend effect involves scattering of low-energy electrons by atoms of a noble gas and cannot be explained classically, requiring quantum wave theory. This directly matches option B."",
  ""answer"": ""B""
}","{
  ""reasoning"": ""The background states that the Ramsauer–Townsend effect involves scattering of low-energy electrons by noble gas atoms and cannot be explained classically, requiring quantum wave theory. This directly matches option B, while other options misstate the gas type, energy range, or explanatory theory."",
  ""answer"": ""B""
}","{
  ""reasoning"": ""The background clearly states the Ramsauer–Townsend effect involves scattering of low-energy electrons by noble gas atoms and cannot be explained classically, requiring quantum wave theory. This matches option B exactly."",
  ""answer"": ""B""
}"
91,What is Minkowski space?,B,B,B,B,"{
  ""reasoning"": ""The background describes Minkowski space as a four-dimensional mathematical setting combining space and time, used to formulate special relativity. It is not a physical space describing object motion, nor is it two- or three-dimensional."",
  ""answer"": ""B""
}","{
  ""reasoning"": ""The question asks for the definition of Minkowski space based on the background. The background describes it as a four-dimensional mathematical model combining space and time, specifically mentioning it 'combines inertial space and time manifolds with a non-inertial reference frame of space and time into a four-dimensional model relating a position to the field.'"",
  ""answer"": ""B""
}","{
  ""reasoning"": ""The question asks for the definition of Minkowski space based on the provided background. The background describes it as a four-dimensional mathematical model combining space and time, specifically relating inertial and non-inertial frames, which matches option B."",
  ""answer"": ""B""
}"
92,What is the Optical Signal-to-Noise Ratio (OSNR)?,B,B,B,B,"{
  ""reasoning"": ""The background clearly defines OSNR as the ratio between signal power and noise power in a given bandwidth, independent of modulation format or receiver. It also notes that a common reference bandwidth is 0.1 nm, but the definition is not tied to a fixed bandwidth of 6.02m or to dynamic range limitations."",
  ""answer"": ""B""
}","{
  ""reasoning"": ""The background explicitly states that OSNR is the ratio between signal power and noise power in a given bandwidth, independent of modulation format, frequency, and receiver. It is used to describe signal quality without considering the receiver, and a common reference bandwidth is 0.1 nm, not tied to dynamic range constraints."",
  ""answer"": ""B""
}","{
  ""reasoning"": ""The background explicitly defines OSNR as the ratio between signal power and noise power in a given bandwidth, independent of modulation format, frequency, and receiver. It is commonly referenced to a bandwidth of 0.1 nm and used to characterize signal quality before receiver considerations."",
  ""answer"": ""B""
}"
93,What is the interpretation of supersymmetry in stochastic supersymmetric theory?,E,E,E,E,"{
  ""reasoning"": ""The question asks for the interpretation of supersymmetry specifically within stochastic supersymmetric theory. The background explicitly states that supersymmetry in this context is an intrinsic property of all stochastic differential equations, representing the preservation of continuity in the phase space via continuous time flows."",
  ""answer"": ""E""
}","{
  ""reasoning"": ""The background explicitly states that topological supersymmetry is an intrinsic property of all stochastic differential equations, representing the preservation of continuity in the phase space via continuous time flows. Option E directly captures this definition, while the other options incorrectly relate supersymmetry to magnetic fields or dynamos, which are not the core interpretation in this context."",
  ""answer"": ""E""
}","{
  ""reasoning"": ""The question asks for the interpretation of supersymmetry specifically within stochastic supersymmetric theory. The background repeatedly states that in this context, supersymmetry is an intrinsic property of all stochastic differential equations, representing the preservation of continuity in the phase space via continuous time flows."",
  ""answer"": ""E""
}"
94,"What is the purpose of expressing a map's scale as a ratio, such as 1:10,000?",E,E,E,E,"{
  ""reasoning"": ""The question asks about the purpose of expressing a map's scale as a ratio. The background explains that scale is the ratio of a distance on the map to the corresponding distance on the ground, showing the relationship between map size and real-world size. Among the options, only E directly describes this relationship."",
  ""answer"": ""E""
}","{
  ""reasoning"": ""The background explains that a map scale expressed as a ratio (e.g., 1:10,000) defines how a unit on the map corresponds to the same unit on the ground. This ratio directly communicates the proportional relationship between map distances and real-world distances, which is essential for understanding the map's coverage and detail."",
  ""answer"": ""E""
}","{
  ""reasoning"": ""The question asks about the purpose of expressing a map's scale as a ratio. The background explains that scale is the ratio of a distance on the map to the corresponding distance on the ground, defining the size relationship between map features and the real world."",
  ""answer"": ""E""
}"
95,What is the main sequence in astronomy?,C,C,C,C,"{
  ""reasoning"": ""The question asks for the definition of the main sequence in astronomy. The background text clearly states that the main sequence is a continuous and distinctive band of stars on Hertzsprung–Russell diagrams, where stars are fusing hydrogen in their cores. This directly matches one of the provided options."",
  ""answer"": ""C""
}","{
  ""reasoning"": ""The question asks for the definition of the main sequence in astronomy. The background clearly states it is a continuous band of stars on color-magnitude plots (Hertzsprung–Russell diagrams), and stars on it are called main-sequence or dwarf stars."",
  ""answer"": ""C""
}","{
  ""reasoning"": ""The question asks for the definition of the main sequence in astronomy. The background explicitly states that the main sequence is a continuous and distinctive band of stars on plots of stellar color versus brightness, and that stars on this band are called main-sequence or dwarf stars."",
  ""answer"": ""C""
}"
96,"Who proposed the concept of ""maximal acceleration""?",C,C,C,C,"{
  ""reasoning"": ""The background text directly states that in 1981, Eduardo R. Caianiello proposed a 'maximal acceleration', similar to the minimal length at Planck scale. This is a specific historical claim, not attributed to the other scientists listed."",
  ""answer"": ""C""
}","{
  ""reasoning"": ""The background text explicitly states that in 1981, Eduardo R. Caianiello proposed a 'maximal acceleration', analogous to the minimal length at the Planck scale. Other scientists mentioned, such as Hideki Yukawa, worked on related but different concepts like nonlocal quantum theory."",
  ""answer"": ""C""
}","{
  ""reasoning"": ""The background text explicitly states: 'In 1981, Eduardo R. Caianiello proposed a \""maximal acceleration\"", similarly as there is a minimal length at Planck scale...' This directly links the proposal of maximal acceleration to Caianiello."",
  ""answer"": ""C""
}"
97,What is indirect photophoresis?,D,D,D,D,"{
  ""reasoning"": ""The background text explicitly states that indirect photophoresis occurs when particles absorb incident light only on the irradiated side, creating a temperature gradient within the particle. This temperature gradient leads to a radiometric force that moves the particle opposite to the surface temperature gradient."",
  ""answer"": ""D""
}","{
  ""reasoning"": ""The background states that indirect photophoresis occurs when particles absorb incident light only on the irradiated side, creating a temperature gradient within the particle. This leads to a migration of particles in a direction opposite to the surface temperature gradient due to the radiometric force."",
  ""answer"": ""D""
}","{
  ""reasoning"": ""The background text clearly states that indirect photophoresis occurs when particles absorb incident light only on the irradiated side, creating a temperature gradient within the particle. It further explains that molecules in the hotter region impinge with greater momenta, causing migration opposite to the temperature gradient."",
  ""answer"": ""D""
}"
98,What does Earnshaw's theorem state?,D,D,D,D,"{
  ""reasoning"": ""Earnshaw's theorem specifically addresses the stability of point charges under electrostatic forces, stating that stable equilibrium is impossible solely through those interactions. The background explicitly states the theorem in these terms, and option D matches that definition verbatim."",
  ""answer"": ""D""
}","{
  ""reasoning"": ""The question directly asks for the statement of Earnshaw's theorem as described in the background. The background repeatedly states that Earnshaw's theorem proves that a collection of point charges cannot be in stable equilibrium through electrostatic forces alone, which matches one of the given options."",
  ""answer"": ""D""
}","{
  ""reasoning"": ""The background explicitly states Earnshaw's theorem multiple times, each time indicating that stable stationary equilibrium is impossible for point charges under electrostatic forces alone. The correct answer directly quotes this impossibility."",
  ""answer"": ""D""
}"
99,What is radiosity in radiometry?,D,D,D,D,"{
  ""reasoning"": ""The background explicitly defines radiosity as the radiant flux leaving (emitted, reflected and transmitted by) a surface per unit area. It also states the SI unit is watt per square metre, confirming it is per unit area, not volume."",
  ""answer"": ""D""
}","{
  ""reasoning"": ""The background states that radiosity is defined as the radiant flux leaving (emitted, reflected and transmitted by) a surface per unit area. This matches an option that specifies flux leaving a surface per unit area, including emitted, reflected, and transmitted components."",
  ""answer"": ""D""
}","{
  ""reasoning"": ""The background defines radiosity as the radiant flux leaving (emitted, reflected, and transmitted by) a surface per unit area. This matches an option that specifies flux leaving per unit area and includes emitted, reflected, and transmitted components."",
  ""answer"": ""D""
}"
100,What is a virtual particle?,D,D,D,D,"{
  ""reasoning"": ""The background explains that virtual particles are theoretical transient entities that appear in quantum field theory calculations, especially in Feynman diagrams, but are not directly detectable. They are inferred from their effects on measurable processes, such as forces or scattering amplitudes."",
  ""answer"": ""D""
}","{
  ""reasoning"": ""The background explains that virtual particles are theoretical transient entities used in quantum field theory to describe interactions between real particles. They are not directly detectable but their effects are inferred through phenomena like scattering amplitudes and the Casimir effect."",
  ""answer"": ""D""
}","{
  ""reasoning"": ""The background defines virtual particles as theoretical transient entities that arise in quantum field theory calculations, appearing as internal lines in Feynman diagrams. They are not directly detectable but are inferred from their effects on measurable processes, such as forces or scattering amplitudes."",
  ""answer"": ""D""
}"
101,"Who proposed the principle of ""complexity from noise"" and when was it first introduced?",B,B,B,B,"{
  ""reasoning"": ""The background text explicitly states that Henri Atlan developed the concept of 'complexity from noise' (principe de complexité par le bruit) first in his 1972 book 'L'organisation biologique et la théorie de l'information'. This matches option B directly."",
  ""answer"": ""B""
}","{
  ""reasoning"": ""The background text explicitly states that the principle of 'complexity from noise' (French: le principe de complexité par le bruit) was first proposed by the biophysicist Henri Atlan in his 1972 book L'organisation biologique et la théorie de l'information. This matches option B exactly."",
  ""answer"": ""B""
}","{
  ""reasoning"": ""The background explicitly states that the biophysicist Henri Atlan proposed the principle of 'complexity from noise' (le principe de complexité par le bruit) first in his 1972 book L'organisation biologique et la théorie de l'information. This matches option B exactly."",
  ""answer"": ""B""
}"
102,What is the order parameter that breaks the electromagnetic gauge symmetry in superconductors?,C,C,C,C,"{
  ""reasoning"": ""The background explicitly states that in superconductors, there is a condensed-matter collective field ψ acting as the order parameter breaking the electromagnetic gauge symmetry. This is analogous to the Higgs mechanism but distinct from the Higgs field itself, which is for electroweak symmetry breaking."",
  ""answer"": ""C""
}","{
  ""reasoning"": ""The question asks for the order parameter that breaks the electromagnetic gauge symmetry specifically in superconductors. According to the background, in superconductors this is described by a condensed-matter collective field ψ, which corresponds to the condensate of Cooper pairs."",
  ""answer"": ""C""
}","{
  ""reasoning"": ""The background explicitly states that in superconductors, a condensed-matter collective field ψ acts as the order parameter breaking the electromagnetic gauge symmetry. This is analogous to the Higgs field in particle physics but is a distinct collective field in the superconducting context."",
  ""answer"": ""C""
}"
103,What is the reason for the sun appearing slightly yellowish when viewed from Earth?,B,B,B,B,"{
  ""reasoning"": ""The question asks why the sun appears slightly yellowish from Earth. The background explains that Rayleigh scattering removes more blue and green light from the direct beam, leaving longer wavelengths like yellow and red to reach our eyes when looking toward the sun."",
  ""answer"": ""B""
}","{
  ""reasoning"": ""The question asks why the sun appears yellowish from Earth. The background explains that Rayleigh scattering removes shorter wavelengths (blue/green) from the direct beam, leaving the longer wavelengths (red/yellow) to reach our eyes when looking toward the sun."",
  ""answer"": ""B""
}","{
  ""reasoning"": ""The question asks why the sun looks slightly yellowish from Earth. The background explains that Rayleigh scattering removes shorter blue wavelengths from the direct sunlight path, leaving the longer wavelengths like yellow and red to reach our eyes directly."",
  ""answer"": ""B""
}"
104,What is the Landau-Lifshitz-Gilbert equation used for in physics?,C,C,C,C,"{
  ""reasoning"": ""The background clearly states the Landau-Lifshitz-Gilbert equation describes the precessional motion of magnetization M in a solid, not a liquid, and is used in micromagnetics (not astrophysics or macro-magnetics) to model ferromagnetic materials."",
  ""answer"": ""C""
}","{
  ""reasoning"": ""The background repeatedly states that the Landau-Lifshitz-Gilbert equation describes the precessional motion of magnetization M in a solid, specifically in the context of micromagnetics and ferromagnetic materials. Options mentioning liquids or fields like astrophysics or macro-magnetics do not match the given context."",
  ""answer"": ""C""
}","{
  ""reasoning"": ""The background explicitly states the Landau–Lifshitz–Gilbert equation describes the precessional motion of magnetization M in a solid, and it is used in dynamic micromagnetics to predict the time evolution of magnetization in samples under non-steady conditions."",
  ""answer"": ""C""
}"
105,What is spatial dispersion?,D,D,D,D,"{
  ""reasoning"": ""The background defines spatial dispersion as a wavevector dependence of material parameters like permittivity, not a time dependence. It also states that spatial dispersion represents non-local spreading effects, not memory effects, and is significant mainly at microscopic scales."",
  ""answer"": ""D""
}","{
  ""reasoning"": ""The background clearly defines spatial dispersion as the dependence of material parameters like permittivity on wavevector, which corresponds to non-local or spreading effects in space, and notes it is significant mainly at microscopic scales. Temporal dispersion, by contrast, refers to frequency dependence and memory effects."",
  ""answer"": ""D""
}","{
  ""reasoning"": ""The background explicitly states that spatial dispersion refers to wavevector dependence of material parameters like permittivity, and it represents non-local spreading effects, typically significant at microscopic scales. Temporal dispersion, not spatial, corresponds to memory effects from frequency dependence."",
  ""answer"": ""D""
}"
106,What are the constituents of cold dark matter?,A,A,A,A,"{
  ""reasoning"": ""The background repeatedly states that the constituents of cold dark matter are unknown and lists multiple possibilities, including MACHOs (large objects like black holes) and new particles such as WIMPs and axions. It explicitly notes that no candidate has been conclusively identified, and some (like MACHOs) are considered unlikely based on constraints."",
  ""answer"": ""A""
}","{
  ""reasoning"": ""The background repeatedly states that the constituents of cold dark matter are unknown, listing several possibilities including MACHOs (large objects) and new particles like WIMPs and axions. It also clarifies that MACHOs alone are largely ruled out and that no single candidate is confirmed."",
  ""answer"": ""A""
}","{
  ""reasoning"": ""The background explicitly states that the constituents of cold dark matter are unknown, listing several possibilities such as MACHOs, WIMPs, and axions. Options B through E each propose specific known constituents, which contradicts the background's emphasis on uncertainty and the range of candidates."",
  ""answer"": ""A""
}"
107,What is the mechanism of FTIR?,D,D,D,C,"{
  ""reasoning"": ""The question asks about the mechanism of FTIR specifically as an analog to visualize quantum tunneling. While the background text explains FTIR as a spectroscopic technique using interferometry and Fourier transforms, it does not directly address quantum tunneling analogs. However, in optics and near-field spectroscopy, FTIR-based techniques like attenuated total reflectance (ATR) rely on evanescent waves generated during total internal reflection, and this evanescent-wave coupling is commonly used as a classical analog to explain quantum tunneling."",
  ""answer"": ""D""
}","{
  ""reasoning"": ""The question asks about the mechanism of FTIR in a context that analogizes it to quantum tunneling. While FTIR itself is a Fourier-transform spectroscopic technique, the options refer to optical phenomena often used in techniques like attenuated total reflectance (ATR) FTIR, where an evanescent wave probes the sample. Among the choices, evanescent-wave coupling is the mechanism that allows infrared light to interact with a sample in ATR-FTIR and is commonly described as analogous to quantum tunneling."",
  ""answer"": ""D""
}","{
  ""reasoning"": ""The question asks about the mechanism of FTIR specifically in the context of being a good analog to visualize quantum tunneling. Among the options, frustrated total internal reflection (FTIR) is a classical optics phenomenon where light tunnels through a small gap, analogous to quantum tunneling. Evanescent-wave coupling is the underlying mechanism in frustrated TIR, but the term 'frustrated TIR' is the direct name for the optical effect."",
  ""answer"": ""C""
}"
108,What is the origin of the permanent moment in paramagnetism?,A,A,A,A,"{
  ""reasoning"": ""The question asks about the origin of the permanent magnetic moment in paramagnetic materials. The background states that this permanent moment generally arises from unpaired electrons in atomic or molecular orbitals, specifically due to their spin, which creates a magnetic dipole even without an external field."",
  ""answer"": ""A""
}","{
  ""reasoning"": ""The question asks for the origin of the permanent magnetic moment in paramagnetic materials. The background explicitly states that the permanent moment generally arises from the spin of unpaired electrons in atomic or molecular orbitals, which is a quantum-mechanical property, though other quantum origins are possible."",
  ""answer"": ""A""
}","{
  ""reasoning"": ""The question asks for the origin of the permanent magnetic moment in paramagnetic materials. The background explicitly states that the permanent moment generally arises from unpaired electrons and their spin, and it exists even without an applied field."",
  ""answer"": ""A""
}"
109,What is the reason that Newton's second law cannot be used to calculate the development of a physical system in quantum mechanics?,D,D,D,D,"{
  ""reasoning"": ""The background explicitly states that in quantum mechanics, Newton's second law cannot fully predict system evolution due to particle spin, which is a form of angular momentum not arising from point-like motions. Among the options, only D correctly identifies spin as angular momentum that cannot be described by cumulative point-like motions."",
  ""answer"": ""D""
}","{
  ""reasoning"": ""The background explicitly states that Newton's second law cannot fully describe quantum systems due to particle spin, a form of angular momentum not arising from point-like motions. This directly matches one of the provided options."",
  ""answer"": ""D""
}","{
  ""reasoning"": ""The background explicitly states that in quantum mechanics, Newton's second law cannot fully describe system evolution due to particle spin, which is a form of angular momentum not arising from point-like motions in space. This directly matches one of the given options."",
  ""answer"": ""D""
}"
110,"What is the butterfly effect, as defined by Lorenz in his book ""The Essence of Chaos""?",C,C,C,C,"{
  ""reasoning"": ""The question asks for Lorenz's definition of the butterfly effect from his 1993 book 'The Essence of Chaos'. The background explicitly states that Lorenz defined it as 'The phenomenon that a small alteration in the state of a dynamical system will cause subsequent states to differ greatly from the states that would have followed without the alteration.' This matches the description of a small change leading to significant differences in later states."",
  ""answer"": ""C""
}","{
  ""reasoning"": ""The question asks for Lorenz's own definition from his 1993 book. The background explicitly quotes Lorenz's definition: 'The phenomenon that a small alteration in the state of a dynamical system will cause subsequent states to differ greatly from the states that would have followed without the alteration.' This matches the idea of a small change causing significant differences in later states."",
  ""answer"": ""C""
}","{
  ""reasoning"": ""The background text explicitly quotes Lorenz's definition from 'The Essence of Chaos': 'The phenomenon that a small alteration in the state of a dynamical system will cause subsequent states to differ greatly from the states that would have followed without the alteration.' This matches the description of a small change causing significant differences in later states."",
  ""answer"": ""C""
}"
111,What is the role of CYCLOIDEA genes in the evolution of bilateral symmetry?,D,D,D,D,"{
  ""reasoning"": ""The question asks specifically about the role of CYCLOIDEA genes in the evolution of bilateral symmetry. The background states that CYCLOIDEA genes encode transcription factors that control other genes, influencing developmental pathways related to symmetry, and that mutations in these genes cause reversion to radial symmetry."",
  ""answer"": ""D""
}","{
  ""reasoning"": ""The question asks about the role of CYCLOIDEA genes in the evolution of bilateral symmetry. The background states that CYCLOIDEA genes encode transcription factors that control other genes, influencing developmental pathways for symmetry, and that mutations in them cause reversion to radial symmetry. Option D directly captures this core mechanistic role, while others are either too narrow, misattributed to animals, or describe consequences rather than the primary role."",
  ""answer"": ""D""
}","{
  ""reasoning"": ""The question asks about the role of CYCLOIDEA genes in the evolution of bilateral symmetry. The background explains that CYCLOIDEA genes encode transcription factors that regulate other genes, influencing symmetry pathways in plants, and mutations in them can revert flowers to radial symmetry."",
  ""answer"": ""D""
}"
112,What is the required excess quark per billion quark-antiquark pairs in the early universe in order to provide all the observed matter in the universe?,A,A,A,A,"{
  ""reasoning"": ""The background states that to account for the present baryon asymmetry, there must have been an initial asymmetry of about one part in five billion. This means one excess quark per five billion quark-antiquark pairs. However, the question asks for the excess per billion pairs, which is a proportionally scaled value: one excess per five billion pairs equals 0.2 excess per billion, but since only whole numbers are given as options, the intended answer is likely the closest whole number representing the small excess needed. The text explicitly says 'one excess quark per billion quark-antiquark pairs' in the first paragraph."",
  ""answer"": ""A""
}","{
  ""reasoning"": ""The background text explicitly states: 'There is a required one excess quark per billion quark-antiquark pairs in the early universe in order to provide all the observed matter in the universe.' This directly answers the question with no ambiguity."",
  ""answer"": ""A""
}","{
  ""reasoning"": ""The background text explicitly states that 'There is a required one excess quark per billion quark-antiquark pairs in the early universe in order to provide all the observed matter in the universe.' This directly answers the question without needing further calculation."",
  ""answer"": ""A""
}"
113,"What is the meaning of the term ""horror vacui""?",B,B,B,B,"{
  ""reasoning"": ""The background repeatedly defines 'horror vacui' as the idea that nature abhors a vacuum, dating back to Aristotle and discussed in medieval and early modern science. While the term is also applied in art and design, its original and core meaning in the given context is the physical principle."",
  ""answer"": ""B""
}","{
  ""reasoning"": ""The term 'horror vacui' is repeatedly defined in the background as the idea that nature abhors a vacuum, a concept traced back to Aristotle and debated in medieval and early modern science. While the term is also applied in art to describe fear of empty space, the core historical and scientific meaning is the belief that nature cannot tolerate a vacuum."",
  ""answer"": ""B""
}","{
  ""reasoning"": ""The term 'horror vacui' is directly defined in the background as the postulate that 'nature abhors a vacuum,' attributed to Aristotle and widely held in historical physics. While the term is also applied in art and design, the question asks for its core meaning, which is best captured by the historical scientific concept."",
  ""answer"": ""B""
}"
114,What is the Droste effect?,D,D,D,D,"{
  ""reasoning"": ""The question asks for the definition of the Droste effect. The background consistently describes it as a recursive image effect where a picture appears within itself, named after Droste cocoa packaging, and exemplified in various art and media. Options A, B, C, and E are either too narrow or incorrect, while D captures the full recursive nature and origin."",
  ""answer"": ""D""
}","{
  ""reasoning"": ""The question asks for the definition of the Droste effect. The background describes it as a recursive image effect where a picture appears within itself, named after Droste cocoa packaging, and notes its use in art and advertising. Option D accurately captures this recursive, self-referential nature and its origin."",
  ""answer"": ""D""
}","{
  ""reasoning"": ""The question asks for the definition of the Droste effect. The background describes it as a recursive image effect where a picture appears within itself, named after Droste cocoa packaging, and notes its use in art and advertising."",
  ""answer"": ""D""
}"
115,What is water hammer?,E,E,E,E,"{
  ""reasoning"": ""The background defines water hammer as a pressure surge or wave caused when a fluid in motion is forced to stop or change direction suddenly, often due to valve closure, and is associated with a loud banging noise. Among the options, only E accurately captures this definition as a noise resulting from sudden stoppage of moving water and the resulting pressure shock wave."",
  ""answer"": ""E""
}","{
  ""reasoning"": ""The background repeatedly defines water hammer as a pressure surge or wave caused by a sudden stop or change in direction of a fluid in motion, often producing a loud banging noise. Among the options, only E accurately captures this definition as a noise resulting from sudden stoppage of moving water and the resulting pressure shock wave."",
  ""answer"": ""E""
}","{
  ""reasoning"": ""The background repeatedly defines water hammer as a pressure surge or wave caused by sudden stoppage or change in direction of a moving fluid, often producing a loud banging noise. Among the options, only E accurately captures this definition as a noise and shock wave from suddenly stopped water."",
  ""answer"": ""E""
}"
116,What is the reason for the stochastic nature of all observed resistance-switching processes?,B,B,B,B,"{
  ""reasoning"": ""The background explicitly states that when biases below the threshold are applied, switching can still occur due to random thermal fluctuations, but the timing is unpredictable. This matches option B, which directly captures the probabilistic triggering by thermal noise and the unpredictability of the switching event."",
  ""answer"": ""B""
}","{
  ""reasoning"": ""The background explicitly states that when biases below the threshold are applied, switching can still occur due to random thermal fluctuations, but the timing is unpredictable. This matches option B, which directly captures the probabilistic nature of the process."",
  ""answer"": ""B""
}","{
  ""reasoning"": ""The background explicitly states that when biases below the threshold are applied, switching can still occur due to random thermal fluctuations, but the timing is unpredictable. This inherent unpredictability is what makes the process stochastic."",
  ""answer"": ""B""
}"
117,What is the Einstein@Home project?,C,C,C,C,"{
  ""reasoning"": ""The background states that Einstein@Home is a distributed computing project that searches for continuous gravitational waves (simple waves with constant frequency) from spinning neutron stars, using data from LIGO and GEO gravitational-wave detectors. It sends data in small pieces to volunteers' home computers for analysis, similar to SETI@home."",
  ""answer"": ""C""
}","{
  ""reasoning"": ""The background states Einstein@Home is a distributed computing project that searches for continuous gravitational waves from spinning neutron stars using data from LIGO and GEO, not from SETI. It sends data in small pieces to volunteers for parallel analysis."",
  ""answer"": ""C""
}","{
  ""reasoning"": ""The background states Einstein@Home is a distributed computing project that searches for continuous gravitational waves (simple, constant-frequency signals) from spinning neutron stars using data from LIGO and GEO gravitational-wave detectors. It distributes small pieces of data to volunteers' computers for analysis, similar to SETI@home."",
  ""answer"": ""C""
}"
118,What happens to an initially inhomogeneous physical system that is isolated by a thermodynamic operation?,D,D,D,D,"{
  ""reasoning"": ""The background states that an initially inhomogeneous isolated system, whether due to internal inhomogeneities or subsystems separated by walls, will generally change its internal state over time as it evolves toward thermodynamic equilibrium. This is a core idea of the second law and the approach to equilibrium in isolated systems."",
  ""answer"": ""D""
}","{
  ""reasoning"": ""The background states that an initially inhomogeneous physical system, when isolated, will in general change its internal state over time, moving toward thermodynamic equilibrium. This applies whether the system is a single inhomogeneous subsystem or multiple subsystems separated by walls."",
  ""answer"": ""D""
}","{
  ""reasoning"": ""The background states that an initially inhomogeneous isolated system will generally change its internal state over time, moving toward internal equilibrium, regardless of whether it has internal walls or multiple subsystems. This is a core idea of the second law and approach to equilibrium."",
  ""answer"": ""D""
}"
119,"What is the concept of simultaneity in Einstein's book, Relativity?",A,A,A,A,"{
  ""reasoning"": ""The background explicitly states that Einstein wrote in his book 'Relativity' that simultaneity is relative, and that two events simultaneous in one inertial frame need not be simultaneous in another. This directly matches the description in option A, while options B and C incorrectly claim absolute simultaneity, and D and E incorrectly restrict the concept to only one theory."",
  ""answer"": ""A""
}","{
  ""reasoning"": ""The background explicitly states that Einstein wrote in his book 'Relativity' that simultaneity is relative, and that two events appearing simultaneous in one inertial frame need not be simultaneous in another. This directly matches option A, while the other options contradict the text or are unsupported."",
  ""answer"": ""A""
}","{
  ""reasoning"": ""The background explicitly states Einstein's view that simultaneity is relative, not absolute, and provides his thought experiment illustrating how observers in different inertial frames can disagree on whether two events are simultaneous. This directly matches option A's description."",
  ""answer"": ""A""
}"
120,What is the Josephson effect?,A,A,A,A,"{
  ""reasoning"": ""The question asks for the correct description of the Josephson effect. From the background, the Josephson effect is a superconducting phenomenon used in devices like SQUIDs, and it relates to the magnetic flux quantum Φ₀ = h/(2e), where h is the Planck constant, not the magnetic constant."",
  ""answer"": ""A""
}","{
  ""reasoning"": ""The question asks for the correct description of the Josephson effect based on the background. The background repeatedly states that the Josephson effect is exploited by superconducting devices like SQUIDs and is used for precise measurements of the magnetic flux quantum Φ₀ = h/(2e), where h is the Planck constant."",
  ""answer"": ""A""
}","{
  ""reasoning"": ""The question asks for the correct description of the Josephson effect. From the background, the Josephson effect is a superconducting phenomenon (not just magnetic) used in devices like SQUIDs, and it is employed for precise measurements of the magnetic flux quantum Φ₀ = h/(2e), where h is Planck's constant."",
  ""answer"": ""A""
}"
121,What is the SI unit of the physical quantity m/Q?,C,C,C,C,"{
  ""reasoning"": ""The question asks for the SI unit of m/Q, where m is mass and Q is charge. The background explicitly states that 'The SI unit of the physical quantity m/Q is kilogram per coulomb.'"",
  ""answer"": ""C""
}","{
  ""reasoning"": ""The question asks for the SI unit of the physical quantity m/Q, where m is mass and Q is electric charge. The background explicitly states: 'The SI unit of the physical quantity m/Q is kilogram per coulomb.'"",
  ""answer"": ""C""
}","{
  ""reasoning"": ""The background explicitly states that 'The SI unit of the physical quantity m/Q is kilogram per coulomb.' This directly matches one of the provided options. The question is straightforward and requires no further interpretation."",
  ""answer"": ""C""
}"
122,How many crystallographic point groups are there in three-dimensional space?,B,B,B,B,"{
  ""reasoning"": ""The background explicitly states that due to the crystallographic restriction theorem, only 32 crystallographic point groups exist in three dimensions. This is a well-established fact in crystallography, and the options include 32 as a direct match."",
  ""answer"": ""B""
}","{
  ""reasoning"": ""The background explicitly states that due to the crystallographic restriction theorem, only 32 crystallographic point groups exist in three dimensions. This is a fundamental fact in crystallography, derived from the limitation on allowed rotational symmetries in periodic crystals."",
  ""answer"": ""B""
}","{
  ""reasoning"": ""The background explicitly states multiple times that the crystallographic restriction theorem yields 32 crystallographic point groups in three dimensions. It also clarifies that these consist of 27 from the infinite families plus 5 additional polyhedral groups (T, Td, Th, O, Oh)."",
  ""answer"": ""B""
}"
123,What is the Liouville density?,A,B,A,B,"{
  ""reasoning"": ""The background discusses the Liouville equation and density in both classical and quantum contexts. In classical statistical mechanics, the Liouville density is a phase-space probability distribution for an ensemble of systems. In quantum mechanics, the Wigner function (Liouville density analog) is a quasiprobability distribution that resembles a classical probability but can take negative values, reflecting quantum effects."",
  ""answer"": ""B""
}","{
  ""reasoning"": ""The background describes the Liouville density in the context of classical statistical mechanics as a phase-space distribution function that gives the probability density of finding a system in a given microstate. It is a conventional probability distribution for classical systems, not a quasiprobability distribution that can take negative values like the Wigner function in quantum mechanics."",
  ""answer"": ""A""
}","{
  ""reasoning"": ""The background describes the Liouville density as a phase-space distribution function that is constant along trajectories in classical Hamiltonian mechanics, and in quantum mechanics, the Wigner function (Liouville density analog) is a quasiprobability distribution that reduces to the classical Liouville probability in the ħ→0 limit. Among the options, only B correctly identifies it as a quasiprobability distribution playing an analogous role to a probability distribution for a quantum particle."",
  ""answer"": ""B""
}"
124,What are the four qualitative levels of crystallinity described by geologists?,B,B,B,B,"{
  ""reasoning"": ""The background explicitly states the four qualitative levels as: holocrystalline (completely crystalline), hypocrystalline (partially crystalline with crystals in glassy matrix), hypohyaline (partially glassy), and holohyaline (completely glassy). Only option B matches this exact set of terms."",
  ""answer"": ""B""
}","{
  ""reasoning"": ""The background explicitly states the four qualitative levels of crystallinity as: holocrystalline, hypocrystalline, hypohyaline, and holohyaline. This matches one of the provided options exactly."",
  ""answer"": ""B""
}","{
  ""reasoning"": ""The background explicitly states: 'Geologists describe four qualitative levels of crystallinity: holocrystalline rocks are completely crystalline; hypocrystalline rocks are partially crystalline, with crystals embedded in an amorphous or glassy matrix; hypohyaline rocks are partially glassy; holohyaline rocks (such as obsidian) are completely glassy.' This matches exactly with the terms in option B."",
  ""answer"": ""B""
}"
125,What is an order parameter?,D,D,D,D,"{
  ""reasoning"": ""The background repeatedly defines an order parameter as a quantity that characterizes the degree of order and symmetry breaking across a phase transition, such as magnetization in a ferromagnet or density difference in a fluid. It is not a measure of temperature, gravitational force, magnetic field strength, or rotational symmetry per se, but specifically quantifies how much a symmetry is broken in an ordered phase."",
  ""answer"": ""D""
}","{
  ""reasoning"": ""The background defines an order parameter as a measure of the degree of order across boundaries in a phase transition, often characterizing spontaneously broken symmetry. It quantifies the extent of symmetry breaking, as seen in magnetization for ferromagnets or density difference for liquid-gas transitions."",
  ""answer"": ""D""
}","{
  ""reasoning"": ""The background repeatedly defines an order parameter as a quantity that characterizes the degree of order and symmetry breaking across a phase transition, such as magnetization in a ferromagnet or density difference in a fluid. It is not a direct measure of temperature, gravitational force, magnetic field strength, or rotational symmetry alone, but specifically quantifies how much a symmetry is broken in an ordered phase."",
  ""answer"": ""D""
}"
126,What is the significance of the discovery of the Crab pulsar?,B,B,B,B,"{
  ""reasoning"": ""The background explicitly states that the discovery of the Crab pulsar, with its 33-millisecond period, was too short for other models like pulsating white dwarfs and provided confirmation of the rotating neutron star model. Multiple sections reinforce that its discovery led scientists to conclude pulsars are rotating neutron stars."",
  ""answer"": ""B""
}","{
  ""reasoning"": ""The background explicitly states that the discovery of the Crab pulsar's 33-millisecond pulse period was too short for other models and led scientists to conclude pulsars are rotating neutron stars, confirming earlier predictions by Baade and Zwicky. This directly contradicts models involving white dwarfs, black holes, or red giants."",
  ""answer"": ""B""
}","{
  ""reasoning"": ""The background explicitly states that the Crab pulsar's 33-millisecond period was too short for other models, and its discovery led scientists to conclude pulsars were rotating neutron stars, confirming that model. This directly contradicts the white dwarf and other proposed models mentioned."",
  ""answer"": ""B""
}"
127,What is the De Haas-Van Alphen effect?,C,C,C,C,"{
  ""reasoning"": ""The question asks for the definition of the De Haas-Van Alphen effect. The background explicitly states it is an oscillation of differential susceptibility as a function of 1/H in metals under strong magnetic fields, used to study the Fermi surface. This directly matches option C, while other options describe broader techniques or different phenomena."",
  ""answer"": ""C""
}","{
  ""reasoning"": ""The question asks for the definition of the De Haas–Van Alphen effect. The background clearly states it is an oscillation of differential susceptibility as a function of 1/H in metals under strong magnetic fields, used to study the Fermi surface. This matches option C precisely."",
  ""answer"": ""C""
}","{
  ""reasoning"": ""The question asks for a precise definition of the De Haas–Van Alphen effect. The background repeatedly states that it is an oscillation of magnetic susceptibility (or differential susceptibility) as a function of 1/H in metals under strong magnetic fields, used to study the Fermi surface."",
  ""answer"": ""C""
}"
128,"What is a ""coffee ring"" in physics?",E,E,E,E,"{
  ""reasoning"": ""The question asks for the physics definition of a 'coffee ring.' The background explicitly states it is a pattern left after evaporation of a particle-laden liquid, named for the ring-like deposit seen in spills like coffee or red wine. Option E correctly captures both the evaporation mechanism and the naming origin."",
  ""answer"": ""E""
}","{
  ""reasoning"": ""The question asks for the physics definition of a 'coffee ring,' which is explicitly described in the background as a pattern formed after evaporation of a particle-laden liquid, not a brewing method. Option E correctly captures this evaporation mechanism and the ring-like deposit, while option B omits the critical evaporation aspect."",
  ""answer"": ""E""
}","{
  ""reasoning"": ""The question asks for the definition of a 'coffee ring' specifically in the context of physics, not general coffee preparation. The background explicitly states it is a pattern formed after evaporation of a particle-laden liquid, exemplified by spills of coffee or red wine."",
  ""answer"": ""E""
}"
129,What is the significance of probability amplitudes in quantum mechanics?,E,E,E,E,"{
  ""reasoning"": ""The background repeatedly states that probability amplitudes in quantum mechanics play the role analogous to conventional probabilities in classical probability theory, but with complex numbers and interference effects. They are fundamental to calculating probabilities via the Born rule and explain phenomena like superposition and interference."",
  ""answer"": ""E""
}","{
  ""reasoning"": ""The background explicitly states that probability amplitudes in quantum mechanics are complex numbers whose modulus squared gives probabilities, and that they act as the equivalent of conventional probabilities with analogous laws, but in the quantum context. The key distinction is that they follow quantum superposition and interference patterns, unlike classical probabilities."",
  ""answer"": ""E""
}","{
  ""reasoning"": ""The background repeatedly emphasizes that probability amplitudes in quantum mechanics serve a role analogous to probabilities in classical mechanics, but with complex numbers and specific rules like superposition and interference. They are central to predicting measurement outcomes via the Born rule, not for determining classical properties like mass or velocity."",
  ""answer"": ""E""
}"
130,What is the relationship between the amplitude of a sound wave and its loudness?,A,A,A,A,"{
  ""reasoning"": ""The background states that amplitude primarily determines loudness and that loudness is related to amplitude and intensity. It also clarifies that amplitude is not directly tied to frequency, which is a separate property."",
  ""answer"": ""A""
}","{
  ""reasoning"": ""The background states that amplitude primarily determines loudness, with larger amplitude giving higher volume, and that loudness is related to sound pressure level, which is tied to amplitude. It also clarifies that amplitude is not related to frequency, which instead determines pitch."",
  ""answer"": ""A""
}","{
  ""reasoning"": ""The background repeatedly states that amplitude determines loudness, with larger amplitude corresponding to higher volume. It also clarifies that amplitude is a separate property from frequency, which relates to pitch."",
  ""answer"": ""A""
}"
131,What are coherent turbulent structures?,C,C,C,C,"{
  ""reasoning"": ""The background states that coherent turbulent structures are 'more elementary components' of turbulent flows that 'must have temporal coherence, i.e. it must persist in its form for long enough periods that the methods of time-averaged statistics can be applied.' This matches option C, which correctly describes them as 'more elementary components' (not necessarily 'the most elementary') with temporal coherence and sufficient persistence for time-averaged statistics."",
  ""answer"": ""C""
}","{
  ""reasoning"": ""The background states that coherent structures are 'more elementary components' of turbulent flows that must have temporal coherence and persist long enough for time-averaged statistics to be applied. Option C matches this description accurately, while others misrepresent either the elementary/complex nature or the coherence duration."",
  ""answer"": ""C""
}","{
  ""reasoning"": ""The background states that coherent turbulent structures are 'more elementary components' (not necessarily 'most elementary') of turbulent flows, and they must have temporal coherence and persist long enough for time-averaged statistics to apply. Option C correctly captures these aspects, while the others either misstate the level of complexity or the coherence requirement."",
  ""answer"": ""C""
}"
132,What is the main factor that determines the occurrence of each type of supernova?,E,E,E,E,"{
  ""reasoning"": ""The background repeatedly states that the occurrence of each supernova type depends on the progenitor star's metallicity, which influences mass loss via stellar winds and thus the star's evolution before explosion. For example, Type Ib/c supernovae occur at moderate to high metallicity where strong winds strip the outer layers, while Type Ia supernovae can occur across galaxy types regardless of recent star formation."",
  ""answer"": ""E""
}","{
  ""reasoning"": ""The background explicitly states that the occurrence of each type of supernova depends on the progenitor star's metallicity, as it influences mass loss via stellar winds. Metallicity affects whether a star retains its outer layers, which in turn determines the supernova type (e.g., Type Ib/c vs. Type II)."",
  ""answer"": ""E""
}","{
  ""reasoning"": ""The background explicitly states: 'The occurrence of each type of supernova depends on the progenitor star's metallicity, since this affects the strength of the stellar wind and thereby the rate at which the star loses mass.' Metallicity influences mass loss and envelope stripping, which in turn determines whether a supernova appears as Type II, Ib, Ic, etc."",
  ""answer"": ""E""
}"
133,What is the Erlangen program?,B,B,B,B,"{
  ""reasoning"": ""The background explicitly states that the Erlangen program is a method of characterizing geometries based on group theory and projective geometry, published by Felix Klein in 1872. The other options incorrectly replace group theory and projective geometry with unrelated fields like statistics, algebra, topology, or calculus."",
  ""answer"": ""B""
}","{
  ""reasoning"": ""The background explicitly states that the Erlangen program characterizes geometries based on group theory and projective geometry, and that it was published by Felix Klein in 1872 with the given title. This directly matches one of the options."",
  ""answer"": ""B""
}","{
  ""reasoning"": ""The question asks for the correct characterization of the Erlangen program. The background explicitly states it is a method based on group theory and projective geometry, and it was published by Felix Klein in 1872 with the given title."",
  ""answer"": ""B""
}"
134,What is emissivity?,C,C,C,C,"{
  ""reasoning"": ""The background consistently defines emissivity as a material's effectiveness in emitting thermal radiation compared to an ideal black body, and it is related to absorption and emission of thermal radiation via Kirchhoff's law."",
  ""answer"": ""C""
}","{
  ""reasoning"": ""The background repeatedly defines emissivity as a material's effectiveness in emitting thermal radiation, comparing it to an ideal black body. It is specifically about thermal radiation emission (and absorption by Kirchhoff's law), not mechanical, conductive, or acoustic properties."",
  ""answer"": ""C""
}","{
  ""reasoning"": ""The background repeatedly defines emissivity as a material's effectiveness in emitting thermal radiation, comparing it to a perfect black body. It is an optical property related to absorption and emission of thermal radiation, not mechanical, conductive, or acoustic properties."",
  ""answer"": ""C""
}"
135,Who was the first person to describe the pulmonary circulation system?,E,C,A,C,"{
  ""reasoning"": ""The background states that Hippocrates was the first to describe pulmonary circulation as a discrete system separable from systemic circulation in his Corpus Hippocraticum. While later figures like Ibn al-Nafis made more accurate descriptions, the question asks for the first person to describe it, which is Hippocrates."",
  ""answer"": ""C""
}","{
  ""","{
  ""reasoning"": ""The question asks for the first person to describe the pulmonary circulation system. The background states that Hippocrates was the first to describe pulmonary circulation as a discrete system separable from systemic circulation in his Corpus Hippocraticum, though his model was inaccurate by modern standards. Later figures like Ibn al-Nafis provided more accurate descriptions, but Hippocrates is credited with the earliest known description."",
  ""answer"": ""C""
}"
136,What is the fate of a carbocation formed in crystalline naphthalene?,E,E,E,E,"{
  ""reasoning"": ""The background states that in crystalline naphthalene, a carbocation formed from tritium decay is quickly neutralized by an electron from the lattice, turning it into a stable naphthyl radical trapped in the solid below 170 K."",
  ""answer"": ""E""
}","{
  ""reasoning"": ""The background states that in crystalline naphthalene, a carbocation formed from tritium decay is quickly neutralized by an electron from the lattice, turning it into a stable naphthyl radical trapped in the solid below 170 K."",
  ""answer"": ""E""
}","{
  ""reasoning"": ""The background explicitly states that in crystalline naphthalene, a carbocation formed from tritium decay is quickly neutralized by an electron from the lattice, turning it into a stable naphthyl radical trapped in the solid below 170 K."",
  ""answer"": ""E""
}"
137,What is the main focus of the Environmental Science Center at Qatar University?,D,A,D,A,"{
  ""reasoning"": ""The background context does not explicitly mention the Environmental Science Center at Qatar University; it only discusses the AL-Bairaq outreach program run by the Center for Advanced Materials (CAM). Without specific information about the Center's focus, I cannot determine the correct answer from the provided text."",
  ""answer"": ""A""
}","{
  ""reasoning"": ""The background mentions that AL-Bairaq at Qatar University focuses on STEM (science, technology, engineering, and mathematics) and uses project-based learning to solve authentic problems. Environmental science integrates physical, chemical, and biological components, and the description of Qatar's program emphasizes scientific disciplines rather than social or political sciences."",
  ""answer"": ""D""
}",
138,What is the purpose of obtaining surgical resection specimens?,A,A,A,A,"{
  ""reasoning"": ""The question asks about the purpose of surgical resection specimens, which are distinct from biopsies or other laboratory procedures. The background explicitly states that surgical resections are therapeutic procedures to remove an entire diseased area or organ, with pathological analysis used to confirm diagnosis, stage disease, assess margins, and guide further treatment."",
  ""answer"": ""A""
}","{
  ""reasoning"": ""The question asks about the purpose of surgical resection specimens. The background explicitly states that surgical resections are therapeutic procedures to remove an entire diseased area or organ, and pathological analysis is used to confirm diagnosis, stage disease, assess margins, etc. Option A directly matches this description."",
  ""answer"": ""A""
}",
139,What is the function of mammary glands in mammals?,A,A,A,A,"{
  ""reasoning"": ""The question asks for the specific function of mammary glands in mammals. The background text explicitly states that mammary glands are modified sweat glands that produce milk to feed the young, which is a defining characteristic of mammals."",
  ""answer"": ""A""
}","{
  ""reasoning"": ""The question asks for the specific function of mammary glands in mammals. The background clearly states that mammary glands are exocrine glands that produce milk to feed young offspring, which is a defining characteristic of mammals. Other options refer to functions of other anatomical systems (respiratory, circulatory, excretory) not related to mammary glands."",
  ""answer"": ""A""
}",
140,What is the relationship between interstellar and cometary chemistry?,C,C,C,A,"{
  ""reasoning"": ""The background explicitly states that similarities between interstellar and cometary ices, along with analysis of comet samples from the Stardust mission, have been invoked as indicators of a connection between interstellar and cometary chemistry. This supports the idea of a possible link, not that they are identical or unrelated."",
  ""answer"": ""C""
}","{
  ""reasoning"": ""The background explicitly discusses similarities between interstellar and cometary ices, and mentions that analysis of comet samples from the Stardust mission supports a connection, though with some contribution from solar nebula processing. This indicates a link but not identity."",
  ""answer"": ""C""
}",
141,What is the reason for recycling rare metals according to the United Nations?,E,E,E,E,"{
  ""reasoning"": ""The background states that the UNEP's International Resource Panel warned that recycling rates for some rare metals used in modern technology are very low, and unless dramatically increased, these critical metals will become unavailable. This implies that demand is exceeding supply and recycling is urgent, especially for rare metals with lower production volumes."",
  ""answer"": ""E""
}","{
  ""reasoning"": ""The background emphasizes that recycling rates for some rare metals are very low, and unless recycling is dramatically increased, these critical metals may become unavailable for modern technology. The UNEP report highlights that recycling rare metals with low production volumes (below 100,000 t/year) is urgent to conserve resources and energy, as demand is expected to exceed supply."",
  ""answer"": ""E""
}","{
  ""reasoning"": ""The question asks about the UN's reasoning for recycling rare metals. The background emphasizes that recycling rates for some rare metals used in modern technology are very low, and unless dramatically increased, these critical metals could become unavailable. The UN warns that recycling them is urgent to conserve resources and energy."",
  ""answer"": ""E""
}"
142,What is radiometric dating?,B,B,B,B,"{
  ""reasoning"": ""The background text repeatedly states that radiometric dating uses the decay of radioactive isotopes to determine the age of rocks and other materials, and it was first published around 1905-1907. This directly matches the description in option B, while the other options refer to unrelated methods like sedimentation, rock position, fossil age, or Earth cooling."",
  ""answer"": ""B""
}","{
  ""reasoning"": ""The background text repeatedly states that radiometric dating uses the decay of radioactive isotopes to determine the age of rocks and other materials, and it was first published in 1907 (early 20th century). None of the other options (sedimentation, rock position, fossil age, or Earth cooling) are the primary basis of the method, though some may be related in broader geochronology."",
  ""answer"": ""B""
}","{
  ""reasoning"": ""The background explicitly states that radiometric dating uses the decay of radioactive isotopes to determine the age of materials, and it was first published in 1907 (early 20th century). The other options refer to different geological dating methods not based on radioactive decay."",
  ""answer"": ""B""
}"
143,What is the role of methane in Fischer-Tropsch processes?,A,A,A,A,"{
  ""reasoning"": ""The background states that methane is often partially converted to carbon monoxide for use in Fischer-Tropsch processes via partial oxidation or steam reforming to produce syngas. It also notes that methane is an unwanted byproduct in Fischer-Tropsch reactions when n=1, but the primary role of methane is as a feedstock that is converted to syngas."",
  ""answer"": ""A""
}","{
  ""reasoning"": ""The background states that methane is often partially converted to carbon monoxide for use in Fischer–Tropsch processes, and that methane is also a side product of the Fischer–Tropsch process. This aligns with option A, while option D is incorrect because conversion is partial, not full."",
  ""answer"": ""A""
}","{
  ""reasoning"": ""The background states that methane (from natural gas) is often partially converted to carbon monoxide to produce syngas for Fischer–Tropsch processes, and that methane is also an unwanted byproduct in those processes. However, the question asks specifically for the role of methane in Fischer–Tropsch processes, and the most direct role described is as a feedstock that is converted to CO."",
  ""answer"": ""A""
}"
144,What is a phageome?,C,C,C,C,"{
  ""reasoning"": ""The background explicitly defines a phageome as a community of bacteriophages and their metagenomes in a specific environment, analogous to a microbiome. This directly matches one of the given options, distinguishing it from broader viromes or other microbial communities."",
  ""answer"": ""C""
}","{
  ""reasoning"": ""The background explicitly defines a phageome as 'a community of bacteriophages and their metagenomes localized in a particular environment, similar to a microbiome.' This distinguishes it from broader viromes or communities of other microorganisms."",
  ""answer"": ""C""
}","{
  ""reasoning"": ""The background explicitly defines a phageome as a community of bacteriophages and their metagenomes in a particular environment, analogous to a microbiome. The term is specifically linked to bacteriophages, not general viruses, bacteria, fungi, or archaea."",
  ""answer"": ""C""
}"
145,What is organography?,B,B,B,B,"{
  ""reasoning"": ""The question asks for the definition of organography. The background explicitly states that organography is 'the scientific description of the structure and function of the organs of living things,' which matches option B. While Aristotle and later botanists contributed to its development, the core definition is broader than just plants."",
  ""answer"": ""B""
}","{
  ""reasoning"": ""The background explicitly defines organography as 'the scientific description of the structure and function of the organs of living things.' While some options mention aspects related to plant organs or development, only option B matches the comprehensive definition given."",
  ""answer"": ""B""
}","{
  ""reasoning"": ""The background explicitly defines organography as 'the scientific description of the structure and function of the organs of living things.' While some options mention plant-specific aspects or historical details, the core definition is broader and directly matches option B."",
  ""answer"": ""B""
}"
146,What is the definition of anatomy?,B,B,B,B,"{
  ""reasoning"": ""The background consistently defines anatomy as the scientific study of the structure of organisms and their parts, which is a core subfield of morphology. Among the options, only B directly captures this fundamental definition without adding extraneous elements like experimental conditions, taxonomy, or structure-function relationships, which belong to other disciplines."",
  ""answer"": ""B""
}","{
  ""reasoning"": ""The background consistently defines anatomy as the scientific study of the structure of organisms and their parts, which is a core aspect of morphology. Among the options, only B directly aligns with this definition by describing anatomy as a branch of morphology dealing with structure."",
  ""answer"": ""B""
}","{
  ""reasoning"": ""The background consistently defines anatomy as the scientific study of the structure of organisms and their parts, which is a core subfield of morphology. Among the options, only B directly captures this fundamental definition without adding extraneous elements like experimental conditions, taxonomy, or structure-function relationships, which belong to other disciplines."",
  ""answer"": ""B""
}"
147,What is a trophic level in an ecological pyramid?,C,C,C,C,"{
  ""reasoning"": ""The background defines a trophic level as a group of organisms acquiring a majority of its energy from the lower adjacent level nearer the abiotic source. This matches the description of energy flow from primary producers upward, with each level depending on the one below."",
  ""answer"": ""C""
}","{
  ""reasoning"": ""The background defines a trophic level as a group of organisms acquiring a majority of its energy from the lower adjacent level nearer the abiotic source. This means energy flows upward from primary producers to consumers, with each level primarily relying on the one below it."",
  ""answer"": ""C""
}","{
  ""reasoning"": ""The background defines a trophic level as a group of organisms acquiring a majority of its energy from the lower adjacent level nearer the abiotic source. This means organisms primarily get energy from the level below them, not above or from the same level."",
  ""answer"": ""C""
}"
148,What is a crossover experiment?,B,B,B,B,"{
  ""reasoning"": ""The background text defines a crossover experiment as a method used to study the mechanism of a chemical reaction, specifically to determine whether components of reactants exchange, often to distinguish between intramolecular and intermolecular pathways. It is a mechanistic tool in chemistry, not related to materials, organisms, cells, or simply creating new substances."",
  ""answer"": ""B""
}","{
  ""reasoning"": ""The background consistently describes a crossover experiment as a method to study reaction mechanisms, particularly to differentiate between intramolecular and intermolecular pathways using labeled reactants. It is a standard technique in chemistry, not related to materials, organisms, cells, or simply mixing chemicals to form new substances."",
  ""answer"": ""B""
}","{
  ""reasoning"": ""The background text consistently describes a crossover experiment as a method to study reaction mechanisms, particularly to differentiate between intramolecular and intermolecular pathways using labeled reactants. It is a standard technique in chemistry, not related to materials science, biology, or simple mixing of chemicals."",
  ""answer"": ""B""
}"
149,What is the role of IL-10 in the formation of Tr1 cells and tolerogenic DCs?,B,B,B,B,"{
  ""reasoning"": ""The background states that IL-10 induces the formation of Tr1 cells, which are dependent on IL-10 and TGF-β and lack Foxp3 expression, and that IL-10 can also induce tolerogenic DCs from monocytes. Tr1 cells produce high levels of IL-10 and TGF-β, and tolerogenic DCs produce IL-10 important for Tr1 formation."",
  ""answer"": ""B""
}","{
  ""reasoning"": ""The background states that IL-10 induces the formation of Tr1 cells and that, in the presence of IL-10, tolerogenic DCs can be induced from monocytes. Tr1 cells are dependent on IL-10 and TGF-β, lack Foxp3 expression, and produce high levels of IL-10 and TGF-β. Tolerogenic DCs also produce IL-10, which supports Tr1 formation."",
  ""answer"": ""B""
}","{
  ""reasoning"": ""The background clearly states that IL-10 induces the formation of Tr1 cells and that in the presence of IL-10, tolerogenic DCs can be induced from monocytes. Tr1 cells are described as dependent on IL-10 and TGF-β, lack Foxp3 expression, and produce high levels of IL-10 and TGF-β. Tolerogenic DCs produce IL-10, which is important for Tr1 formation."",
  ""answer"": ""B""
}"
150,"What is the reason behind the designation of Class L dwarfs, and what is their color and composition?",B,B,B,B,"{
  ""reasoning"": ""The background states that Class L dwarfs are cooler than M stars, and L is the remaining letter alphabetically closest to M. They are described as very dark red in color, brightest in infrared, and their atmosphere allows metal hydrides and alkali metals to be prominent."",
  ""answer"": ""B""
}","{
  ""reasoning"": ""The question asks about the reason for the designation, color, and atmospheric composition of Class L dwarfs. The background states that Class L dwarfs are cooler than M stars, designated L because L is the remaining letter alphabetically closest to M, are very dark red in color and brightest in infrared, and have atmospheres cool enough for metal hydrides and alkali metals to dominate their spectra."",
  ""answer"": ""B""
}","{
  ""reasoning"": ""The background states that Class L dwarfs are cooler than M stars, and L is the alphabetically closest remaining letter to M. They are described as very dark red in color and brightest in infrared, with atmospheres cool enough for metal hydrides and alkali metals to dominate their spectra. Some are stars capable of hydrogen fusion, but most are substellar brown dwarfs."",
  ""answer"": ""B""
}"
151,What was Isaac Newton's explanation for rectilinear propagation of light?,D,D,D,D,"{
  ""reasoning"": ""The background explicitly states that Newton rejected the wave theory for rectilinear propagation, believing waves would bend into shadows, and instead proposed a corpuscular theory. It further specifies that in his model, corpuscles were subject to a force acting perpendicular to the interface, and the critical angle occurred when the normal velocity was just enough to reach the far side of the force field."",
  ""answer"": ""D""
}","{
  ""reasoning"": ""The question asks specifically for Newton's explanation of rectilinear propagation. The background clearly states that Newton rejected the wave theory and proposed a corpuscular theory, where corpuscles are subject to a force perpendicular to the interface. The description of the critical angle matches the 'far side' condition for total internal reflection."",
  ""answer"": ""D""
}","{
  ""reasoning"": ""The question asks specifically for Newton's explanation of rectilinear propagation. The background clearly states Newton rejected the wave theory, believing waves would 'bend and spread every way,' and instead proposed a corpuscular theory where light particles travel in straight lines. His model involved a force perpendicular to the interface to explain refraction and total internal reflection."",
  ""answer"": ""D""
}"
152,What is the relationship between chemical potential and quarks/antiquarks?,A,A,A,A,"{
  ""reasoning"": ""The background explicitly states that chemical potential μ can be thought of as a measure of the imbalance between quarks and antiquarks, with higher μ meaning a stronger bias favoring quarks over antiquarks. This directly matches option A, while the other options either contradict this relationship or oversimplify it."",
  ""answer"": ""A""
}","{
  ""reasoning"": ""The background explicitly states: 'it is helpful to think of μ as a measure of the imbalance between quarks and antiquarks in the system. Higher μ means a stronger bias favoring quarks over antiquarks.' This directly matches option A, while the other options either invert the bias, misrepresent μ as a density measure only, or claim it indicates balance."",
  ""answer"": ""A""
}","{
  ""reasoning"": ""The background explicitly states that chemical potential μ can be thought of as a measure of the imbalance between quarks and antiquarks, with higher μ meaning a stronger bias favoring quarks over antiquarks. This directly matches option A, while the other options misrepresent the relationship."",
  ""answer"": ""A""
}"
153,What is the American Petroleum Institute (API) gravity?,A,A,A,A,"{
  ""reasoning"": ""The background clearly states that API gravity measures how heavy or light a petroleum liquid is compared to water, is an inverse measure of density relative to water, and is expressed in degrees on a hydrometer. It is not related to viscosity, freezing point, concentration in water, or acidity."",
  ""answer"": ""A""
}","{
  ""reasoning"": ""The background explicitly defines API gravity as a measure of how heavy or light a petroleum liquid is compared to water, and states it is an inverse measure of density relative to water, expressed in degrees. Options B through E incorrectly associate API gravity with viscosity, freezing point, concentration, or pH, which are not supported by the text."",
  ""answer"": ""A""
}","{
  ""reasoning"": ""The background clearly defines API gravity as a measure of how heavy or light a petroleum liquid is compared to water, specifically an inverse measure of density relative to water, expressed in degrees. The other options incorrectly associate API gravity with viscosity, freezing point, concentration in water, or pH."",
  ""answer"": ""A""
}"
154,What are the two main factors that cause resistance in a metal?,B,B,B,B,"{
  ""reasoning"": ""The background explicitly states that resistance in metals is mainly due to two factors: temperature (vibrations of the crystal lattice) and purity (irregularities from mixed ions). Other factors like thickness and pressure affect resistance but are not highlighted as the primary causes in the given context."",
  ""answer"": ""B""
}","{
  ""reasoning"": ""The background explicitly states that resistance in metals is mainly due to two factors: temperature (vibrations of the crystal lattice) and purity (irregularities from mixed ions). Other factors like thickness and pressure relate to a specific object's resistance, not the intrinsic material causes."",
  ""answer"": ""B""
}","{
  ""reasoning"": ""The background explicitly states that resistance in metals is mainly caused by two factors: temperature (vibrations of the crystal lattice) and purity (irregularities from mixed ions). Other factors like thickness, pressure, or shape affect resistance but are not the primary causes discussed for the inherent resistivity of the material."",
  ""answer"": ""B""
}"
155,What is the significance of the redshift-distance relationship in determining the expansion history of the universe?,E,E,E,E,"{
  ""reasoning"": ""The redshift-distance relationship reveals how the expansion rate of the universe has changed over time. For very distant galaxies, whose light has been traveling for much longer times, the relationship deviates from linearity, allowing us to infer the expansion history and the matter/energy content of the universe."",
  ""answer"": ""E""
}","{
  ""reasoning"": ""The redshift-distance relationship (Hubble's law) is linear only for relatively nearby galaxies where the expansion rate has been approximately constant. For very distant galaxies, whose light has been traveling much longer, the relationship becomes non-linear and encodes how the expansion rate has changed over cosmic time, allowing us to infer the universe's expansion history and its matter-energy content."",
  ""answer"": ""E""
}","{
  ""reasoning"": ""The redshift-distance relationship (Hubble's law) is linear only for relatively nearby galaxies where the expansion rate can be approximated as constant. For very distant galaxies, whose light has been traveling much longer, the relationship becomes non-linear because the expansion rate has changed over time; analyzing this deviation reveals the expansion history and the universe's matter/energy content."",
  ""answer"": ""E""
}"
156,What is the Evans balance?,D,D,D,D,"{
  ""reasoning"": ""The question asks for the correct description of the Evans balance. The background text clearly states that the Evans balance measures magnetic susceptibility by detecting the force change on a strong compact magnet when a sample is inserted, distinguishing it from methods like Gouy or Faraday balances."",
  ""answer"": ""D""
}","{
  ""reasoning"": ""The question asks specifically about the Evans balance as described in the background. The background clearly states that the Evans balance measures magnetic susceptibility by detecting the force change on a magnet when a sample is inserted, and it contrasts this method with others like the Gouy balance or NMR-based techniques."",
  ""answer"": ""D""
}","{
  ""reasoning"": ""The question asks for the correct description of the Evans balance based on the background provided. The background explicitly states that the Evans balance measures magnetic susceptibility by detecting the force change on a magnet when a sample is introduced, distinguishing it from other methods like Gouy or NMR-based techniques."",
  ""answer"": ""D""
}"
157,What is the definition of dimension in mathematics?,C,C,C,C,"{
  ""reasoning"": ""The background states that dimension is 'the number of degrees of freedom of a point that moves on this object' and 'the number of independent parameters or coordinates that are needed for defining the position of a point that is constrained to be on the object.' This description aligns with an intrinsic property, as dimension is defined by the object's own structure, not by any embedding space. For example, a line is 1-dimensional regardless of whether it is in a plane or in 3D space."",
  ""answer"": ""C""
}","{
  ""reasoning"": ""The background defines dimension as 'the number of degrees of freedom of a point that moves on this object' and 'the number of independent parameters or coordinates that are needed for defining the position of a point that is constrained to be on the object.' This is an intrinsic property, as it does not depend on the embedding space (e.g., a curve is 1D whether in a plane or in 3D space)."",
  ""answer"": ""C""
}","{
  ""reasoning"": ""The background begins by describing dimension roughly as the number of degrees of freedom of a point moving on the object, equivalent to the number of independent parameters or coordinates needed to specify its position. This is an intrinsic property, as the dimension of a curve is 1 regardless of whether it is embedded in a plane or higher-dimensional space."",
  ""answer"": ""C""
}"
158,What is accelerator-based light-ion fusion?,A,A,A,A,"{
  ""reasoning"": ""The background text explicitly defines accelerator-based light-ion fusion as a technique using particle accelerators to achieve kinetic energies sufficient to induce light-ion fusion reactions, notes it is relatively easy to implement with minimal equipment, and states fusion can be observed with as little as 10 kV."",
  ""answer"": ""A""
}","{
  ""reasoning"": ""The background explicitly defines accelerator-based light-ion fusion as using particle accelerators to achieve kinetic energies sufficient to induce light-ion fusion reactions, notes it is relatively easy to implement with basic equipment (vacuum tube, electrodes, high-voltage transformer), and states fusion can be observed with as little as 10 kV."",
  ""answer"": ""A""
}","{
  ""reasoning"": ""The background explicitly states that accelerator-based light-ion fusion uses particle accelerators to achieve kinetic energies sufficient for light-ion fusion reactions, is relatively easy to implement with minimal equipment (vacuum tube, electrodes, high-voltage transformer), and can be observed with as little as 10 kV. This matches option A exactly."",
  ""answer"": ""A""
}"
159,What is the interstellar medium (ISM)?,A,A,A,A,"{
  ""reasoning"": ""The background repeatedly defines the interstellar medium (ISM) as the matter and radiation between star systems within a galaxy, not between planets or galaxies. Option A matches this definition exactly, including the mention of blending into intergalactic space, which is consistent with the background."",
  ""answer"": ""A""
}","{
  ""reasoning"": ""The question asks for the definition of the interstellar medium (ISM). The background repeatedly states that the ISM is the matter and radiation between star systems within a galaxy, not between planets, within stars, or between galaxies. Option A correctly captures this, matching the phrasing in the background."",
  ""answer"": ""A""
}",
160,What is the significance of the change in slope of the pinched hysteresis curves in ReRAM and other forms of two-terminal resistance memory?,A,A,A,A,"{
  ""reasoning"": ""The background directly states that the change in slope of the pinched hysteresis curves demonstrates switching between different resistance states, which is central to ReRAM and other two-terminal resistance memory. This is explicitly mentioned in the first paragraph, making option A a direct match."",
  ""answer"": ""A""
}","{
  ""reasoning"": ""The background explicitly states that the change in slope of the pinched hysteresis curves demonstrates switching between different resistance states, which is central to ReRAM and other two-terminal resistance memory. This is a direct description of the significance, not merely about identifying a memristor or other components."",
  ""answer"": ""A""
}",
161,What is geometric quantization in mathematical physics?,E,E,E,A,"{
  ""reasoning"": ""The background explicitly states that geometric quantization is a mathematical approach to defining a quantum theory from a classical theory, aiming to preserve analogies between them, such as the Heisenberg and Hamilton equations. Options that reverse the direction (classical from quantum) or suggest analogies are lost or unimportant contradict this definition."",
  ""answer"": ""E""
}","{
  ""reasoning"": ""The background explicitly states that geometric quantization is a mathematical approach to defining a quantum theory corresponding to a given classical theory, aiming to preserve analogies between classical and quantum theories, such as the similarity between the Heisenberg equation and Hamilton's equations."",
  ""answer"": ""E""
}",
162,What is the definition of an improper rotation?,B,B,B,A,"{
  ""reasoning"": ""The background defines an improper rotation as a rotation about an axis combined with reflection in a plane perpendicular to that axis, or equivalently as rotation plus inversion about a point on the axis. The order of operations commutes, and symmetry elements include the rotation axis and either the mirror plane, inversion point, or both—not a third plane or neither."",
  ""answer"": ""B""
}","{
  ""reasoning"": ""The background defines an improper rotation as a rotation about an axis combined with reflection in a plane perpendicular to that axis, or equivalently as rotation plus inversion about a point on the axis. The order of operations commutes, and the symmetry elements include the rotation axis and either the mirror plane, inversion point, or both—not a third plane, neither, nor a parallel plane."",
  ""answer"": ""B""
}",
163,"What is power density in the context of energy systems, and how does it differ between renewable and non-renewable energy sources?",B,B,B,B,"{
  ""reasoning"": ""The background explicitly defines power density as measured in W/m², covering the entire lifecycle footprint, and states that fossil fuels and nuclear have high power density while renewables have power density at least three orders of magnitude smaller, requiring much larger areas for equivalent output."",
  ""answer"": ""B""
}","{
  ""reasoning"": ""The background explicitly defines power density as the amount of power obtained per unit of Earth surface area, including all supporting infrastructure. It states that fossil fuels and nuclear have high power density, while renewables have power density at least three orders of magnitude smaller, requiring much larger areas for the same output."",
  ""answer"": ""B""
}","{
  ""reasoning"": ""The question asks for the definition of power density and how it compares between renewable and non-renewable sources. The background explicitly states that fossil fuels and nuclear have high power density, while renewables have power density at least three orders of magnitude smaller, requiring much larger areas for the same output."",
  ""answer"": ""B""
}"
164,What is Modified Newtonian Dynamics (MOND)?,C,C,C,C,"{
  ""reasoning"": ""The background explicitly states that MOND is a hypothesis proposing a modification of Newton's law of universal gravitation to explain galaxy rotation curves, offering an alternative to dark matter. It contrasts with options that mention Einstein's relativity, Coulomb's law, light behavior, or subatomic particles."",
  ""answer"": ""C""
}","{
  ""reasoning"": ""The background repeatedly states that MOND modifies Newton's law of gravitation at low accelerations to explain galaxy rotation curves without dark matter. It is contrasted with dark matter, not dark energy, and does not primarily address light behavior, general relativity (though relativistic extensions exist), Coulomb's law, or subatomic particles."",
  ""answer"": ""C""
}","{
  ""reasoning"": ""The background repeatedly states that MOND modifies Newton's law of universal gravitation (or Newtonian dynamics) to explain galaxy rotation curves without dark matter. It is not a modification of Einstein's general relativity, Coulomb's law, or a theory about light or subatomic particles."",
  ""answer"": ""C""
}"
165,What is linear frame dragging?,D,D,D,D,"{
  ""reasoning"": ""The background explicitly states: 'Linear frame dragging is the similarly inevitable result of the general principle of relativity, applied to linear momentum. Although it arguably has equal theoretical legitimacy to the 'rotational' effect, the difficulty of obtaining an experimental verification of the effect means that it receives much less discussion and is often omitted from articles on frame-dragging.' This matches the description of being applied to linear momentum, similarly inevitable to the rotational effect, tiny and difficult to confirm experimentally, and often omitted."",
  ""answer"": ""D""
}","{
  ""reasoning"": ""The background explicitly states: 'Linear frame dragging is the similarly inevitable result of the general principle of relativity, applied to linear momentum. Although it arguably has equal theoretical legitimacy to the 'rotational' effect, the difficulty of obtaining an experimental verification of the effect means that it receives much less discussion and is often omitted from articles on frame-dragging.' This matches an option that mentions linear momentum, inevitability compared to the rotational effect, and experimental difficulty leading to omission."",
  ""answer"": ""D""
}","{
  ""reasoning"": ""The background explicitly states: 'Linear frame dragging is the similarly inevitable result of the general principle of relativity, applied to linear momentum. Although it arguably has equal theoretical legitimacy to the 'rotational' effect, the difficulty of obtaining an experimental verification of the effect means that it receives much less discussion and is often omitted from articles on frame-dragging.' This matches the description of being applied to linear momentum, inevitable like the rotational effect, tiny, difficult to confirm, and often omitted."",
  ""answer"": ""D""
}"
166,What is explicit symmetry breaking in theoretical physics?,B,B,B,B,"{
  ""reasoning"": ""The background defines explicit symmetry breaking as breaking due to terms in the equations of motion (like the Lagrangian or Hamiltonian) that do not respect the symmetry, and it notes these terms are typically small so the symmetry is approximately respected. This matches option B's description."",
  ""answer"": ""B""
}","{
  ""reasoning"": ""The background defines explicit symmetry breaking as breaking a symmetry by terms in the equations of motion that do not respect the symmetry, and notes these terms are usually small so the symmetry is approximately respected. This directly matches option B, while other options incorrectly describe the terms as respecting symmetry or having large effects."",
  ""answer"": ""B""
}","{
  ""reasoning"": ""The background clearly states that explicit symmetry breaking involves terms in the Lagrangian or Hamiltonian that do not respect the symmetry, and it usually occurs when these terms are small, making the symmetry approximately respected. This directly matches option B."",
  ""answer"": ""B""
}"
167,What is the role of the Higgs boson in the Standard Model?,D,D,D,D,"{
  ""reasoning"": ""The background explicitly states that the Higgs boson explains why elementary particles except the photon and gluon are massive, and that it generates masses for leptons and quarks. It also notes that the photon remains massless, while W and Z bosons acquire mass via the Higgs mechanism."",
  ""answer"": ""D""
}","{
  ""reasoning"": ""The background states that the Higgs boson explains why elementary particles except the photon and gluon are massive. It gives mass to W and Z bosons, leptons, and quarks via the Higgs mechanism, but photons and gluons remain massless."",
  ""answer"": ""D""
}","{
  ""reasoning"": ""The background clearly states that the Higgs boson explains why elementary particles except the photon and gluon have mass. It generates masses for leptons, quarks, and the W and Z bosons, but not for massless gauge bosons like the photon and gluon."",
  ""answer"": ""D""
}"
168,What is Lorentz symmetry or Lorentz invariance in relativistic physics?,E,E,A,E,"{
  ""reasoning"": ""The question asks for the definition of Lorentz symmetry/invariance as used in relativistic physics. The background explicitly states it is an equivalence of observation due to special relativity, meaning physical laws remain the same for all inertial observers. Options A and C describe related but distinct concepts (Lorentz covariance), B refers to curvature (general relativity), and D focuses on specific effects rather than the symmetry principle itself."",
  ""answer"": ""E""
}",,"{
  ""reasoning"": ""The question asks for the definition of Lorentz symmetry/invariance as used in relativistic physics. The background text explicitly states it is 'an equivalence of observation or observational symmetry due to special relativity implying that the laws of physics stay the same for all observers that are moving with respect to one another within an inertial frame.' This matches option E precisely."",
  ""answer"": ""E""
}"
169,What is the significance of Baryon Acoustic Oscillations (BAOs) in the study of the universe?,A,A,A,A,"{
  ""reasoning"": ""The question asks about the significance of BAOs in cosmology. The background repeatedly describes BAOs as providing a 'standard ruler'—a fixed comoving scale imprinted in the large-scale distribution of matter, which allows measurement of cosmic expansion history and dark energy properties."",
  ""answer"": ""A""
}",,"{
  ""reasoning"": ""The background repeatedly emphasizes that BAOs provide a 'standard ruler' fixed by the sound horizon at recombination, which can be observed in the clustering of galaxies or hydrogen as a statistical preference for a specific separation scale. This scale allows cosmologists to measure cosmic distances and expansion history, constraining dark energy and cosmological parameters."",
  ""answer"": ""A""
}"
170,What can be inferred about the electronic entropy of insulators and metals based on their densities of states at the Fermi level?,B,B,B,B,"{
  ""reasoning"": ""The background states that insulators have zero density of states at the Fermi level due to their band gap, leading to negligible electronic entropy. Metals have a non-zero density of states at the Fermi level, and their electronic entropy is approximately proportional to both temperature and that density of states."",
  ""answer"": ""B""
}","{
  ""reasoning"": ""The background states that insulators have zero density of states at the Fermi level due to their band gap, so their electronic entropy is essentially zero. Metals have a non-zero density of states at the Fermi level, and their electronic entropy is approximately proportional to temperature and that density of states."",
  ""answer"": ""B""
}","{
  ""reasoning"": ""The background states that insulators have zero density of states at the Fermi level due to their band gap, leading to negligible electronic entropy. Metals have a non-zero density of states at the Fermi level, and their electronic entropy is approximately proportional to temperature and that density of states."",
  ""answer"": ""B""
}"
171,What are permutation-inversion groups?,E,E,E,E,"{
  ""reasoning"": ""The background explicitly defines permutation-inversion groups as introduced by Longuet-Higgins, consisting of energetically feasible permutations of identical nuclei, inversion with respect to the center of mass (parity operation), or a combination of both. This matches option E precisely, while other options incorrectly substitute inversions for permutations, misrepresent the operations, or incorrectly specify rotation about a C3 axis."",
  ""answer"": ""E""
}","{
  ""reasoning"": ""The background explicitly defines permutation-inversion groups as groups whose symmetry operations are energetically feasible permutations of identical nuclei, inversion with respect to the center of mass (parity operation), or a combination of the two. This matches the wording in option E, while the other options either misstate the operations or incorrectly restrict them to rotations about a C3 axis."",
  ""answer"": ""E""
}","{
  ""reasoning"": ""The background clearly states that permutation-inversion groups consist of symmetry operations that are energetically feasible permutations of identical nuclei, inversion with respect to the center of mass (parity operation), or a combination of both. This definition matches option E exactly, while the other options misrepresent the operations or add incorrect elements like rotations about a specific axis."",
  ""answer"": ""E""
}"
172,What is the relationship between dielectric loss and the transparency of a material?,B,B,B,B,"{
  ""reasoning"": ""The background explains that dielectric loss is the conversion of electromagnetic field energy into heat, associated with the imaginary part of the permittivity (ε″). At higher frequencies, dielectric loss increases absorption, which reduces transparency because absorbed light does not pass through the material."",
  ""answer"": ""B""
}","{
  ""reasoning"": ""The background explains that dielectric loss is a measure of a material's ability to convert electromagnetic energy into heat, which corresponds to absorption. At higher frequencies, dielectric loss can increase absorption, reducing transparency as seen in materials like glass that become opaque to UV light."",
  ""answer"": ""B""
}","{
  ""reasoning"": ""The background explains that dielectric loss corresponds to absorption of electromagnetic energy (converted to heat), especially at higher frequencies. Absorption reduces the amount of light transmitted through the material, thereby decreasing transparency."",
  ""answer"": ""B""
}"
173,What is the purpose of measuring the Larmor precession fields at about 100 microtesla with highly sensitive superconducting quantum interference devices (SQUIDs) in ultra-low field MRI?,C,C,C,C,"{
  ""reasoning"": ""The background states that ultra-low field MRI in the microtesla-to-millitesla range uses prepolarization and measures Larmor precession fields at about 100 microtesla with SQUIDs to achieve sufficient signal quality. This matches the description in option C, which directly addresses the purpose of using SQUIDs at such low fields."",
  ""answer"": ""C""
}","{
  ""reasoning"": ""The question asks about the role of SQUIDs measuring Larmor precession at ~100 µT in ultra-low field MRI. According to the background, ultra-low field MRI operates in the microtesla-to-millitesla range, and SQUIDs are used to detect the weak precession signals after prepolarization, enabling sufficient signal quality where conventional inductive detection fails."",
  ""answer"": ""C""
}","{
  ""reasoning"": ""The background states that ultra-low field MRI in the microtesla-to-millitesla range uses prepolarization and measures Larmor precession fields at about 100 microtesla with SQUIDs to achieve sufficient signal quality. This matches the description in option C, which directly addresses the purpose of using SQUIDs at such low fields."",
  ""answer"": ""C""
}"
174,What is the difference between illuminance and luminance?,B,B,B,B,"{
  ""reasoning"": ""The background defines illuminance as the total luminous flux incident on a surface per unit area, i.e., light falling on a surface. Luminance is described as characterizing emission or reflection from surfaces, indicating how bright a surface appears from a given angle, which relates to light emitted or reflected per unit area per solid angle."",
  ""answer"": ""B""
}","{
  ""reasoning"": ""The background defines illuminance as the luminous flux incident on a surface per unit area (light falling on a surface), measured in lux. Luminance is described as the luminous intensity per unit area emitted or reflected from a surface in a given direction, indicating how bright the surface appears."",
  ""answer"": ""B""
}","{
  ""reasoning"": ""Illuminance measures incident luminous flux per unit area on a surface (light falling on it), while luminance measures luminous intensity per unit area emitted or reflected from a surface in a given direction (light coming from it). This distinction is clear from the background: illuminance is about incident light (lux), and luminance is about perceived brightness of a source or reflecting surface."",
  ""answer"": ""B""
}"
175,What is a magnetic monopole in particle physics?,E,E,E,E,"{
  ""reasoning"": ""The question asks specifically about the definition of a magnetic monopole in particle physics, not condensed-matter analogs. The background repeatedly states that a magnetic monopole is a hypothetical elementary particle with a single magnetic pole, analogous to an electric charge but for magnetism."",
  ""answer"": ""E""
}","{
  ""reasoning"": ""The background clearly defines a magnetic monopole in particle physics as a hypothetical elementary particle that is an isolated magnet with only one magnetic pole, analogous to an electric monopole (like an electron or proton) but for magnetism. This contrasts with options describing electric charges or magnets with both poles."",
  ""answer"": ""E""
}","{
  ""reasoning"": ""The question asks specifically about the definition of a magnetic monopole in particle physics, as distinct from condensed-matter analogs. According to the background, a magnetic monopole in particle physics is a hypothetical elementary particle with only one magnetic pole, possessing a net magnetic charge."",
  ""answer"": ""E""
}"
176,What is the difference between redshift due to the expansion of the universe and Doppler redshift?,D,D,D,D,"{
  ""reasoning"": ""The background explains that cosmological redshift arises from the expansion of space itself over the entire travel time of light, not from local motion. Doppler redshift depends on the relative velocity between source and observer at emission and absorption."",
  ""answer"": ""D""
}","{
  ""reasoning"": ""The background clarifies that cosmological redshift arises from the expansion of space over the entire travel time of light, depending on the total increase in the scale factor a(t) between emission and absorption. Doppler redshift, however, is caused by the relative peculiar motion of the source and observer in local space, governed by special relativity and dependent on local velocity."",
  ""answer"": ""D""
}","{
  ""reasoning"": ""The background clarifies that cosmological redshift results from the expansion of space over the entire travel time of light, not from local relative motion. Doppler redshift is caused by the peculiar velocity of the source relative to the observer within a fixed spacetime framework."",
  ""answer"": ""D""
}"
177,What is the relationship between Coordinated Universal Time (UTC) and Universal Time (UT1)?,D,C,C,C,"{
  ""reasoning"": ""The background states that UTC is an atomic time scale designed to approximate UT1, and it is kept within 0.9 second of UT1 by inserting leap seconds. The difference between UTC and UT1 is not a fixed integral number of seconds; it varies but is kept below 0.9 s via leap-second adjustments."",
  ""answer"": ""C""
}","{
  ""reasoning"": ""The background states that UTC is an atomic time scale designed to approximate UT1, and that UTC differs from TAI by an integral number of seconds. It also explicitly says UTC is kept within 0.9 second of UT1 by leap seconds, meaning the difference between UTC and UT1 is not necessarily integral, but can be fractional (less than 1 second)."",
  ""answer"": ""C""
}","{
  ""reasoning"": ""The background states that UTC is an atomic time scale designed to approximate UT1, and it is kept within 0.9 second of UT1 via leap seconds. However, the difference between UTC and UT1 (DUT1) is not an integral number of seconds; leap seconds adjust UTC in whole seconds, but the actual offset can be a fraction of a second."",
  ""answer"": ""C""
}"
178,What is the reason for heating metals to a temperature just above the upper critical temperature?,C,C,C,C,"{
  ""reasoning"": ""The background states that heating just above the upper critical temperature prevents grains from growing too large, and because smaller grain size enhances mechanical properties like toughness and strength, this heating step is intended to preserve those benefits."",
  ""answer"": ""C""
}","{
  ""reasoning"": ""The background states that smaller grain size usually enhances mechanical properties like toughness, shear strength, and tensile strength. Heating just above the upper critical temperature allows formation of small grains (e.g., austenite) while preventing excessive grain growth that would weaken the material."",
  ""answer"": ""C""
}","{
  ""reasoning"": ""The background states that smaller grain size enhances mechanical properties like toughness, shear strength, and tensile strength. Heating just above the upper critical temperature allows formation of fine austenite grains while preventing excessive grain growth that would weaken the material."",
  ""answer"": ""C""
}"
179,What is the cause of the observed change in the periods of moons orbiting a distant planet when measured from Earth?,C,C,C,C,"{
  ""reasoning"": ""The question asks about the cause of the observed change in orbital period measurements of a distant planet's moon from Earth. The background explicitly states that the change is due to the varying time light takes to travel the changing distance between Earth and the planet as Earth orbits the Sun."",
  ""answer"": ""C""
}","{
  ""reasoning"": ""The question asks for the cause of the observed change in the orbital periods of moons as measured from Earth. The background explicitly states that the change is due to the difference in the time light takes to travel from the moon to Earth, which varies because the distance light travels changes by the diameter of Earth's orbit."",
  ""answer"": ""C""
}","{
  ""reasoning"": ""The question asks for the cause of the observed change in the periods of moons orbiting a distant planet when measured from Earth. The background explicitly states that the change is due to the difference in the time light takes to travel the varying distance from the planet/moon to Earth as Earth moves in its orbit, with the distance difference equal to the diameter of Earth's orbit."",
  ""answer"": ""C""
}"
180,What is the origin of the radio emission observed from supernova remnants?,B,B,B,B,"{
  ""reasoning"": ""The background states that although optical and X-ray emission from supernova remnants comes from ionized gas, most radio emission is non-thermal synchrotron radiation produced by high-velocity electrons moving in magnetic fields. This directly matches the description in option B."",
  ""answer"": ""B""
}","{
  ""reasoning"": ""The background explicitly states that the radio emission from supernova remnants is a form of non-thermal synchrotron emission, produced by high-velocity electrons oscillating in magnetic fields. Options that attribute the emission to thermal processes, gas rebound, fusion, or expansion alone are incorrect based on the provided text."",
  ""answer"": ""B""
}","{
  ""reasoning"": ""The background states that while optical and X-ray emission from supernova remnants comes from ionized gas, most radio emission is non-thermal synchrotron radiation produced by high-velocity electrons moving in magnetic fields. This directly matches the description in option B, while other options incorrectly attribute the emission to thermal processes, fusion, or rebound/expansion alone."",
  ""answer"": ""B""
}"
181,What is the relationship between the Hamiltonians and eigenstates in supersymmetric quantum mechanics?,A,A,A,A,"{
  ""reasoning"": ""The background explicitly states that in SUSY quantum mechanics, partner Hamiltonians share a mathematical relationship such that for every eigenstate of one Hamiltonian, its partner Hamiltonian has a corresponding eigenstate with the same energy, except possibly for zero-energy eigenstates. This is a core theorem and is directly described in the text."",
  ""answer"": ""A""
}","{
  ""reasoning"": ""The background explicitly states that in SUSY quantum mechanics, partner Hamiltonians share a mathematical relationship such that for every eigenstate of one Hamiltonian, the partner Hamiltonian has a corresponding eigenstate with the same energy, except possibly for zero-energy eigenstates. This is a fundamental property of supersymmetric partner potentials."",
  ""answer"": ""A""
}","{
  ""reasoning"": ""The background explicitly states that in SUSY quantum mechanics, partner Hamiltonians share a mathematical relationship such that each eigenstate of one Hamiltonian has a corresponding eigenstate in the partner Hamiltonian with the same energy, except possibly for zero-energy eigenstates. This is a foundational property of SUSY quantum mechanics."",
  ""answer"": ""A""
}"
182,What is the proposed name for the field that is responsible for cosmic inflation and the metric expansion of space?,A,A,A,A,"{
  ""reasoning"": ""The background repeatedly refers to the hypothetical scalar field driving cosmic inflation as the 'inflaton' field. This term is explicitly mentioned as the name for the field responsible for the rapid expansion of space in the early universe."",
  ""answer"": ""A""
}","{
  ""reasoning"": ""The background text repeatedly refers to the hypothetical scalar field driving cosmic inflation as the 'inflaton field'. It is explicitly described as the field responsible for the exponential expansion of space in the early universe."",
  ""answer"": ""A""
}",
183,Which of the following statements accurately describes the characteristics of gravitational waves?,C,C,C,A,"{
  ""reasoning"": ""The background states that amplitude is denoted by h, representing the size of the wave (e.g., h ≈ 10⁻²⁰ for waves reaching Earth), and that amplitude varies with time according to Einstein's quadrupole formula for elliptical orbits. Frequency (f) and wavelength (λ) are standard wave parameters, with λ being the distance between points of maximum stretch or squeeze."",
  ""answer"": ""C""
}","{
  ""reasoning"": ""The background states that amplitude is denoted by h, representing the size of the wave (fraction of stretching/squeezing), and that amplitude varies with time according to Einstein's quadrupole formula. It also implies gravitational waves have frequency and wavelength, with wavelength being the distance between points of maximum stretch or squeeze."",
  ""answer"": ""C""
}",
184,What is the difference between the coevolution of myrmecophytes and the mutualistic symbiosis of mycorrhiza?,A,A,A,A,"{
  ""reasoning"": ""The question asks to distinguish between two specific symbiotic relationships: myrmecophyte-ant coevolution and mycorrhizal mutualism. The background text clearly describes myrmecophytes as plants that coevolved with ants, offering shelter (e.g., swollen thorns) and food (e.g., extrafloral nectar), while ants provide defense. Mycorrhiza is described as a plant-fungus mutualism where fungi supply inorganic nutrients (like phosphate and nitrogen) and the plant supplies carbohydrates from photosynthesis."",
  ""answer"": ""A""
}","{
  ""reasoning"": ""The question asks to distinguish between two types of mutualistic relationships: myrmecophyte-ant coevolution and plant-fungi mycorrhizal symbiosis. The background confirms myrmecophytes involve ants (e.g., acacia and Pseudomyrmex ants) with defense and shelter/food exchange, while mycorrhiza involves fungi assisting with nutrient uptake (like phosphate and nitrogen) in exchange for plant carbohydrates."",
  ""answer"": ""A""
}",
185,What is the Kelvin-Helmholtz instability and how does it affect Earth's magnetosphere?,A,A,A,A,"{
  ""reasoning"": ""The question asks for a definition of the Kelvin-Helmholtz instability and its specific effect on Earth's magnetosphere. The background describes it as a velocity-shear instability at fluid interfaces, and in the magnetosphere context, it occurs at the magnetopause, allowing solar wind entry via magnetic reconnection."",
  ""answer"": ""A""
}","{
  ""reasoning"": ""The question asks for the definition of the Kelvin-Helmholtz instability and its specific effect on Earth's magnetosphere. The background text directly describes the instability as occurring when plasma swirls travel at different velocities along the magnetosphere's edge, leading to magnetic reconnection and solar wind entry."",
  ""answer"": ""A""
}",
186,What is the significance of the high degree of fatty-acyl disorder in the thylakoid membranes of plants?,C,C,C,C,"{
  ""reasoning"": ""The question asks about the functional significance of high fatty-acyl disorder in plant thylakoid membranes. The background repeatedly states that this disorder, due to abundant linolenic acid (18:3), provides high membrane fluidity even at cold temperatures, which is critical for photosynthesis."",
  ""answer"": ""C""
}","{
  ""reasoning"": ""The question asks about the functional significance of high fatty-acyl disorder in plant thylakoid membranes. The background explicitly states that this disorder, due to high linolenic acid content, allows the membranes to retain innate fluidity even at low temperatures, which is critical for photosynthesis in cold environments."",
  ""answer"": ""C""
}","{
  ""reasoning"": ""The background states that thylakoid membranes retain innate fluidity even at relatively low temperatures because of the high degree of fatty-acyl disorder allowed by their high content of linolenic acid. This directly links fatty-acyl disorder to maintaining membrane fluidity in cold conditions."",
  ""answer"": ""C""
}"
187,What is the explanation for the effective supersymmetry in quark-diquark models?,A,A,A,A,"{
  ""reasoning"": ""The background explicitly states that in quark-diquark models, effective supersymmetry arises because at coarse resolution (the energy-momentum scale used to study hadron structure), two different color charges close together appear as the corresponding anti-color, making a diquark effectively look like an antiquark. This causes a baryon with a diquark cluster to behave like a meson."",
  ""answer"": ""A""
}","{
  ""reasoning"": ""The question asks for the explanation of effective supersymmetry in quark-diquark models, which is directly stated in the background. The key point is that at coarse resolution, a diquark's combined color charges appear as an anti-color, making it resemble an antiquark, so a baryon with a diquark behaves like a meson."",
  ""answer"": ""A""
}","{
  ""reasoning"": ""The question asks for the explanation of effective supersymmetry in quark-diquark models as described in the background. The background explicitly states that under coarse resolution, two different color charges close together appear as the corresponding anti-color, making a diquark effectively look like an antiquark, so a baryon with a diquark behaves like a meson."",
  ""answer"": ""A""
}"
188,What is the relationship between the complete electromagnetic Hamiltonian of a molecule and the parity operation?,D,D,D,D,"{
  ""reasoning"": ""The background states that the complete electromagnetic Hamiltonian of any molecule commutes with (is invariant to) the parity operation P, and its eigenvalues can be labeled + or − as they are even or odd under parity. This directly matches the description in option D."",
  ""answer"": ""D""
}","{
  ""reasoning"": ""The background states that the complete electromagnetic Hamiltonian of any molecule commutes with (is invariant to) the parity operation P, and its eigenvalues can be labeled + or − as they are even or odd under parity."",
  ""answer"": ""D""
}","{
  ""reasoning"": ""The background states that the complete electromagnetic Hamiltonian of any molecule commutes with (is invariant to) the parity operation P, and its eigenvalues can be labeled + or − as they are even or odd under parity. This directly matches the description in option D."",
  ""answer"": ""D""
}"
189,What is the difference between active and passive transport in cells?,B,B,B,B,"{
  ""reasoning"": ""The question asks for the distinction between active and passive transport. The background clearly states that active transport requires cellular energy (like ATP) to move substances against their concentration gradient, while passive transport does not require cellular energy and relies on gradients (concentration, electrochemical) or osmosis."",
  ""answer"": ""B""
}","{
  ""reasoning"": ""The question asks for the key difference between active and passive transport. From the background, active transport requires cellular energy (like ATP) to move substances against their concentration gradient, while passive transport moves substances down their concentration gradient without cellular energy input."",
  ""answer"": ""B""
}","{
  ""reasoning"": ""The question asks for the distinction between active and passive transport. According to the background, active transport requires cellular energy (like ATP) to move substances against their concentration gradient, while passive transport moves substances down their concentration gradient without cellular energy input."",
  ""answer"": ""B""
}"
190,What is the Heisenberg uncertainty principle and how does it relate to angular momentum in quantum mechanics?,E,D,D,D,"{
  ""reasoning"": ""The question asks specifically about the Heisenberg uncertainty principle's relation to angular momentum in quantum mechanics. The background explains that due to the uncertainty principle, only one component of angular momentum can be precisely measured at a time, while the other two remain uncertain, and that angular momentum is quantized and expressed as an operator."",
  ""answer"": ""D""
}","{
  ""reasoning"": ""The question asks for the definition of the Heisenberg uncertainty principle and its specific relation to angular momentum in quantum mechanics. The background explains that for angular momentum, only one component can be known precisely at a time due to non-commutation of operators, while the other two remain uncertain, and that angular momentum is quantized and expressed as an operator."",
  ""answer"": ""D""
}","{
  ""reasoning"": ""The question asks specifically about the Heisenberg uncertainty principle and its relation to angular momentum. The background states that due to the uncertainty principle, only one component of angular momentum can be measured precisely at a time, while the other two remain uncertain, and that angular momentum is expressed as an operator with quantized eigenvalues."",
  ""answer"": ""D""
}"
191,What is the difference between natural convection and forced convection?,C,C,C,C,"{
  ""reasoning"": ""The background clearly distinguishes natural convection as driven by buoyancy from density differences due to temperature gradients, while forced convection is driven by external mechanical means like fans or pumps. Option C accurately captures this distinction, whereas the others either conflate the two or reverse their definitions."",
  ""answer"": ""C""
}","{
  ""reasoning"": ""The background clearly distinguishes natural convection as driven by buoyancy from density differences due to temperature variations, without external forcing, while forced convection is driven by external means like fans or pumps. Option C correctly captures this distinction: natural convection occurs due to density changes from heating, and forced convection occurs due to mechanical forcing."",
  ""answer"": ""C""
}","{
  ""reasoning"": ""The question asks for the distinction between natural and forced convection based on the provided background. Natural convection is driven by buoyancy forces from density differences due to temperature variations, without external forcing. Forced convection involves fluid motion induced by external means like fans or pumps."",
  ""answer"": ""C""
}"
192,What is magnetic susceptibility?,B,B,B,B,"{
  ""reasoning"": ""Magnetic susceptibility quantifies the degree to which a material becomes magnetized when placed in an external magnetic field, defined as the ratio of magnetization (M) to the applied magnetic field strength (H). The background explicitly states that it indicates whether a material is attracted into or repelled out of a magnetic field, corresponding to paramagnetism or diamagnetism, which aligns with the concept of becoming magnetized."",
  ""answer"": ""B""
}","{
  ""reasoning"": ""The background defines magnetic susceptibility as a dimensionless proportionality constant indicating the degree of magnetization of a material in response to an applied magnetic field, specifically as χ = M/H. It quantifies how magnetized a material becomes, not how it absorbs, resists, conducts, or reflects magnetization."",
  ""answer"": ""B""
}","{
  ""reasoning"": ""The background defines magnetic susceptibility as a dimensionless proportionality constant indicating the degree of magnetization of a material in response to an applied magnetic field. It is explicitly given as the ratio of magnetization (M) to magnetic field strength (H)."",
  ""answer"": ""B""
}"
193,"What is a transient condensation cloud, also known as a Wilson cloud?",B,B,B,B,"{
  ""reasoning"": ""The background states that a Wilson cloud forms from condensation of water vapor in humid air due to adiabatic cooling from the rarefaction (negative pressure phase) following a large explosion. It is composed of microscopic water droplets, not smoke or gas, and requires humid air, not dry air."",
  ""answer"": ""B""
}","{
  ""reasoning"": ""The background explains that a Wilson cloud forms from condensation of water vapor due to adiabatic cooling after a rapid pressure drop (rarefaction) in humid air, not from burning materials or gas release. It specifically mentions that the cloud consists of microscopic water droplets and requires humid air."",
  ""answer"": ""B""
}","{
  ""reasoning"": ""The background explains that a Wilson cloud forms from condensation of water vapor in humid air due to a rapid pressure drop (rarefaction) and cooling following an explosion, not from smoke or gases. It specifically mentions the need for humid air and the formation of microscopic water droplets."",
  ""answer"": ""B""
}"
194,What is a uniform tiling in the hyperbolic plane?,D,D,D,D,"{
  ""reasoning"": ""The background states that a uniform tiling is a tessellation by regular polygon faces with the restriction of being vertex-transitive. For the hyperbolic plane specifically, this means an edge-to-edge tiling with regular polygons, and vertex-transitive implies isogonal (all vertices are equivalent)."",
  ""answer"": ""D""
}","{
  ""reasoning"": ""The background states that a uniform tiling is a tessellation by regular polygon faces with the restriction of being vertex-transitive, and it applies to both Euclidean and hyperbolic planes. Vertex-transitive means the tiling is isogonal. The description also implies an edge-to-edge arrangement."",
  ""answer"": ""D""
}","{
  ""reasoning"": ""The background defines a uniform tiling as a tessellation by regular polygon faces with the restriction of being vertex-transitive, and it applies to both Euclidean and hyperbolic planes. Vertex-transitive means the tiling is isogonal, and the tilings described are edge-to-edge with regular polygons."",
  ""answer"": ""D""
}"
195,What is the relation between the three moment theorem and the bending moments at three successive supports of a continuous beam?,C,C,C,C,"{
  ""reasoning"": ""The question asks specifically about the relation between the three moment theorem and bending moments at successive supports. The background clearly states that the three moment equation expresses the relation between bending moments at three successive supports of a continuous beam, subject to loading on two adjacent spans, with or without settlement."",
  ""answer"": ""C""
}","{
  ""reasoning"": ""The question asks specifically about the relation of the three moment theorem to bending moments at successive supports. The background explicitly states: 'The three moment equation expresses the relation between bending moments at three successive supports of a continuous beam, subject to a loading on a two adjacent span with or without settlement of the supports.' This matches option C precisely."",
  ""answer"": ""C""
}","{
  ""reasoning"": ""The question asks specifically about the relation between the three moment theorem and bending moments at three successive supports. The background explicitly states that the three moment equation expresses the relation between bending moments at three successive supports of a continuous beam, subject to loading on two adjacent spans, with or without settlement."",
  ""answer"": ""C""
}"
196,"What is the throttling process, and why is it important?",B,B,B,B,"{
  ""reasoning"": ""The background states that throttling is a steady adiabatic flow through a flow resistance and is responsible for the temperature drop in domestic refrigerators, making it central to the refrigeration cycle."",
  ""answer"": ""B""
}","{
  ""reasoning"": ""The background defines throttling as a steady adiabatic flow through a flow resistance, and specifically mentions it is responsible for the temperature drop in domestic refrigerators and is at the heart of the refrigeration cycle. Options that omit 'adiabatic' or mention pressure/temperature increase are inconsistent with the description."",
  ""answer"": ""B""
}","{
  ""reasoning"": ""The background states throttling is a steady adiabatic flow through a flow resistance and is responsible for the temperature drop in domestic refrigerators, making it central to refrigeration cycles. Options B and C both mention adiabatic flow, but only B correctly identifies the temperature drop as the key effect."",
  ""answer"": ""B""
}"
197,What happens to excess base metal as a solution cools from the upper transformation temperature towards an insoluble state?,B,B,B,B,"{
  ""reasoning"": ""The background states that in a hypoeutectoid alloy, as the solution cools from the upper transformation temperature, the excess base metal is forced to 'crystallize-out', becoming the proeutectoid. This continues until the solute concentration reaches the eutectoid level, after which the remaining material crystallizes as a separate eutectoid microstructure."",
  ""answer"": ""B""
}","{
  ""reasoning"": ""The background states that for a hypoeutectoid alloy, as the solution cools from the upper transformation temperature toward an insoluble state, the excess base metal is forced to 'crystallize-out', forming the proeutectoid phase. This continues until the solute concentration reaches the eutectoid level, at which point the remaining material crystallizes as a separate microstructure."",
  ""answer"": ""B""
}","{
  ""reasoning"": ""The question asks about the behavior of excess base metal during cooling of a hypoeutectoid alloy from the upper transformation temperature. The background states that as the solution cools, the excess base metal is forced to 'crystallize-out', forming the proeutectoid phase until the solute concentration reaches the eutectoid level."",
  ""answer"": ""B""
}"
198,"What is the relationship between mass, force, and acceleration, according to Sir Isaac Newton's laws of motion?",D,D,A,D,"{
  ""reasoning"": ""The question asks for the relationship between mass, force, and acceleration per Newton's laws. The background clearly states that mass is an inertial property, and Newton's second law gives F = ma, with 1 N causing a 1 kg mass to accelerate at 1 m/s²."",
  ""answer"": ""D""
}",,"{
  ""reasoning"": ""The question asks for the correct relationship among mass, force, and acceleration per Newton's laws. The background states mass is an inertial property, and Newton's second law is F = ma, with 1 newton causing a 1 kg mass to accelerate at 1 m/s²."",
  ""answer"": ""D""
}"
199,What did Arthur Eddington discover about two of Einstein's types of gravitational waves?,C,C,A,C,"{
  ""reasoning"": ""The background explicitly states that in 1922, Arthur Eddington showed that two of Einstein's types of gravitational waves were coordinate artifacts and could be made to propagate at any speed by choosing appropriate coordinates. This directly matches one of the provided options."",
  ""answer"": ""C""
}",,"{
  ""reasoning"": ""The background text explicitly states that in 1922, Arthur Eddington showed that two of Einstein's types of gravitational waves were coordinate artifacts and could be made to propagate at any speed by choosing appropriate coordinates, which he humorously referred to as propagating 'at the speed of thought.' This directly matches one of the provided options."",
  ""answer"": ""C""
}"
